<?xml version='1.0' encoding='UTF-8' standalone='no'?>
<section xmlns="http://docbook.org/ns/docbook" version="5.0" xmlns:xlink="http://www.w3.org/1999/xlink" xml:id="_a00857">
<title>Date</title>
<indexterm><primary>Date</primary></indexterm>
<para>

<para>Class that defines <link linkend="_a00857">Date</link>. </para>
 
</para>
<para>
<computeroutput>#include &quot;Date.h&quot;</computeroutput>
</para>
<simplesect>
    <title>Public Member Functions    </title>
<simplesect>
    <title>Private Attributes    </title>
</simplesect>
<section>
<title>Detailed Description</title>

<para>Class that defines <link linkend="_a00857">Date</link>. </para>
</section>
<section>
<title>Constructor &amp; Destructor Documentation</title>
<anchor xml:id="_a00857_1aff49fc2cda4491ff4457ca481bb8edf9"/>    <section>
    <title>Date()<computeroutput>[1/2]</computeroutput></title>
<indexterm><primary>Date</primary><secondary>Date</secondary></indexterm>
<indexterm><primary>Date</primary><secondary>Date</secondary></indexterm>
<para><computeroutput><link linkend="_a00857">Date</link> ( )</computeroutput></para><programlisting>00006 {
00007 &#32;&#32;&#32;&#32;&#32;&#32;this-&gt;<link linkend="_a00857_1a4c11afc03fc3ee49bab660def6558f2a">day</link>&#32;=&#32;1;
00008 &#32;&#32;&#32;&#32;&#32;&#32;this-&gt;<link linkend="_a00857_1aedb06abe5aff12fa3e7e0e71a374edfb">month</link>&#32;=&#32;1;
00009 &#32;&#32;&#32;&#32;&#32;&#32;this-&gt;<link linkend="_a00857_1abeac221e38b7b9ce7df8722c842bf671">year</link>&#32;=&#32;1;
00010 }
</programlisting><para>
References <link linkend="_l00008">day</link>, <link linkend="_l00009">month</link>, and <link linkend="_l00010">year</link>.</para>
    </section><anchor xml:id="_a00857_1ace7335139499d01ab035c577e2270943"/>    <section>
    <title>Date()<computeroutput>[2/2]</computeroutput></title>
<indexterm><primary>Date</primary><secondary>Date</secondary></indexterm>
<indexterm><primary>Date</primary><secondary>Date</secondary></indexterm>
<para><computeroutput><link linkend="_a00857">Date</link> (int day, int month, int year)</computeroutput></para><programlisting>00012 {
00013 &#32;&#32;&#32;&#32;&#32;&#32;this-&gt;<link linkend="_a00857_1a15951aa356a9773bf65d6f665af4c2af">set_year</link>(<link linkend="_a00857_1abeac221e38b7b9ce7df8722c842bf671">year</link>);
00014 &#32;&#32;&#32;&#32;&#32;&#32;this-&gt;<link linkend="_a00857_1abffcf5279bc1587da8d05f1bf10b3c3b">set_month</link>(<link linkend="_a00857_1aedb06abe5aff12fa3e7e0e71a374edfb">month</link>);
00015 &#32;&#32;&#32;&#32;&#32;&#32;this-&gt;<link linkend="_a00857_1a955ed7d3195e6ecea609d96b0c264116">set_day</link>(<link linkend="_a00857_1a4c11afc03fc3ee49bab660def6558f2a">day</link>);
00016 }
</programlisting><para>
References <link linkend="_l00225">set_day()</link>, <link linkend="_l00262">set_month()</link>, and <link linkend="_l00269">set_year()</link>.</para>
<para>
Referenced by <link linkend="_l00010">main()</link>.</para>
</section>
</section>
<section>
<title>Member Function Documentation</title>
<anchor xml:id="_a00857_1aec716c1565ef011d22b15d276337cc7c"/>    <section>
    <title>get_day()</title>
<indexterm><primary>get_day</primary><secondary>Date</secondary></indexterm>
<indexterm><primary>Date</primary><secondary>get_day</secondary></indexterm>
<para><computeroutput>int get_day ( ) const</computeroutput></para><programlisting>00213 {
00214 &#32;&#32;&#32;&#32;&#32;&#32;<emphasis role="keywordflow">return</emphasis>&#32;this-&gt;<link linkend="_a00857_1a4c11afc03fc3ee49bab660def6558f2a">day</link>;
00215 }
</programlisting><para>
References <link linkend="_l00008">day</link>.</para>
<para>
Referenced by <link linkend="_l00067">Hotel::daysBetweenTwoDates()</link>.</para>
    </section><anchor xml:id="_a00857_1a38348c8ae13daf6b8159d6c8bfa8af53"/>    <section>
    <title>get_month()</title>
<indexterm><primary>get_month</primary><secondary>Date</secondary></indexterm>
<indexterm><primary>Date</primary><secondary>get_month</secondary></indexterm>
<para><computeroutput>int get_month ( ) const</computeroutput></para><programlisting>00217 {
00218 &#32;&#32;&#32;&#32;&#32;&#32;<emphasis role="keywordflow">return</emphasis>&#32;this-&gt;<link linkend="_a00857_1aedb06abe5aff12fa3e7e0e71a374edfb">month</link>;
00219 }
</programlisting><para>
References <link linkend="_l00009">month</link>.</para>
<para>
Referenced by <link linkend="_l00055">Hotel::countLeapYears()</link>, and <link linkend="_l00067">Hotel::daysBetweenTwoDates()</link>.</para>
    </section><anchor xml:id="_a00857_1a455ecd1b695f6f576784f017eb4ebea5"/>    <section>
    <title>get_year()</title>
<indexterm><primary>get_year</primary><secondary>Date</secondary></indexterm>
<indexterm><primary>Date</primary><secondary>get_year</secondary></indexterm>
<para><computeroutput>int get_year ( ) const</computeroutput></para><programlisting>00221 {
00222 &#32;&#32;&#32;&#32;&#32;&#32;<emphasis role="keywordflow">return</emphasis>&#32;this-&gt;<link linkend="_a00857_1abeac221e38b7b9ce7df8722c842bf671">year</link>;
00223 }
</programlisting><para>
References <link linkend="_l00010">year</link>.</para>
<para>
Referenced by <link linkend="_l00055">Hotel::countLeapYears()</link>, and <link linkend="_l00067">Hotel::daysBetweenTwoDates()</link>.</para>
    </section><anchor xml:id="_a00857_1a50b8814b3bf4fed1bc4cfdb645fd8af4"/>    <section>
    <title>operator!=()</title>
<indexterm><primary>operator!=</primary><secondary>Date</secondary></indexterm>
<indexterm><primary>Date</primary><secondary>operator!=</secondary></indexterm>
<para><computeroutput>bool operator!= (const <link linkend="_a00857">Date</link>&amp; other)</computeroutput></para><programlisting>00048 {
00049 &#32;&#32;&#32;&#32;&#32;&#32;<emphasis role="keywordflow">return</emphasis>&#32;!(*<emphasis role="keyword">this</emphasis>&#32;==&#32;other);
00050 }
</programlisting><para>
References <link linkend="_l00027">operator==()</link>.</para>
    </section><anchor xml:id="_a00857_1aacbb6e807b1d954cb30fab58d0c2310d"/>    <section>
    <title>operator&lt;()</title>
<indexterm><primary>operator&lt;</primary><secondary>Date</secondary></indexterm>
<indexterm><primary>Date</primary><secondary>operator&lt;</secondary></indexterm>
<para><computeroutput>bool operator&lt; (const <link linkend="_a00857">Date</link>&amp; other)</computeroutput></para><programlisting>00052 {
00053 &#32;&#32;&#32;&#32;&#32;&#32;<emphasis role="keywordflow">if</emphasis>&#32;(<emphasis role="keyword">this</emphasis>&#32;!=&#32;&amp;other)
00054 &#32;&#32;&#32;&#32;&#32;&#32;{
00055 &#32;&#32;&#32;&#32;&#32;&#32;&#32;&#32;&#32;&#32;&#32;&#32;<emphasis role="keywordflow">if</emphasis>&#32;(this-&gt;<link linkend="_a00857_1abeac221e38b7b9ce7df8722c842bf671">year</link>&#32;&lt;&#32;other.<link linkend="_a00857_1abeac221e38b7b9ce7df8722c842bf671">year</link>)
00056 &#32;&#32;&#32;&#32;&#32;&#32;&#32;&#32;&#32;&#32;&#32;&#32;{
00057 &#32;&#32;&#32;&#32;&#32;&#32;&#32;&#32;&#32;&#32;&#32;&#32;&#32;&#32;&#32;&#32;&#32;&#32;<emphasis role="keywordflow">return</emphasis>&#32;<emphasis role="keyword">true</emphasis>;
00058 &#32;&#32;&#32;&#32;&#32;&#32;&#32;&#32;&#32;&#32;&#32;&#32;}
00059 &#32;&#32;&#32;&#32;&#32;&#32;&#32;&#32;&#32;&#32;&#32;&#32;<emphasis role="keywordflow">else</emphasis>
00060 &#32;&#32;&#32;&#32;&#32;&#32;&#32;&#32;&#32;&#32;&#32;&#32;{
00061 &#32;&#32;&#32;&#32;&#32;&#32;&#32;&#32;&#32;&#32;&#32;&#32;&#32;&#32;&#32;&#32;&#32;&#32;<emphasis role="keywordflow">if</emphasis>&#32;(this-&gt;<link linkend="_a00857_1aedb06abe5aff12fa3e7e0e71a374edfb">month</link>&#32;&lt;&#32;other.<link linkend="_a00857_1aedb06abe5aff12fa3e7e0e71a374edfb">month</link>)
00062 &#32;&#32;&#32;&#32;&#32;&#32;&#32;&#32;&#32;&#32;&#32;&#32;&#32;&#32;&#32;&#32;&#32;&#32;{
00063 &#32;&#32;&#32;&#32;&#32;&#32;&#32;&#32;&#32;&#32;&#32;&#32;&#32;&#32;&#32;&#32;&#32;&#32;&#32;&#32;&#32;&#32;&#32;&#32;<emphasis role="keywordflow">return</emphasis>&#32;<emphasis role="keyword">true</emphasis>;
00064 &#32;&#32;&#32;&#32;&#32;&#32;&#32;&#32;&#32;&#32;&#32;&#32;&#32;&#32;&#32;&#32;&#32;&#32;}
00065 &#32;&#32;&#32;&#32;&#32;&#32;&#32;&#32;&#32;&#32;&#32;&#32;&#32;&#32;&#32;&#32;&#32;&#32;<emphasis role="keywordflow">else</emphasis>
00066 &#32;&#32;&#32;&#32;&#32;&#32;&#32;&#32;&#32;&#32;&#32;&#32;&#32;&#32;&#32;&#32;&#32;&#32;{
00067 &#32;&#32;&#32;&#32;&#32;&#32;&#32;&#32;&#32;&#32;&#32;&#32;&#32;&#32;&#32;&#32;&#32;&#32;&#32;&#32;&#32;&#32;&#32;&#32;<emphasis role="keywordflow">if</emphasis>&#32;(this-&gt;<link linkend="_a00857_1a4c11afc03fc3ee49bab660def6558f2a">day</link>&#32;&lt;&#32;other.<link linkend="_a00857_1a4c11afc03fc3ee49bab660def6558f2a">day</link>)
00068 &#32;&#32;&#32;&#32;&#32;&#32;&#32;&#32;&#32;&#32;&#32;&#32;&#32;&#32;&#32;&#32;&#32;&#32;&#32;&#32;&#32;&#32;&#32;&#32;{
00069 &#32;&#32;&#32;&#32;&#32;&#32;&#32;&#32;&#32;&#32;&#32;&#32;&#32;&#32;&#32;&#32;&#32;&#32;&#32;&#32;&#32;&#32;&#32;&#32;&#32;&#32;&#32;&#32;&#32;&#32;<emphasis role="keywordflow">return</emphasis>&#32;<emphasis role="keyword">true</emphasis>;
00070 &#32;&#32;&#32;&#32;&#32;&#32;&#32;&#32;&#32;&#32;&#32;&#32;&#32;&#32;&#32;&#32;&#32;&#32;&#32;&#32;&#32;&#32;&#32;&#32;}
00071 &#32;&#32;&#32;&#32;&#32;&#32;&#32;&#32;&#32;&#32;&#32;&#32;&#32;&#32;&#32;&#32;&#32;&#32;&#32;&#32;&#32;&#32;&#32;&#32;<emphasis role="keywordflow">else</emphasis>
00072 &#32;&#32;&#32;&#32;&#32;&#32;&#32;&#32;&#32;&#32;&#32;&#32;&#32;&#32;&#32;&#32;&#32;&#32;&#32;&#32;&#32;&#32;&#32;&#32;{
00073 &#32;&#32;&#32;&#32;&#32;&#32;&#32;&#32;&#32;&#32;&#32;&#32;&#32;&#32;&#32;&#32;&#32;&#32;&#32;&#32;&#32;&#32;&#32;&#32;&#32;&#32;&#32;&#32;&#32;&#32;<emphasis role="keywordflow">return</emphasis>&#32;<emphasis role="keyword">false</emphasis>;
00074 &#32;&#32;&#32;&#32;&#32;&#32;&#32;&#32;&#32;&#32;&#32;&#32;&#32;&#32;&#32;&#32;&#32;&#32;&#32;&#32;&#32;&#32;&#32;&#32;}
00075 &#32;&#32;&#32;&#32;&#32;&#32;&#32;&#32;&#32;&#32;&#32;&#32;&#32;&#32;&#32;&#32;&#32;&#32;}
00076 &#32;&#32;&#32;&#32;&#32;&#32;&#32;&#32;&#32;&#32;&#32;&#32;}
00077 &#32;&#32;&#32;&#32;&#32;&#32;}
00078 &#32;&#32;&#32;&#32;&#32;&#32;<emphasis role="keywordflow">else</emphasis>
00079 &#32;&#32;&#32;&#32;&#32;&#32;{
00080 &#32;&#32;&#32;&#32;&#32;&#32;&#32;&#32;&#32;&#32;&#32;&#32;<emphasis role="keywordflow">return</emphasis>&#32;<emphasis role="keyword">false</emphasis>;
00081 &#32;&#32;&#32;&#32;&#32;&#32;}
00082 
00083 }
</programlisting><para>
References <link linkend="_l00008">day</link>, <link linkend="_l00009">month</link>, and <link linkend="_l00010">year</link>.</para>
<para>
Referenced by <link linkend="_l00034">Hotel::isFree()</link>.</para>
    </section><anchor xml:id="_a00857_1a6a71ae41efc53b2cc1753bb20d9f3536"/>    <section>
    <title>operator&lt;=()</title>
<indexterm><primary>operator&lt;=</primary><secondary>Date</secondary></indexterm>
<indexterm><primary>Date</primary><secondary>operator&lt;=</secondary></indexterm>
<para><computeroutput>bool operator&lt;= (const <link linkend="_a00857">Date</link>&amp; other)</computeroutput></para><programlisting>00117 {
00118 &#32;&#32;&#32;&#32;&#32;&#32;<emphasis role="keywordflow">if</emphasis>&#32;(<emphasis role="keyword">this</emphasis>&#32;!=&#32;&amp;other)
00119 &#32;&#32;&#32;&#32;&#32;&#32;{
00120 &#32;&#32;&#32;&#32;&#32;&#32;&#32;&#32;&#32;&#32;&#32;&#32;<emphasis role="keywordflow">if</emphasis>&#32;(this-&gt;<link linkend="_a00857_1abeac221e38b7b9ce7df8722c842bf671">year</link>&#32;&lt;&#32;other.<link linkend="_a00857_1abeac221e38b7b9ce7df8722c842bf671">year</link>)
00121 &#32;&#32;&#32;&#32;&#32;&#32;&#32;&#32;&#32;&#32;&#32;&#32;{
00122 &#32;&#32;&#32;&#32;&#32;&#32;&#32;&#32;&#32;&#32;&#32;&#32;&#32;&#32;&#32;&#32;&#32;&#32;<emphasis role="keywordflow">return</emphasis>&#32;<emphasis role="keyword">true</emphasis>;
00123 &#32;&#32;&#32;&#32;&#32;&#32;&#32;&#32;&#32;&#32;&#32;&#32;}
00124 &#32;&#32;&#32;&#32;&#32;&#32;&#32;&#32;&#32;&#32;&#32;&#32;<emphasis role="keywordflow">else</emphasis>&#32;<emphasis role="keywordflow">if</emphasis>&#32;(this-&gt;<link linkend="_a00857_1abeac221e38b7b9ce7df8722c842bf671">year</link>&#32;==&#32;other.<link linkend="_a00857_1abeac221e38b7b9ce7df8722c842bf671">year</link>)
00125 &#32;&#32;&#32;&#32;&#32;&#32;&#32;&#32;&#32;&#32;&#32;&#32;{
00126 &#32;&#32;&#32;&#32;&#32;&#32;&#32;&#32;&#32;&#32;&#32;&#32;&#32;&#32;&#32;&#32;&#32;&#32;<emphasis role="keywordflow">if</emphasis>&#32;(this-&gt;<link linkend="_a00857_1aedb06abe5aff12fa3e7e0e71a374edfb">month</link>&#32;==&#32;other.<link linkend="_a00857_1aedb06abe5aff12fa3e7e0e71a374edfb">month</link>)
00127 &#32;&#32;&#32;&#32;&#32;&#32;&#32;&#32;&#32;&#32;&#32;&#32;&#32;&#32;&#32;&#32;&#32;&#32;{
00128 &#32;&#32;&#32;&#32;&#32;&#32;&#32;&#32;&#32;&#32;&#32;&#32;&#32;&#32;&#32;&#32;&#32;&#32;&#32;&#32;&#32;&#32;&#32;&#32;<emphasis role="keywordflow">if</emphasis>&#32;(this-&gt;<link linkend="_a00857_1a4c11afc03fc3ee49bab660def6558f2a">day</link>&#32;&lt;=&#32;other.<link linkend="_a00857_1a4c11afc03fc3ee49bab660def6558f2a">day</link>)
00129 &#32;&#32;&#32;&#32;&#32;&#32;&#32;&#32;&#32;&#32;&#32;&#32;&#32;&#32;&#32;&#32;&#32;&#32;&#32;&#32;&#32;&#32;&#32;&#32;{
00130 &#32;&#32;&#32;&#32;&#32;&#32;&#32;&#32;&#32;&#32;&#32;&#32;&#32;&#32;&#32;&#32;&#32;&#32;&#32;&#32;&#32;&#32;&#32;&#32;&#32;&#32;&#32;&#32;&#32;&#32;<emphasis role="keywordflow">return</emphasis>&#32;<emphasis role="keyword">true</emphasis>;
00131 &#32;&#32;&#32;&#32;&#32;&#32;&#32;&#32;&#32;&#32;&#32;&#32;&#32;&#32;&#32;&#32;&#32;&#32;&#32;&#32;&#32;&#32;&#32;&#32;}
00132 &#32;&#32;&#32;&#32;&#32;&#32;&#32;&#32;&#32;&#32;&#32;&#32;&#32;&#32;&#32;&#32;&#32;&#32;&#32;&#32;&#32;&#32;&#32;&#32;<emphasis role="keywordflow">else</emphasis>
00133 &#32;&#32;&#32;&#32;&#32;&#32;&#32;&#32;&#32;&#32;&#32;&#32;&#32;&#32;&#32;&#32;&#32;&#32;&#32;&#32;&#32;&#32;&#32;&#32;{
00134 &#32;&#32;&#32;&#32;&#32;&#32;&#32;&#32;&#32;&#32;&#32;&#32;&#32;&#32;&#32;&#32;&#32;&#32;&#32;&#32;&#32;&#32;&#32;&#32;&#32;&#32;&#32;&#32;&#32;&#32;<emphasis role="keywordflow">return</emphasis>&#32;<emphasis role="keyword">false</emphasis>;
00135 &#32;&#32;&#32;&#32;&#32;&#32;&#32;&#32;&#32;&#32;&#32;&#32;&#32;&#32;&#32;&#32;&#32;&#32;&#32;&#32;&#32;&#32;&#32;&#32;}
00136 &#32;&#32;&#32;&#32;&#32;&#32;&#32;&#32;&#32;&#32;&#32;&#32;&#32;&#32;&#32;&#32;&#32;&#32;}
00137 &#32;&#32;&#32;&#32;&#32;&#32;&#32;&#32;&#32;&#32;&#32;&#32;&#32;&#32;&#32;&#32;&#32;&#32;<emphasis role="keywordflow">else</emphasis>&#32;<emphasis role="keywordflow">if</emphasis>&#32;(this-&gt;<link linkend="_a00857_1aedb06abe5aff12fa3e7e0e71a374edfb">month</link>&#32;&lt;&#32;other.<link linkend="_a00857_1aedb06abe5aff12fa3e7e0e71a374edfb">month</link>)
00138 &#32;&#32;&#32;&#32;&#32;&#32;&#32;&#32;&#32;&#32;&#32;&#32;&#32;&#32;&#32;&#32;&#32;&#32;{
00139 &#32;&#32;&#32;&#32;&#32;&#32;&#32;&#32;&#32;&#32;&#32;&#32;&#32;&#32;&#32;&#32;&#32;&#32;&#32;&#32;&#32;&#32;&#32;&#32;<emphasis role="keywordflow">if</emphasis>&#32;(this-&gt;<link linkend="_a00857_1a4c11afc03fc3ee49bab660def6558f2a">day</link>&#32;&lt;=&#32;other.<link linkend="_a00857_1a4c11afc03fc3ee49bab660def6558f2a">day</link>)
00140 &#32;&#32;&#32;&#32;&#32;&#32;&#32;&#32;&#32;&#32;&#32;&#32;&#32;&#32;&#32;&#32;&#32;&#32;&#32;&#32;&#32;&#32;&#32;&#32;{
00141 &#32;&#32;&#32;&#32;&#32;&#32;&#32;&#32;&#32;&#32;&#32;&#32;&#32;&#32;&#32;&#32;&#32;&#32;&#32;&#32;&#32;&#32;&#32;&#32;&#32;&#32;&#32;&#32;&#32;&#32;<emphasis role="keywordflow">return</emphasis>&#32;<emphasis role="keyword">true</emphasis>;
00142 &#32;&#32;&#32;&#32;&#32;&#32;&#32;&#32;&#32;&#32;&#32;&#32;&#32;&#32;&#32;&#32;&#32;&#32;&#32;&#32;&#32;&#32;&#32;&#32;}
00143 &#32;&#32;&#32;&#32;&#32;&#32;&#32;&#32;&#32;&#32;&#32;&#32;&#32;&#32;&#32;&#32;&#32;&#32;&#32;&#32;&#32;&#32;&#32;&#32;<emphasis role="keywordflow">else</emphasis>
00144 &#32;&#32;&#32;&#32;&#32;&#32;&#32;&#32;&#32;&#32;&#32;&#32;&#32;&#32;&#32;&#32;&#32;&#32;&#32;&#32;&#32;&#32;&#32;&#32;{
00145 &#32;&#32;&#32;&#32;&#32;&#32;&#32;&#32;&#32;&#32;&#32;&#32;&#32;&#32;&#32;&#32;&#32;&#32;&#32;&#32;&#32;&#32;&#32;&#32;&#32;&#32;&#32;&#32;&#32;&#32;<emphasis role="keywordflow">return</emphasis>&#32;<emphasis role="keyword">false</emphasis>;
00146 &#32;&#32;&#32;&#32;&#32;&#32;&#32;&#32;&#32;&#32;&#32;&#32;&#32;&#32;&#32;&#32;&#32;&#32;&#32;&#32;&#32;&#32;&#32;&#32;}
00147 &#32;&#32;&#32;&#32;&#32;&#32;&#32;&#32;&#32;&#32;&#32;&#32;&#32;&#32;&#32;&#32;&#32;&#32;}
00148 &#32;&#32;&#32;&#32;&#32;&#32;&#32;&#32;&#32;&#32;&#32;&#32;&#32;&#32;&#32;&#32;&#32;&#32;<emphasis role="keywordflow">else</emphasis>
00149 &#32;&#32;&#32;&#32;&#32;&#32;&#32;&#32;&#32;&#32;&#32;&#32;&#32;&#32;&#32;&#32;&#32;&#32;{
00150 &#32;&#32;&#32;&#32;&#32;&#32;&#32;&#32;&#32;&#32;&#32;&#32;&#32;&#32;&#32;&#32;&#32;&#32;&#32;&#32;&#32;&#32;&#32;&#32;<emphasis role="keywordflow">return</emphasis>&#32;<emphasis role="keyword">false</emphasis>;
00151 &#32;&#32;&#32;&#32;&#32;&#32;&#32;&#32;&#32;&#32;&#32;&#32;&#32;&#32;&#32;&#32;&#32;&#32;}
00152 &#32;&#32;&#32;&#32;&#32;&#32;&#32;&#32;&#32;&#32;&#32;&#32;}
00153 &#32;&#32;&#32;&#32;&#32;&#32;&#32;&#32;&#32;&#32;&#32;&#32;<emphasis role="keywordflow">else</emphasis>
00154 &#32;&#32;&#32;&#32;&#32;&#32;&#32;&#32;&#32;&#32;&#32;&#32;{
00155 &#32;&#32;&#32;&#32;&#32;&#32;&#32;&#32;&#32;&#32;&#32;&#32;&#32;&#32;&#32;&#32;&#32;&#32;<emphasis role="keywordflow">return</emphasis>&#32;<emphasis role="keyword">false</emphasis>;
00156 &#32;&#32;&#32;&#32;&#32;&#32;&#32;&#32;&#32;&#32;&#32;&#32;}
00157 &#32;&#32;&#32;&#32;&#32;&#32;}
00158 &#32;&#32;&#32;&#32;&#32;&#32;<emphasis role="keywordflow">else</emphasis>
00159 &#32;&#32;&#32;&#32;&#32;&#32;{
00160 &#32;&#32;&#32;&#32;&#32;&#32;&#32;&#32;&#32;&#32;&#32;&#32;<emphasis role="keywordflow">return</emphasis>&#32;<emphasis role="keyword">true</emphasis>;
00161 &#32;&#32;&#32;&#32;&#32;&#32;}
00162 }
</programlisting><para>
References <link linkend="_l00008">day</link>, <link linkend="_l00009">month</link>, and <link linkend="_l00010">year</link>.</para>
<para>
Referenced by <link linkend="_l00034">Hotel::isFree()</link>.</para>
    </section><anchor xml:id="_a00857_1af83d539a2212459b1fda537bbe94b0c2"/>    <section>
    <title>operator=()</title>
<indexterm><primary>operator=</primary><secondary>Date</secondary></indexterm>
<indexterm><primary>Date</primary><secondary>operator=</secondary></indexterm>
<para><computeroutput><link linkend="_a00857">Date</link>&amp; operator= (const <link linkend="_a00857">Date</link>&amp; other)</computeroutput></para><programlisting>00018 {
00019 &#32;&#32;&#32;&#32;&#32;&#32;<emphasis role="keywordflow">if</emphasis>&#32;(<emphasis role="keyword">this</emphasis>&#32;!=&#32;&amp;other)
00020 &#32;&#32;&#32;&#32;&#32;&#32;{
00021 &#32;&#32;&#32;&#32;&#32;&#32;&#32;&#32;&#32;&#32;&#32;&#32;this-&gt;<link linkend="_a00857_1a4c11afc03fc3ee49bab660def6558f2a">day</link>&#32;=&#32;other.<link linkend="_a00857_1a4c11afc03fc3ee49bab660def6558f2a">day</link>;
00022 &#32;&#32;&#32;&#32;&#32;&#32;&#32;&#32;&#32;&#32;&#32;&#32;this-&gt;<link linkend="_a00857_1aedb06abe5aff12fa3e7e0e71a374edfb">month</link>&#32;=&#32;other.<link linkend="_a00857_1aedb06abe5aff12fa3e7e0e71a374edfb">month</link>;
00023 &#32;&#32;&#32;&#32;&#32;&#32;&#32;&#32;&#32;&#32;&#32;&#32;this-&gt;<link linkend="_a00857_1abeac221e38b7b9ce7df8722c842bf671">year</link>&#32;=&#32;other.<link linkend="_a00857_1abeac221e38b7b9ce7df8722c842bf671">year</link>;
00024 &#32;&#32;&#32;&#32;&#32;&#32;}
00025 &#32;&#32;&#32;&#32;&#32;&#32;<emphasis role="keywordflow">return</emphasis>&#32;*<emphasis role="keyword">this</emphasis>;
00026 }
</programlisting><para>
References <link linkend="_l00008">day</link>, <link linkend="_l00009">month</link>, and <link linkend="_l00010">year</link>.</para>
<para>
Referenced by <link linkend="_l00013">Room::Room()</link>, <link linkend="_l00060">Room::set_endDate()</link>, and <link linkend="_l00056">Room::set_startDate()</link>.</para>
    </section><anchor xml:id="_a00857_1a8bc87c1fa5486bfa6829c3b0a4dbd30d"/>    <section>
    <title>operator==()</title>
<indexterm><primary>operator==</primary><secondary>Date</secondary></indexterm>
<indexterm><primary>Date</primary><secondary>operator==</secondary></indexterm>
<para><computeroutput>bool operator== (const <link linkend="_a00857">Date</link>&amp; other)</computeroutput></para><programlisting>00028 {
00029 &#32;&#32;&#32;&#32;&#32;&#32;<emphasis role="keywordflow">if</emphasis>&#32;(<emphasis role="keyword">this</emphasis>&#32;!=&#32;&amp;other)
00030 &#32;&#32;&#32;&#32;&#32;&#32;{
00031 &#32;&#32;&#32;&#32;&#32;&#32;&#32;&#32;&#32;&#32;&#32;&#32;<emphasis role="keywordflow">if</emphasis>&#32;(this-&gt;<link linkend="_a00857_1a4c11afc03fc3ee49bab660def6558f2a">day</link>&#32;==&#32;other.<link linkend="_a00857_1a4c11afc03fc3ee49bab660def6558f2a">day</link>
00032 &#32;&#32;&#32;&#32;&#32;&#32;&#32;&#32;&#32;&#32;&#32;&#32;&#32;&#32;&#32;&#32;&#32;&#32;&amp;&amp;&#32;this-&gt;month&#32;==&#32;other.<link linkend="_a00857_1aedb06abe5aff12fa3e7e0e71a374edfb">month</link>
00033 &#32;&#32;&#32;&#32;&#32;&#32;&#32;&#32;&#32;&#32;&#32;&#32;&#32;&#32;&#32;&#32;&#32;&#32;&amp;&amp;&#32;this-&gt;year&#32;==&#32;other.<link linkend="_a00857_1abeac221e38b7b9ce7df8722c842bf671">year</link>)
00034 &#32;&#32;&#32;&#32;&#32;&#32;&#32;&#32;&#32;&#32;&#32;&#32;{
00035 &#32;&#32;&#32;&#32;&#32;&#32;&#32;&#32;&#32;&#32;&#32;&#32;&#32;&#32;&#32;&#32;&#32;&#32;<emphasis role="keywordflow">return</emphasis>&#32;<emphasis role="keyword">true</emphasis>;
00036 &#32;&#32;&#32;&#32;&#32;&#32;&#32;&#32;&#32;&#32;&#32;&#32;}
00037 &#32;&#32;&#32;&#32;&#32;&#32;&#32;&#32;&#32;&#32;&#32;&#32;<emphasis role="keywordflow">else</emphasis>
00038 &#32;&#32;&#32;&#32;&#32;&#32;&#32;&#32;&#32;&#32;&#32;&#32;{
00039 &#32;&#32;&#32;&#32;&#32;&#32;&#32;&#32;&#32;&#32;&#32;&#32;&#32;&#32;&#32;&#32;&#32;&#32;<emphasis role="keywordflow">return</emphasis>&#32;<emphasis role="keyword">false</emphasis>;
00040 &#32;&#32;&#32;&#32;&#32;&#32;&#32;&#32;&#32;&#32;&#32;&#32;}
00041 &#32;&#32;&#32;&#32;&#32;&#32;}
00042 &#32;&#32;&#32;&#32;&#32;&#32;<emphasis role="keywordflow">else</emphasis>
00043 &#32;&#32;&#32;&#32;&#32;&#32;{
00044 &#32;&#32;&#32;&#32;&#32;&#32;&#32;&#32;&#32;&#32;&#32;&#32;<emphasis role="keywordflow">return</emphasis>&#32;<emphasis role="keyword">true</emphasis>;
00045 &#32;&#32;&#32;&#32;&#32;&#32;}
00046 }
</programlisting><para>
References <link linkend="_l00008">day</link>, <link linkend="_l00009">month</link>, and <link linkend="_l00010">year</link>.</para>
<para>
Referenced by <link linkend="_l00047">operator!=()</link>.</para>
    </section><anchor xml:id="_a00857_1ae9fed8a038cf8540490f39121ee71058"/>    <section>
    <title>operator&gt;()</title>
<indexterm><primary>operator&gt;</primary><secondary>Date</secondary></indexterm>
<indexterm><primary>Date</primary><secondary>operator&gt;</secondary></indexterm>
<para><computeroutput>bool operator&gt; (const <link linkend="_a00857">Date</link>&amp; other)</computeroutput></para><programlisting>00085 {
00086 &#32;&#32;&#32;&#32;&#32;&#32;<emphasis role="keywordflow">if</emphasis>&#32;(<emphasis role="keyword">this</emphasis>&#32;!=&#32;&amp;other)
00087 &#32;&#32;&#32;&#32;&#32;&#32;{
00088 &#32;&#32;&#32;&#32;&#32;&#32;&#32;&#32;&#32;&#32;&#32;&#32;<emphasis role="keywordflow">if</emphasis>&#32;(this-&gt;<link linkend="_a00857_1abeac221e38b7b9ce7df8722c842bf671">year</link>&#32;&gt;&#32;other.<link linkend="_a00857_1abeac221e38b7b9ce7df8722c842bf671">year</link>)
00089 &#32;&#32;&#32;&#32;&#32;&#32;&#32;&#32;&#32;&#32;&#32;&#32;{
00090 &#32;&#32;&#32;&#32;&#32;&#32;&#32;&#32;&#32;&#32;&#32;&#32;&#32;&#32;&#32;&#32;&#32;&#32;<emphasis role="keywordflow">return</emphasis>&#32;<emphasis role="keyword">true</emphasis>;
00091 &#32;&#32;&#32;&#32;&#32;&#32;&#32;&#32;&#32;&#32;&#32;&#32;}
00092 &#32;&#32;&#32;&#32;&#32;&#32;&#32;&#32;&#32;&#32;&#32;&#32;<emphasis role="keywordflow">else</emphasis>
00093 &#32;&#32;&#32;&#32;&#32;&#32;&#32;&#32;&#32;&#32;&#32;&#32;{
00094 &#32;&#32;&#32;&#32;&#32;&#32;&#32;&#32;&#32;&#32;&#32;&#32;&#32;&#32;&#32;&#32;&#32;&#32;<emphasis role="keywordflow">if</emphasis>&#32;(this-&gt;<link linkend="_a00857_1aedb06abe5aff12fa3e7e0e71a374edfb">month</link>&#32;&gt;&#32;other.<link linkend="_a00857_1aedb06abe5aff12fa3e7e0e71a374edfb">month</link>)
00095 &#32;&#32;&#32;&#32;&#32;&#32;&#32;&#32;&#32;&#32;&#32;&#32;&#32;&#32;&#32;&#32;&#32;&#32;{
00096 &#32;&#32;&#32;&#32;&#32;&#32;&#32;&#32;&#32;&#32;&#32;&#32;&#32;&#32;&#32;&#32;&#32;&#32;&#32;&#32;&#32;&#32;&#32;&#32;<emphasis role="keywordflow">return</emphasis>&#32;<emphasis role="keyword">true</emphasis>;
00097 &#32;&#32;&#32;&#32;&#32;&#32;&#32;&#32;&#32;&#32;&#32;&#32;&#32;&#32;&#32;&#32;&#32;&#32;}
00098 &#32;&#32;&#32;&#32;&#32;&#32;&#32;&#32;&#32;&#32;&#32;&#32;&#32;&#32;&#32;&#32;&#32;&#32;<emphasis role="keywordflow">else</emphasis>
00099 &#32;&#32;&#32;&#32;&#32;&#32;&#32;&#32;&#32;&#32;&#32;&#32;&#32;&#32;&#32;&#32;&#32;&#32;{
00100 &#32;&#32;&#32;&#32;&#32;&#32;&#32;&#32;&#32;&#32;&#32;&#32;&#32;&#32;&#32;&#32;&#32;&#32;&#32;&#32;&#32;&#32;&#32;&#32;<emphasis role="keywordflow">if</emphasis>&#32;(this-&gt;<link linkend="_a00857_1a4c11afc03fc3ee49bab660def6558f2a">day</link>&#32;&gt;&#32;other.<link linkend="_a00857_1a4c11afc03fc3ee49bab660def6558f2a">day</link>)
00101 &#32;&#32;&#32;&#32;&#32;&#32;&#32;&#32;&#32;&#32;&#32;&#32;&#32;&#32;&#32;&#32;&#32;&#32;&#32;&#32;&#32;&#32;&#32;&#32;{
00102 &#32;&#32;&#32;&#32;&#32;&#32;&#32;&#32;&#32;&#32;&#32;&#32;&#32;&#32;&#32;&#32;&#32;&#32;&#32;&#32;&#32;&#32;&#32;&#32;&#32;&#32;&#32;&#32;&#32;&#32;<emphasis role="keywordflow">return</emphasis>&#32;<emphasis role="keyword">true</emphasis>;
00103 &#32;&#32;&#32;&#32;&#32;&#32;&#32;&#32;&#32;&#32;&#32;&#32;&#32;&#32;&#32;&#32;&#32;&#32;&#32;&#32;&#32;&#32;&#32;&#32;}
00104 &#32;&#32;&#32;&#32;&#32;&#32;&#32;&#32;&#32;&#32;&#32;&#32;&#32;&#32;&#32;&#32;&#32;&#32;&#32;&#32;&#32;&#32;&#32;&#32;<emphasis role="keywordflow">else</emphasis>
00105 &#32;&#32;&#32;&#32;&#32;&#32;&#32;&#32;&#32;&#32;&#32;&#32;&#32;&#32;&#32;&#32;&#32;&#32;&#32;&#32;&#32;&#32;&#32;&#32;{
00106 &#32;&#32;&#32;&#32;&#32;&#32;&#32;&#32;&#32;&#32;&#32;&#32;&#32;&#32;&#32;&#32;&#32;&#32;&#32;&#32;&#32;&#32;&#32;&#32;&#32;&#32;&#32;&#32;&#32;&#32;<emphasis role="keywordflow">return</emphasis>&#32;<emphasis role="keyword">false</emphasis>;
00107 &#32;&#32;&#32;&#32;&#32;&#32;&#32;&#32;&#32;&#32;&#32;&#32;&#32;&#32;&#32;&#32;&#32;&#32;&#32;&#32;&#32;&#32;&#32;&#32;}
00108 &#32;&#32;&#32;&#32;&#32;&#32;&#32;&#32;&#32;&#32;&#32;&#32;&#32;&#32;&#32;&#32;&#32;&#32;}
00109 &#32;&#32;&#32;&#32;&#32;&#32;&#32;&#32;&#32;&#32;&#32;&#32;}
00110 &#32;&#32;&#32;&#32;&#32;&#32;}
00111 &#32;&#32;&#32;&#32;&#32;&#32;<emphasis role="keywordflow">else</emphasis>
00112 &#32;&#32;&#32;&#32;&#32;&#32;{
00113 &#32;&#32;&#32;&#32;&#32;&#32;&#32;&#32;&#32;&#32;&#32;&#32;<emphasis role="keywordflow">return</emphasis>&#32;<emphasis role="keyword">false</emphasis>;
00114 &#32;&#32;&#32;&#32;&#32;&#32;}
00115 }
</programlisting><para>
References <link linkend="_l00008">day</link>, <link linkend="_l00009">month</link>, and <link linkend="_l00010">year</link>.</para>
<para>
Referenced by <link linkend="_l00034">Hotel::isFree()</link>.</para>
    </section><anchor xml:id="_a00857_1ab03f9972f95f3322dcf9f1585193cf35"/>    <section>
    <title>operator&gt;=()</title>
<indexterm><primary>operator&gt;=</primary><secondary>Date</secondary></indexterm>
<indexterm><primary>Date</primary><secondary>operator&gt;=</secondary></indexterm>
<para><computeroutput>bool operator&gt;= (const <link linkend="_a00857">Date</link>&amp; other)</computeroutput></para><programlisting>00164 {
00165 &#32;&#32;&#32;&#32;&#32;&#32;<emphasis role="keywordflow">if</emphasis>&#32;(<emphasis role="keyword">this</emphasis>&#32;!=&#32;&amp;other)
00166 &#32;&#32;&#32;&#32;&#32;&#32;{
00167 &#32;&#32;&#32;&#32;&#32;&#32;&#32;&#32;&#32;&#32;&#32;&#32;<emphasis role="keywordflow">if</emphasis>&#32;(this-&gt;<link linkend="_a00857_1abeac221e38b7b9ce7df8722c842bf671">year</link>&#32;&gt;&#32;other.<link linkend="_a00857_1abeac221e38b7b9ce7df8722c842bf671">year</link>)
00168 &#32;&#32;&#32;&#32;&#32;&#32;&#32;&#32;&#32;&#32;&#32;&#32;{
00169 &#32;&#32;&#32;&#32;&#32;&#32;&#32;&#32;&#32;&#32;&#32;&#32;&#32;&#32;&#32;&#32;&#32;&#32;<emphasis role="keywordflow">return</emphasis>&#32;<emphasis role="keyword">true</emphasis>;
00170 &#32;&#32;&#32;&#32;&#32;&#32;&#32;&#32;&#32;&#32;&#32;&#32;}
00171 &#32;&#32;&#32;&#32;&#32;&#32;&#32;&#32;&#32;&#32;&#32;&#32;<emphasis role="keywordflow">else</emphasis>&#32;<emphasis role="keywordflow">if</emphasis>&#32;(this-&gt;<link linkend="_a00857_1abeac221e38b7b9ce7df8722c842bf671">year</link>&#32;==&#32;other.<link linkend="_a00857_1abeac221e38b7b9ce7df8722c842bf671">year</link>)
00172 &#32;&#32;&#32;&#32;&#32;&#32;&#32;&#32;&#32;&#32;&#32;&#32;{
00173 &#32;&#32;&#32;&#32;&#32;&#32;&#32;&#32;&#32;&#32;&#32;&#32;&#32;&#32;&#32;&#32;&#32;&#32;<emphasis role="keywordflow">if</emphasis>&#32;(this-&gt;<link linkend="_a00857_1aedb06abe5aff12fa3e7e0e71a374edfb">month</link>&#32;==&#32;other.<link linkend="_a00857_1aedb06abe5aff12fa3e7e0e71a374edfb">month</link>)
00174 &#32;&#32;&#32;&#32;&#32;&#32;&#32;&#32;&#32;&#32;&#32;&#32;&#32;&#32;&#32;&#32;&#32;&#32;{
00175 &#32;&#32;&#32;&#32;&#32;&#32;&#32;&#32;&#32;&#32;&#32;&#32;&#32;&#32;&#32;&#32;&#32;&#32;&#32;&#32;&#32;&#32;&#32;&#32;<emphasis role="keywordflow">if</emphasis>&#32;(this-&gt;<link linkend="_a00857_1a4c11afc03fc3ee49bab660def6558f2a">day</link>&#32;&gt;=&#32;other.<link linkend="_a00857_1a4c11afc03fc3ee49bab660def6558f2a">day</link>)
00176 &#32;&#32;&#32;&#32;&#32;&#32;&#32;&#32;&#32;&#32;&#32;&#32;&#32;&#32;&#32;&#32;&#32;&#32;&#32;&#32;&#32;&#32;&#32;&#32;{
00177 &#32;&#32;&#32;&#32;&#32;&#32;&#32;&#32;&#32;&#32;&#32;&#32;&#32;&#32;&#32;&#32;&#32;&#32;&#32;&#32;&#32;&#32;&#32;&#32;&#32;&#32;&#32;&#32;&#32;&#32;<emphasis role="keywordflow">return</emphasis>&#32;<emphasis role="keyword">true</emphasis>;
00178 &#32;&#32;&#32;&#32;&#32;&#32;&#32;&#32;&#32;&#32;&#32;&#32;&#32;&#32;&#32;&#32;&#32;&#32;&#32;&#32;&#32;&#32;&#32;&#32;}
00179 &#32;&#32;&#32;&#32;&#32;&#32;&#32;&#32;&#32;&#32;&#32;&#32;&#32;&#32;&#32;&#32;&#32;&#32;&#32;&#32;&#32;&#32;&#32;&#32;<emphasis role="keywordflow">else</emphasis>
00180 &#32;&#32;&#32;&#32;&#32;&#32;&#32;&#32;&#32;&#32;&#32;&#32;&#32;&#32;&#32;&#32;&#32;&#32;&#32;&#32;&#32;&#32;&#32;&#32;{
00181 &#32;&#32;&#32;&#32;&#32;&#32;&#32;&#32;&#32;&#32;&#32;&#32;&#32;&#32;&#32;&#32;&#32;&#32;&#32;&#32;&#32;&#32;&#32;&#32;&#32;&#32;&#32;&#32;&#32;&#32;<emphasis role="keywordflow">return</emphasis>&#32;<emphasis role="keyword">false</emphasis>;
00182 &#32;&#32;&#32;&#32;&#32;&#32;&#32;&#32;&#32;&#32;&#32;&#32;&#32;&#32;&#32;&#32;&#32;&#32;&#32;&#32;&#32;&#32;&#32;&#32;}
00183 &#32;&#32;&#32;&#32;&#32;&#32;&#32;&#32;&#32;&#32;&#32;&#32;&#32;&#32;&#32;&#32;&#32;&#32;}
00184 &#32;&#32;&#32;&#32;&#32;&#32;&#32;&#32;&#32;&#32;&#32;&#32;&#32;&#32;&#32;&#32;&#32;&#32;<emphasis role="keywordflow">else</emphasis>&#32;<emphasis role="keywordflow">if</emphasis>&#32;(this-&gt;<link linkend="_a00857_1aedb06abe5aff12fa3e7e0e71a374edfb">month</link>&#32;&gt;&#32;other.<link linkend="_a00857_1aedb06abe5aff12fa3e7e0e71a374edfb">month</link>)
00185 &#32;&#32;&#32;&#32;&#32;&#32;&#32;&#32;&#32;&#32;&#32;&#32;&#32;&#32;&#32;&#32;&#32;&#32;{
00186 &#32;&#32;&#32;&#32;&#32;&#32;&#32;&#32;&#32;&#32;&#32;&#32;&#32;&#32;&#32;&#32;&#32;&#32;&#32;&#32;&#32;&#32;&#32;&#32;<emphasis role="keywordflow">if</emphasis>&#32;(this-&gt;<link linkend="_a00857_1a4c11afc03fc3ee49bab660def6558f2a">day</link>&#32;&gt;=&#32;other.<link linkend="_a00857_1a4c11afc03fc3ee49bab660def6558f2a">day</link>)
00187 &#32;&#32;&#32;&#32;&#32;&#32;&#32;&#32;&#32;&#32;&#32;&#32;&#32;&#32;&#32;&#32;&#32;&#32;&#32;&#32;&#32;&#32;&#32;&#32;{
00188 &#32;&#32;&#32;&#32;&#32;&#32;&#32;&#32;&#32;&#32;&#32;&#32;&#32;&#32;&#32;&#32;&#32;&#32;&#32;&#32;&#32;&#32;&#32;&#32;&#32;&#32;&#32;&#32;&#32;&#32;<emphasis role="keywordflow">return</emphasis>&#32;<emphasis role="keyword">true</emphasis>;
00189 &#32;&#32;&#32;&#32;&#32;&#32;&#32;&#32;&#32;&#32;&#32;&#32;&#32;&#32;&#32;&#32;&#32;&#32;&#32;&#32;&#32;&#32;&#32;&#32;}
00190 &#32;&#32;&#32;&#32;&#32;&#32;&#32;&#32;&#32;&#32;&#32;&#32;&#32;&#32;&#32;&#32;&#32;&#32;&#32;&#32;&#32;&#32;&#32;&#32;<emphasis role="keywordflow">else</emphasis>
00191 &#32;&#32;&#32;&#32;&#32;&#32;&#32;&#32;&#32;&#32;&#32;&#32;&#32;&#32;&#32;&#32;&#32;&#32;&#32;&#32;&#32;&#32;&#32;&#32;{
00192 &#32;&#32;&#32;&#32;&#32;&#32;&#32;&#32;&#32;&#32;&#32;&#32;&#32;&#32;&#32;&#32;&#32;&#32;&#32;&#32;&#32;&#32;&#32;&#32;&#32;&#32;&#32;&#32;&#32;&#32;<emphasis role="keywordflow">return</emphasis>&#32;<emphasis role="keyword">false</emphasis>;
00193 &#32;&#32;&#32;&#32;&#32;&#32;&#32;&#32;&#32;&#32;&#32;&#32;&#32;&#32;&#32;&#32;&#32;&#32;&#32;&#32;&#32;&#32;&#32;&#32;}
00194 &#32;&#32;&#32;&#32;&#32;&#32;&#32;&#32;&#32;&#32;&#32;&#32;&#32;&#32;&#32;&#32;&#32;&#32;}
00195 &#32;&#32;&#32;&#32;&#32;&#32;&#32;&#32;&#32;&#32;&#32;&#32;&#32;&#32;&#32;&#32;&#32;&#32;<emphasis role="keywordflow">else</emphasis>
00196 &#32;&#32;&#32;&#32;&#32;&#32;&#32;&#32;&#32;&#32;&#32;&#32;&#32;&#32;&#32;&#32;&#32;&#32;{
00197 &#32;&#32;&#32;&#32;&#32;&#32;&#32;&#32;&#32;&#32;&#32;&#32;&#32;&#32;&#32;&#32;&#32;&#32;&#32;&#32;&#32;&#32;&#32;&#32;<emphasis role="keywordflow">return</emphasis>&#32;<emphasis role="keyword">false</emphasis>;
00198 &#32;&#32;&#32;&#32;&#32;&#32;&#32;&#32;&#32;&#32;&#32;&#32;&#32;&#32;&#32;&#32;&#32;&#32;}
00199 &#32;&#32;&#32;&#32;&#32;&#32;&#32;&#32;&#32;&#32;&#32;&#32;}
00200 &#32;&#32;&#32;&#32;&#32;&#32;&#32;&#32;&#32;&#32;&#32;&#32;<emphasis role="keywordflow">else</emphasis>
00201 &#32;&#32;&#32;&#32;&#32;&#32;&#32;&#32;&#32;&#32;&#32;&#32;{
00202 &#32;&#32;&#32;&#32;&#32;&#32;&#32;&#32;&#32;&#32;&#32;&#32;&#32;&#32;&#32;&#32;&#32;&#32;<emphasis role="keywordflow">return</emphasis>&#32;<emphasis role="keyword">false</emphasis>;
00203 &#32;&#32;&#32;&#32;&#32;&#32;&#32;&#32;&#32;&#32;&#32;&#32;}
00204 &#32;&#32;&#32;&#32;&#32;&#32;}
00205 &#32;&#32;&#32;&#32;&#32;&#32;<emphasis role="keywordflow">else</emphasis>
00206 &#32;&#32;&#32;&#32;&#32;&#32;{
00207 &#32;&#32;&#32;&#32;&#32;&#32;&#32;&#32;&#32;&#32;&#32;&#32;<emphasis role="keywordflow">return</emphasis>&#32;<emphasis role="keyword">true</emphasis>;
00208 &#32;&#32;&#32;&#32;&#32;&#32;}
00209 }
</programlisting><para>
References <link linkend="_l00008">day</link>, <link linkend="_l00009">month</link>, and <link linkend="_l00010">year</link>.</para>
<para>
Referenced by <link linkend="_l00034">Hotel::isFree()</link>.</para>
    </section><anchor xml:id="_a00857_1a955ed7d3195e6ecea609d96b0c264116"/>    <section>
    <title>set_day()</title>
<indexterm><primary>set_day</primary><secondary>Date</secondary></indexterm>
<indexterm><primary>Date</primary><secondary>set_day</secondary></indexterm>
<para><computeroutput>void set_day (int day)</computeroutput></para><programlisting>00226 {
00227 &#32;&#32;&#32;&#32;&#32;&#32;<emphasis role="keywordflow">if</emphasis>&#32;(this-&gt;<link linkend="_a00857_1aedb06abe5aff12fa3e7e0e71a374edfb">month</link>&#32;==&#32;2)
00228 &#32;&#32;&#32;&#32;&#32;&#32;{
00229 &#32;&#32;&#32;&#32;&#32;&#32;&#32;&#32;&#32;&#32;&#32;&#32;<emphasis role="keywordflow">if</emphasis>&#32;(this-&gt;<link linkend="_a00857_1abeac221e38b7b9ce7df8722c842bf671">year</link>&#32;%&#32;4&#32;==&#32;0)
00230 &#32;&#32;&#32;&#32;&#32;&#32;&#32;&#32;&#32;&#32;&#32;&#32;{
00231 &#32;&#32;&#32;&#32;&#32;&#32;&#32;&#32;&#32;&#32;&#32;&#32;&#32;&#32;&#32;&#32;&#32;&#32;<emphasis role="keywordflow">if</emphasis>&#32;(<link linkend="_a00857_1a4c11afc03fc3ee49bab660def6558f2a">day</link>&#32;&gt;=&#32;1&#32;&amp;&amp;&#32;<link linkend="_a00857_1a4c11afc03fc3ee49bab660def6558f2a">day</link>&#32;&lt;=&#32;29)
00232 &#32;&#32;&#32;&#32;&#32;&#32;&#32;&#32;&#32;&#32;&#32;&#32;&#32;&#32;&#32;&#32;&#32;&#32;{
00233 &#32;&#32;&#32;&#32;&#32;&#32;&#32;&#32;&#32;&#32;&#32;&#32;&#32;&#32;&#32;&#32;&#32;&#32;&#32;&#32;&#32;&#32;&#32;&#32;this-&gt;<link linkend="_a00857_1a4c11afc03fc3ee49bab660def6558f2a">day</link>&#32;=&#32;<link linkend="_a00857_1a4c11afc03fc3ee49bab660def6558f2a">day</link>;
00234 &#32;&#32;&#32;&#32;&#32;&#32;&#32;&#32;&#32;&#32;&#32;&#32;&#32;&#32;&#32;&#32;&#32;&#32;}
00235 &#32;&#32;&#32;&#32;&#32;&#32;&#32;&#32;&#32;&#32;&#32;&#32;}
00236 &#32;&#32;&#32;&#32;&#32;&#32;&#32;&#32;&#32;&#32;&#32;&#32;<emphasis role="keywordflow">else</emphasis>
00237 &#32;&#32;&#32;&#32;&#32;&#32;&#32;&#32;&#32;&#32;&#32;&#32;{
00238 &#32;&#32;&#32;&#32;&#32;&#32;&#32;&#32;&#32;&#32;&#32;&#32;&#32;&#32;&#32;&#32;&#32;&#32;<emphasis role="keywordflow">if</emphasis>&#32;(<link linkend="_a00857_1a4c11afc03fc3ee49bab660def6558f2a">day</link>&#32;&gt;=&#32;1&#32;&amp;&amp;&#32;<link linkend="_a00857_1a4c11afc03fc3ee49bab660def6558f2a">day</link>&#32;&lt;=&#32;28)
00239 &#32;&#32;&#32;&#32;&#32;&#32;&#32;&#32;&#32;&#32;&#32;&#32;&#32;&#32;&#32;&#32;&#32;&#32;{
00240 &#32;&#32;&#32;&#32;&#32;&#32;&#32;&#32;&#32;&#32;&#32;&#32;&#32;&#32;&#32;&#32;&#32;&#32;&#32;&#32;&#32;&#32;&#32;&#32;this-&gt;<link linkend="_a00857_1a4c11afc03fc3ee49bab660def6558f2a">day</link>&#32;=&#32;<link linkend="_a00857_1a4c11afc03fc3ee49bab660def6558f2a">day</link>;
00241 &#32;&#32;&#32;&#32;&#32;&#32;&#32;&#32;&#32;&#32;&#32;&#32;&#32;&#32;&#32;&#32;&#32;&#32;}
00242 &#32;&#32;&#32;&#32;&#32;&#32;&#32;&#32;&#32;&#32;&#32;&#32;}
00243 &#32;&#32;&#32;&#32;&#32;&#32;}
00244 &#32;&#32;&#32;&#32;&#32;&#32;<emphasis role="keywordflow">else</emphasis>&#32;<emphasis role="keywordflow">if</emphasis>&#32;(this-&gt;<link linkend="_a00857_1aedb06abe5aff12fa3e7e0e71a374edfb">month</link>&#32;==&#32;1&#32;||&#32;this-&gt;<link linkend="_a00857_1aedb06abe5aff12fa3e7e0e71a374edfb">month</link>&#32;==&#32;3&#32;
00245 &#32;&#32;&#32;&#32;&#32;&#32;&#32;&#32;&#32;&#32;&#32;&#32;||&#32;this-&gt;<link linkend="_a00857_1aedb06abe5aff12fa3e7e0e71a374edfb">month</link>&#32;==&#32;5&#32;||&#32;this-&gt;<link linkend="_a00857_1aedb06abe5aff12fa3e7e0e71a374edfb">month</link>&#32;==&#32;7&#32;
00246 &#32;&#32;&#32;&#32;&#32;&#32;&#32;&#32;&#32;&#32;&#32;&#32;||&#32;this-&gt;<link linkend="_a00857_1aedb06abe5aff12fa3e7e0e71a374edfb">month</link>&#32;==&#32;8&#32;||&#32;this-&gt;<link linkend="_a00857_1aedb06abe5aff12fa3e7e0e71a374edfb">month</link>&#32;==&#32;10&#32;
00247 &#32;&#32;&#32;&#32;&#32;&#32;&#32;&#32;&#32;&#32;&#32;&#32;||&#32;this-&gt;<link linkend="_a00857_1aedb06abe5aff12fa3e7e0e71a374edfb">month</link>&#32;==&#32;12)
00248 &#32;&#32;&#32;&#32;&#32;&#32;{
00249 &#32;&#32;&#32;&#32;&#32;&#32;&#32;&#32;&#32;&#32;&#32;&#32;<emphasis role="keywordflow">if</emphasis>&#32;(<link linkend="_a00857_1a4c11afc03fc3ee49bab660def6558f2a">day</link>&#32;&gt;=&#32;1&#32;&amp;&amp;&#32;<link linkend="_a00857_1a4c11afc03fc3ee49bab660def6558f2a">day</link>&#32;&lt;=&#32;31)
00250 &#32;&#32;&#32;&#32;&#32;&#32;&#32;&#32;&#32;&#32;&#32;&#32;{
00251 &#32;&#32;&#32;&#32;&#32;&#32;&#32;&#32;&#32;&#32;&#32;&#32;&#32;&#32;&#32;&#32;&#32;&#32;this-&gt;<link linkend="_a00857_1a4c11afc03fc3ee49bab660def6558f2a">day</link>&#32;=&#32;<link linkend="_a00857_1a4c11afc03fc3ee49bab660def6558f2a">day</link>;
00252 &#32;&#32;&#32;&#32;&#32;&#32;&#32;&#32;&#32;&#32;&#32;&#32;}
00253 &#32;&#32;&#32;&#32;&#32;&#32;}
00254 &#32;&#32;&#32;&#32;&#32;&#32;<emphasis role="keywordflow">else</emphasis>
00255 &#32;&#32;&#32;&#32;&#32;&#32;{
00256 &#32;&#32;&#32;&#32;&#32;&#32;&#32;&#32;&#32;&#32;&#32;&#32;<emphasis role="keywordflow">if</emphasis>&#32;(<link linkend="_a00857_1a4c11afc03fc3ee49bab660def6558f2a">day</link>&#32;&gt;=&#32;1&#32;&amp;&amp;&#32;<link linkend="_a00857_1a4c11afc03fc3ee49bab660def6558f2a">day</link>&#32;&lt;=&#32;30)
00257 &#32;&#32;&#32;&#32;&#32;&#32;&#32;&#32;&#32;&#32;&#32;&#32;{
00258 &#32;&#32;&#32;&#32;&#32;&#32;&#32;&#32;&#32;&#32;&#32;&#32;&#32;&#32;&#32;&#32;&#32;&#32;this-&gt;<link linkend="_a00857_1a4c11afc03fc3ee49bab660def6558f2a">day</link>&#32;=&#32;<link linkend="_a00857_1a4c11afc03fc3ee49bab660def6558f2a">day</link>;
00259 &#32;&#32;&#32;&#32;&#32;&#32;&#32;&#32;&#32;&#32;&#32;&#32;}
00260 &#32;&#32;&#32;&#32;&#32;&#32;}
00261 }
</programlisting><para>
References <link linkend="_l00008">day</link>, <link linkend="_l00009">month</link>, and <link linkend="_l00010">year</link>.</para>
<para>
Referenced by <link linkend="_l00011">Date()</link>.</para>
    </section><anchor xml:id="_a00857_1abffcf5279bc1587da8d05f1bf10b3c3b"/>    <section>
    <title>set_month()</title>
<indexterm><primary>set_month</primary><secondary>Date</secondary></indexterm>
<indexterm><primary>Date</primary><secondary>set_month</secondary></indexterm>
<para><computeroutput>void set_month (int month)</computeroutput></para><programlisting>00263 {
00264 &#32;&#32;&#32;&#32;&#32;&#32;<emphasis role="keywordflow">if</emphasis>&#32;(<link linkend="_a00857_1aedb06abe5aff12fa3e7e0e71a374edfb">month</link>&#32;&gt;=&#32;1&#32;&amp;&amp;&#32;<link linkend="_a00857_1aedb06abe5aff12fa3e7e0e71a374edfb">month</link>&#32;&lt;=&#32;12)
00265 &#32;&#32;&#32;&#32;&#32;&#32;{
00266 &#32;&#32;&#32;&#32;&#32;&#32;&#32;&#32;&#32;&#32;&#32;&#32;this-&gt;<link linkend="_a00857_1aedb06abe5aff12fa3e7e0e71a374edfb">month</link>&#32;=&#32;<link linkend="_a00857_1aedb06abe5aff12fa3e7e0e71a374edfb">month</link>;
00267 &#32;&#32;&#32;&#32;&#32;&#32;}
00268 }
</programlisting><para>
References <link linkend="_l00009">month</link>.</para>
<para>
Referenced by <link linkend="_l00011">Date()</link>.</para>
    </section><anchor xml:id="_a00857_1a15951aa356a9773bf65d6f665af4c2af"/>    <section>
    <title>set_year()</title>
<indexterm><primary>set_year</primary><secondary>Date</secondary></indexterm>
<indexterm><primary>Date</primary><secondary>set_year</secondary></indexterm>
<para><computeroutput>void set_year (int year)</computeroutput></para><programlisting>00270 {
00271 &#32;&#32;&#32;&#32;&#32;&#32;this-&gt;<link linkend="_a00857_1abeac221e38b7b9ce7df8722c842bf671">year</link>&#32;=&#32;<link linkend="_a00857_1abeac221e38b7b9ce7df8722c842bf671">year</link>;
00272 }
</programlisting><para>
References <link linkend="_l00010">year</link>.</para>
<para>
Referenced by <link linkend="_l00011">Date()</link>.</para>
</section>
</section>
<section>
<title>Field Documentation</title>
<anchor xml:id="_a00857_1a4c11afc03fc3ee49bab660def6558f2a"/>    <section>
    <title>day</title>
<indexterm><primary>day</primary><secondary>Date</secondary></indexterm>
<indexterm><primary>Date</primary><secondary>day</secondary></indexterm>
<para><computeroutput>int day<computeroutput>[private]</computeroutput></computeroutput></para><para>
Referenced by <link linkend="_l00005">Date()</link>, <link linkend="_l00212">get_day()</link>, <link linkend="_l00051">operator&lt;()</link>, <link linkend="_l00116">operator&lt;=()</link>, <link linkend="_l00017">operator=()</link>, <link linkend="_l00027">operator==()</link>, <link linkend="_l00084">operator&gt;()</link>, <link linkend="_l00163">operator&gt;=()</link>, and <link linkend="_l00225">set_day()</link>.</para>
    </section><anchor xml:id="_a00857_1aedb06abe5aff12fa3e7e0e71a374edfb"/>    <section>
    <title>month</title>
<indexterm><primary>month</primary><secondary>Date</secondary></indexterm>
<indexterm><primary>Date</primary><secondary>month</secondary></indexterm>
<para><computeroutput>int month<computeroutput>[private]</computeroutput></computeroutput></para><para>
Referenced by <link linkend="_l00005">Date()</link>, <link linkend="_l00216">get_month()</link>, <link linkend="_l00051">operator&lt;()</link>, <link linkend="_l00116">operator&lt;=()</link>, <link linkend="_l00017">operator=()</link>, <link linkend="_l00027">operator==()</link>, <link linkend="_l00084">operator&gt;()</link>, <link linkend="_l00163">operator&gt;=()</link>, <link linkend="_l00225">set_day()</link>, and <link linkend="_l00262">set_month()</link>.</para>
    </section><anchor xml:id="_a00857_1abeac221e38b7b9ce7df8722c842bf671"/>    <section>
    <title>year</title>
<indexterm><primary>year</primary><secondary>Date</secondary></indexterm>
<indexterm><primary>Date</primary><secondary>year</secondary></indexterm>
<para><computeroutput>int year<computeroutput>[private]</computeroutput></computeroutput></para><para>
Referenced by <link linkend="_l00005">Date()</link>, <link linkend="_l00220">get_year()</link>, <link linkend="_l00051">operator&lt;()</link>, <link linkend="_l00116">operator&lt;=()</link>, <link linkend="_l00017">operator=()</link>, <link linkend="_l00027">operator==()</link>, <link linkend="_l00084">operator&gt;()</link>, <link linkend="_l00163">operator&gt;=()</link>, <link linkend="_l00225">set_day()</link>, and <link linkend="_l00269">set_year()</link>.</para>
</section>
<para>
The documentation for this class was generated from the following files:</para>
C:/Users/Viktor/source/repos/project_1_Hotel/project_1_Hotel/<link linkend="_a00005">Date.h</link>C:/Users/Viktor/source/repos/project_1_Hotel/project_1_Hotel/<link linkend="_a00002">Date.cpp</link></section>
</section>
