<?xml version='1.0' encoding='UTF-8' standalone='no'?>
<section xmlns="http://docbook.org/ns/docbook" version="5.0" xmlns:xlink="http://www.w3.org/1999/xlink" xml:id="_a00865">
<title>Room</title>
<indexterm><primary>Room</primary></indexterm>
<para>

<para>Class that defines a <link linkend="_a00865">Room</link>. </para>
 
</para>
<para>
<computeroutput>#include &quot;Room.h&quot;</computeroutput>
</para>
<simplesect>
    <title>Public Member Functions    </title>
<simplesect>
    <title>Private Attributes    </title>
</simplesect>
<section>
<title>Detailed Description</title>

<para>Class that defines a <link linkend="_a00865">Room</link>. </para>
</section>
<section>
<title>Constructor &amp; Destructor Documentation</title>
<anchor xml:id="_a00865_1af41bd6b6febffb41834e9774b8909cf7"/>    <section>
    <title>Room()<computeroutput>[1/2]</computeroutput></title>
<indexterm><primary>Room</primary><secondary>Room</secondary></indexterm>
<indexterm><primary>Room</primary><secondary>Room</secondary></indexterm>
<para><computeroutput><link linkend="_a00865">Room</link> ( )</computeroutput></para><programlisting>00005 {&#32;&#32;&#32;&#32;&#32;
00006 &#32;&#32;&#32;&#32;&#32;&#32;<link linkend="_a00857">Date</link>&#32;token;
00007 &#32;&#32;&#32;&#32;&#32;&#32;this-&gt;<link linkend="_a00865_1a7106e2abc437ad981830d14176d15f09">number</link>&#32;=&#32;0;
00008 &#32;&#32;&#32;&#32;&#32;&#32;this-&gt;<link linkend="_a00865_1a123d068f409ad6407bffffd5b9665be0">bedCount</link>&#32;=&#32;1;
00009 &#32;&#32;&#32;&#32;&#32;&#32;this-&gt;<link linkend="_a00865_1a56e0806099e4d725aa1a206f336361e2">guests</link>&#32;=&#32;<emphasis role="stringliteral">&quot;----&quot;</emphasis>;
00010 &#32;&#32;&#32;&#32;&#32;&#32;this-&gt;<link linkend="_a00865_1ae5c290f91cc89e7c25fb5f22f7a3f310">set_startDate</link>(token);
00011 &#32;&#32;&#32;&#32;&#32;&#32;this-&gt;<link linkend="_a00865_1af4f1dccf65425107762521af6460b057">set_endDate</link>(token);
00012 }
</programlisting><para>
References <link linkend="_l00012">bedCount</link>, <link linkend="_l00011">number</link>, <link linkend="_l00060">set_endDate()</link>, and <link linkend="_l00056">set_startDate()</link>.</para>
    </section><anchor xml:id="_a00865_1a00fa7f1e5be5de7ba13ff6f65e8eec72"/>    <section>
    <title>Room()<computeroutput>[2/2]</computeroutput></title>
<indexterm><primary>Room</primary><secondary>Room</secondary></indexterm>
<indexterm><primary>Room</primary><secondary>Room</secondary></indexterm>
<para><computeroutput><link linkend="_a00865">Room</link> (int number, int bedCount, std::string guests, const <link linkend="_a00857">Date</link> startDate, const <link linkend="_a00857">Date</link> endDate)</computeroutput></para><programlisting>00014 {
00015 &#32;&#32;&#32;&#32;&#32;&#32;this-&gt;<link linkend="_a00865_1a7106e2abc437ad981830d14176d15f09">number</link>&#32;=&#32;<link linkend="_a00865_1a7106e2abc437ad981830d14176d15f09">number</link>;
00016 &#32;&#32;&#32;&#32;&#32;&#32;this-&gt;<link linkend="_a00865_1a123d068f409ad6407bffffd5b9665be0">bedCount</link>&#32;=&#32;<link linkend="_a00865_1a123d068f409ad6407bffffd5b9665be0">bedCount</link>;
00017 &#32;&#32;&#32;&#32;&#32;&#32;this-&gt;<link linkend="_a00865_1a56e0806099e4d725aa1a206f336361e2">guests</link>&#32;=&#32;<link linkend="_a00865_1a56e0806099e4d725aa1a206f336361e2">guests</link>;
00018 &#32;&#32;&#32;&#32;&#32;&#32;this-&gt;startDate&#32;=&#32;<link linkend="_a00865_1ab16240514dfa222811ef2fb14a72d4a8">startDate</link>;
00019 &#32;&#32;&#32;&#32;&#32;&#32;this-&gt;endDate&#32;=&#32;<link linkend="_a00865_1ac342ae2125b437a76ece3ac962e0d9a3">endDate</link>;
00020 
00021 }
</programlisting><para>
References <link linkend="_l00012">bedCount</link>, <link linkend="_l00015">endDate</link>, <link linkend="_l00011">number</link>, <link linkend="_l00017">Date::operator=()</link>, and <link linkend="_l00014">startDate</link>.</para>
</section>
</section>
<section>
<title>Member Function Documentation</title>
<anchor xml:id="_a00865_1a7aaca4d4611744b793e4d80671ce88d1"/>    <section>
    <title>get_bedCount()</title>
<indexterm><primary>get_bedCount</primary><secondary>Room</secondary></indexterm>
<indexterm><primary>Room</primary><secondary>get_bedCount</secondary></indexterm>
<para><computeroutput>int get_bedCount ( ) const</computeroutput></para><programlisting>00028 {
00029 &#32;&#32;&#32;&#32;&#32;&#32;<emphasis role="keywordflow">return</emphasis>&#32;this-&gt;<link linkend="_a00865_1a123d068f409ad6407bffffd5b9665be0">bedCount</link>;
00030 }
</programlisting><para>
References <link linkend="_l00012">bedCount</link>.</para>
<para>
Referenced by <link linkend="_l00015">Hotel::sortRoomsByBedCount()</link>.</para>
    </section><anchor xml:id="_a00865_1a3af9c504c7230e072643d1d4255ca173"/>    <section>
    <title>get_endDate()</title>
<indexterm><primary>get_endDate</primary><secondary>Room</secondary></indexterm>
<indexterm><primary>Room</primary><secondary>get_endDate</secondary></indexterm>
<para><computeroutput><link linkend="_a00857">Date</link> get_endDate ( ) const</computeroutput></para><programlisting>00040 {
00041 &#32;&#32;&#32;&#32;&#32;&#32;<emphasis role="keywordflow">return</emphasis>&#32;this-&gt;<link linkend="_a00865_1ac342ae2125b437a76ece3ac962e0d9a3">endDate</link>;
00042 }
</programlisting><para>
References <link linkend="_l00015">endDate</link>.</para>
<para>
Referenced by <link linkend="_l00034">Hotel::isFree()</link>.</para>
    </section><anchor xml:id="_a00865_1a10febb6f94da1b541f9a0df68414d8bf"/>    <section>
    <title>get_guests()</title>
<indexterm><primary>get_guests</primary><secondary>Room</secondary></indexterm>
<indexterm><primary>Room</primary><secondary>get_guests</secondary></indexterm>
<para><computeroutput>const std::string get_guests ( ) const</computeroutput></para><programlisting>00032 {
00033 &#32;&#32;&#32;&#32;&#32;&#32;<emphasis role="keywordflow">return</emphasis>&#32;this-&gt;<link linkend="_a00865_1a56e0806099e4d725aa1a206f336361e2">guests</link>;
00034 }
</programlisting>    </section><anchor xml:id="_a00865_1aa3f92ded5aa57f99649c53f1a15e15dc"/>    <section>
    <title>get_number()</title>
<indexterm><primary>get_number</primary><secondary>Room</secondary></indexterm>
<indexterm><primary>Room</primary><secondary>get_number</secondary></indexterm>
<para><computeroutput>int get_number ( ) const</computeroutput></para><programlisting>00024 {
00025 &#32;&#32;&#32;&#32;&#32;&#32;<emphasis role="keywordflow">return</emphasis>&#32;this-&gt;<link linkend="_a00865_1a7106e2abc437ad981830d14176d15f09">number</link>;
00026 }
</programlisting><para>
References <link linkend="_l00011">number</link>.</para>
    </section><anchor xml:id="_a00865_1a4e132b5463e45ca6d6cbd3414a822ff3"/>    <section>
    <title>get_startDate()</title>
<indexterm><primary>get_startDate</primary><secondary>Room</secondary></indexterm>
<indexterm><primary>Room</primary><secondary>get_startDate</secondary></indexterm>
<para><computeroutput><link linkend="_a00857">Date</link> get_startDate ( ) const</computeroutput></para><programlisting>00036 {
00037 &#32;&#32;&#32;&#32;&#32;&#32;<emphasis role="keywordflow">return</emphasis>&#32;this-&gt;<link linkend="_a00865_1ab16240514dfa222811ef2fb14a72d4a8">startDate</link>;
00038 }
</programlisting><para>
References <link linkend="_l00014">startDate</link>.</para>
<para>
Referenced by <link linkend="_l00034">Hotel::isFree()</link>.</para>
    </section><anchor xml:id="_a00865_1a25d189b85dea6688a9068decfb869857"/>    <section>
    <title>set_bedCount()</title>
<indexterm><primary>set_bedCount</primary><secondary>Room</secondary></indexterm>
<indexterm><primary>Room</primary><secondary>set_bedCount</secondary></indexterm>
<para><computeroutput>void set_bedCount (int bedCount)</computeroutput></para><programlisting>00049 {
00050 &#32;&#32;&#32;&#32;&#32;&#32;this-&gt;<link linkend="_a00865_1a123d068f409ad6407bffffd5b9665be0">bedCount</link>&#32;=&#32;<link linkend="_a00865_1a123d068f409ad6407bffffd5b9665be0">bedCount</link>;
00051 }
</programlisting><para>
References <link linkend="_l00012">bedCount</link>.</para>
    </section><anchor xml:id="_a00865_1af4f1dccf65425107762521af6460b057"/>    <section>
    <title>set_endDate()</title>
<indexterm><primary>set_endDate</primary><secondary>Room</secondary></indexterm>
<indexterm><primary>Room</primary><secondary>set_endDate</secondary></indexterm>
<para><computeroutput>void set_endDate (<link linkend="_a00857">Date</link> other)</computeroutput></para><programlisting>00061 {
00062 &#32;&#32;&#32;&#32;&#32;&#32;this-&gt;<link linkend="_a00865_1ac342ae2125b437a76ece3ac962e0d9a3">endDate</link>&#32;=&#32;other;
00063 }
</programlisting><para>
References <link linkend="_l00015">endDate</link>, and <link linkend="_l00017">Date::operator=()</link>.</para>
<para>
Referenced by <link linkend="_l00004">Room()</link>.</para>
    </section><anchor xml:id="_a00865_1aa1db582c10888424dbfa903edd07a141"/>    <section>
    <title>set_guest()</title>
<indexterm><primary>set_guest</primary><secondary>Room</secondary></indexterm>
<indexterm><primary>Room</primary><secondary>set_guest</secondary></indexterm>
<para><computeroutput>void set_guest (std::string guests)</computeroutput></para><programlisting>00053 {
00054 &#32;&#32;&#32;&#32;&#32;&#32;this-&gt;<link linkend="_a00865_1a56e0806099e4d725aa1a206f336361e2">guests</link>&#32;=&#32;<link linkend="_a00865_1a56e0806099e4d725aa1a206f336361e2">guests</link>;
00055 }
</programlisting>    </section><anchor xml:id="_a00865_1a334b2ad8c37175ba2dce847635917eab"/>    <section>
    <title>set_number()</title>
<indexterm><primary>set_number</primary><secondary>Room</secondary></indexterm>
<indexterm><primary>Room</primary><secondary>set_number</secondary></indexterm>
<para><computeroutput>void set_number (int number)</computeroutput></para><programlisting>00045 {
00046 &#32;&#32;&#32;&#32;&#32;&#32;this-&gt;<link linkend="_a00865_1a7106e2abc437ad981830d14176d15f09">number</link>&#32;=&#32;<link linkend="_a00865_1a7106e2abc437ad981830d14176d15f09">number</link>;
00047 }
</programlisting><para>
References <link linkend="_l00011">number</link>.</para>
    </section><anchor xml:id="_a00865_1ae5c290f91cc89e7c25fb5f22f7a3f310"/>    <section>
    <title>set_startDate()</title>
<indexterm><primary>set_startDate</primary><secondary>Room</secondary></indexterm>
<indexterm><primary>Room</primary><secondary>set_startDate</secondary></indexterm>
<para><computeroutput>void set_startDate (<link linkend="_a00857">Date</link> other)</computeroutput></para><programlisting>00057 {
00058 &#32;&#32;&#32;&#32;&#32;&#32;this-&gt;<link linkend="_a00865_1ab16240514dfa222811ef2fb14a72d4a8">startDate</link>&#32;=&#32;other;
00059 }
</programlisting><para>
References <link linkend="_l00017">Date::operator=()</link>, and <link linkend="_l00014">startDate</link>.</para>
<para>
Referenced by <link linkend="_l00004">Room()</link>.</para>
</section>
</section>
<section>
<title>Field Documentation</title>
<anchor xml:id="_a00865_1a123d068f409ad6407bffffd5b9665be0"/>    <section>
    <title>bedCount</title>
<indexterm><primary>bedCount</primary><secondary>Room</secondary></indexterm>
<indexterm><primary>Room</primary><secondary>bedCount</secondary></indexterm>
<para><computeroutput>int bedCount<computeroutput>[private]</computeroutput></computeroutput></para><para>
Referenced by <link linkend="_l00027">get_bedCount()</link>, <link linkend="_l00004">Room()</link>, and <link linkend="_l00048">set_bedCount()</link>.</para>
    </section><anchor xml:id="_a00865_1ac342ae2125b437a76ece3ac962e0d9a3"/>    <section>
    <title>endDate</title>
<indexterm><primary>endDate</primary><secondary>Room</secondary></indexterm>
<indexterm><primary>Room</primary><secondary>endDate</secondary></indexterm>
<para><computeroutput><link linkend="_a00857">Date</link> endDate<computeroutput>[private]</computeroutput></computeroutput></para><para>
Referenced by <link linkend="_l00039">get_endDate()</link>, <link linkend="_l00013">Room()</link>, and <link linkend="_l00060">set_endDate()</link>.</para>
    </section><anchor xml:id="_a00865_1a56e0806099e4d725aa1a206f336361e2"/>    <section>
    <title>guests</title>
<indexterm><primary>guests</primary><secondary>Room</secondary></indexterm>
<indexterm><primary>Room</primary><secondary>guests</secondary></indexterm>
<para><computeroutput>std::string guests<computeroutput>[private]</computeroutput></computeroutput></para>    </section><anchor xml:id="_a00865_1a7106e2abc437ad981830d14176d15f09"/>    <section>
    <title>number</title>
<indexterm><primary>number</primary><secondary>Room</secondary></indexterm>
<indexterm><primary>Room</primary><secondary>number</secondary></indexterm>
<para><computeroutput>int number<computeroutput>[private]</computeroutput></computeroutput></para><para>
Referenced by <link linkend="_l00023">get_number()</link>, <link linkend="_l00004">Room()</link>, and <link linkend="_l00044">set_number()</link>.</para>
    </section><anchor xml:id="_a00865_1ab16240514dfa222811ef2fb14a72d4a8"/>    <section>
    <title>startDate</title>
<indexterm><primary>startDate</primary><secondary>Room</secondary></indexterm>
<indexterm><primary>Room</primary><secondary>startDate</secondary></indexterm>
<para><computeroutput><link linkend="_a00857">Date</link> startDate<computeroutput>[private]</computeroutput></computeroutput></para><para>
Referenced by <link linkend="_l00035">get_startDate()</link>, <link linkend="_l00013">Room()</link>, and <link linkend="_l00056">set_startDate()</link>.</para>
</section>
<para>
The documentation for this class was generated from the following files:</para>
C:/Users/Viktor/source/repos/project_1_Hotel/project_1_Hotel/<link linkend="_a00026">Room.h</link>C:/Users/Viktor/source/repos/project_1_Hotel/project_1_Hotel/<link linkend="_a00023">Room.cpp</link></section>
</section>
