<?xml version='1.0' encoding='UTF-8' standalone='no'?>
<doxygen xmlns:xsi="http://www.w3.org/2001/XMLSchema-instance" xsi:noNamespaceSchemaLocation="compound.xsd" version="1.8.18">
  <compounddef id="_date_8h" kind="file" language="C++">
    <compoundname>Date.h</compoundname>
    <includedby refid="_date_8cpp" local="yes">Date.cpp</includedby>
    <includedby refid="_room_8h" local="yes">Room.h</includedby>
    <includedby refid="project__1___hotel_8cpp" local="yes">project_1_Hotel.cpp</includedby>
    <invincdepgraph>
      <node id="3">
        <label>Room.h</label>
        <link refid="_room_8h"/>
        <childnode refid="4" relation="include">
        </childnode>
        <childnode refid="6" relation="include">
        </childnode>
        <childnode refid="7" relation="include">
        </childnode>
      </node>
      <node id="2">
        <label>Date.cpp</label>
        <link refid="_date_8cpp"/>
      </node>
      <node id="7">
        <label>Room.cpp</label>
        <link refid="_room_8cpp"/>
      </node>
      <node id="1">
        <label>Date.h</label>
        <link refid="_date_8h"/>
        <childnode refid="2" relation="include">
        </childnode>
        <childnode refid="3" relation="include">
        </childnode>
        <childnode refid="6" relation="include">
        </childnode>
      </node>
      <node id="4">
        <label>Hotel.h</label>
        <link refid="_hotel_8h"/>
        <childnode refid="5" relation="include">
        </childnode>
        <childnode refid="6" relation="include">
        </childnode>
      </node>
      <node id="6">
        <label>project_1_Hotel.cpp</label>
        <link refid="project__1___hotel_8cpp"/>
      </node>
      <node id="5">
        <label>Hotel.cpp</label>
        <link refid="_hotel_8cpp"/>
      </node>
    </invincdepgraph>
    <innerclass refid="class_date" prot="public">Date</innerclass>
    <briefdescription>
    </briefdescription>
    <detaileddescription>
    </detaileddescription>
    <programlisting>
<codeline lineno="1"><highlight class="preprocessor">#pragma<sp/>once</highlight><highlight class="normal"></highlight></codeline>
<codeline lineno="2"><highlight class="normal"></highlight></codeline>
<codeline lineno="5" refid="class_date" refkind="compound"><highlight class="keyword">class<sp/></highlight><highlight class="normal"><ref refid="class_date" kindref="compound">Date</ref></highlight></codeline>
<codeline lineno="6"><highlight class="normal">{</highlight></codeline>
<codeline lineno="7"><highlight class="normal"></highlight><highlight class="keyword">private</highlight><highlight class="normal">:</highlight></codeline>
<codeline lineno="8" refid="class_date_1a5b192adcabf2b2871e3f0b76c1ec1601" refkind="member"><highlight class="normal"><sp/><sp/><sp/><sp/><sp/><sp/></highlight><highlight class="keywordtype">int</highlight><highlight class="normal"><sp/><ref refid="class_date_1a5b192adcabf2b2871e3f0b76c1ec1601" kindref="member">day</ref>;</highlight></codeline>
<codeline lineno="9" refid="class_date_1a533843e07c6ac8d19fee9b16f5336ba2" refkind="member"><highlight class="normal"><sp/><sp/><sp/><sp/><sp/><sp/></highlight><highlight class="keywordtype">int</highlight><highlight class="normal"><sp/><ref refid="class_date_1a533843e07c6ac8d19fee9b16f5336ba2" kindref="member">month</ref>;</highlight></codeline>
<codeline lineno="10" refid="class_date_1a3eeced2ed56bc95d56782b9e738db8ea" refkind="member"><highlight class="normal"><sp/><sp/><sp/><sp/><sp/><sp/></highlight><highlight class="keywordtype">int</highlight><highlight class="normal"><sp/><ref refid="class_date_1a3eeced2ed56bc95d56782b9e738db8ea" kindref="member">year</ref>;</highlight></codeline>
<codeline lineno="11"><highlight class="normal"></highlight><highlight class="keyword">public</highlight><highlight class="normal">:</highlight></codeline>
<codeline lineno="12"><highlight class="normal"><sp/><sp/><sp/><sp/><sp/><sp/><ref refid="class_date_1a4e59ed4ba66eec61c27460c5d09fa1bd" kindref="member">Date</ref>();</highlight></codeline>
<codeline lineno="13"><highlight class="normal"><sp/><sp/><sp/><sp/><sp/><sp/><ref refid="class_date_1a4e59ed4ba66eec61c27460c5d09fa1bd" kindref="member">Date</ref>(</highlight><highlight class="keywordtype">int</highlight><highlight class="normal"><sp/><ref refid="class_date_1a5b192adcabf2b2871e3f0b76c1ec1601" kindref="member">day</ref>,<sp/></highlight><highlight class="keywordtype">int</highlight><highlight class="normal"><sp/><ref refid="class_date_1a533843e07c6ac8d19fee9b16f5336ba2" kindref="member">month</ref>,<sp/></highlight><highlight class="keywordtype">int</highlight><highlight class="normal"><sp/><ref refid="class_date_1a3eeced2ed56bc95d56782b9e738db8ea" kindref="member">year</ref>);</highlight></codeline>
<codeline lineno="14"><highlight class="normal"></highlight></codeline>
<codeline lineno="15"><highlight class="normal"><sp/><sp/><sp/><sp/><sp/><sp/><ref refid="class_date" kindref="compound">Date</ref>&amp;<sp/><ref refid="class_date_1afbed03b8e5f81cc205b4b183465e8115" kindref="member">operator=</ref>(</highlight><highlight class="keyword">const</highlight><highlight class="normal"><sp/><ref refid="class_date" kindref="compound">Date</ref>&amp;<sp/>other);</highlight></codeline>
<codeline lineno="16"><highlight class="normal"><sp/><sp/><sp/><sp/><sp/><sp/></highlight><highlight class="keywordtype">bool</highlight><highlight class="normal"><sp/><ref refid="class_date_1ab5b9f0682e6285af51521159e7b65fdc" kindref="member">operator==</ref>(</highlight><highlight class="keyword">const</highlight><highlight class="normal"><sp/><ref refid="class_date" kindref="compound">Date</ref>&amp;<sp/>other);</highlight></codeline>
<codeline lineno="17"><highlight class="normal"><sp/><sp/><sp/><sp/><sp/><sp/></highlight><highlight class="keywordtype">bool</highlight><highlight class="normal"><sp/><ref refid="class_date_1a2d9cc2faa8fedf1cc29d078c8c330424" kindref="member">operator!=</ref>(</highlight><highlight class="keyword">const</highlight><highlight class="normal"><sp/><ref refid="class_date" kindref="compound">Date</ref>&amp;<sp/>other);</highlight></codeline>
<codeline lineno="18"><highlight class="normal"><sp/><sp/><sp/><sp/><sp/><sp/></highlight><highlight class="keywordtype">bool</highlight><highlight class="normal"><sp/><ref refid="class_date_1ab45910c75ae7ac2ae79b138730007882" kindref="member">operator&lt;</ref>(</highlight><highlight class="keyword">const</highlight><highlight class="normal"><sp/><ref refid="class_date" kindref="compound">Date</ref>&amp;<sp/>other);</highlight></codeline>
<codeline lineno="19"><highlight class="normal"><sp/><sp/><sp/><sp/><sp/><sp/></highlight><highlight class="keywordtype">bool</highlight><highlight class="normal"><sp/><ref refid="class_date_1ab6ee13b33bb48680f1b0afa819ec178a" kindref="member">operator&gt;</ref>(</highlight><highlight class="keyword">const</highlight><highlight class="normal"><sp/><ref refid="class_date" kindref="compound">Date</ref>&amp;<sp/>other);</highlight></codeline>
<codeline lineno="20"><highlight class="normal"><sp/><sp/><sp/><sp/><sp/><sp/></highlight><highlight class="keywordtype">bool</highlight><highlight class="normal"><sp/><ref refid="class_date_1a532290fc786f617aa5d5f55cd2159298" kindref="member">operator&lt;=</ref>(</highlight><highlight class="keyword">const</highlight><highlight class="normal"><sp/><ref refid="class_date" kindref="compound">Date</ref>&amp;<sp/>other);</highlight></codeline>
<codeline lineno="21"><highlight class="normal"><sp/><sp/><sp/><sp/><sp/><sp/></highlight><highlight class="keywordtype">bool</highlight><highlight class="normal"><sp/><ref refid="class_date_1aa383aca21b89372e5ac8cdd0eb20daf6" kindref="member">operator&gt;=</ref>(</highlight><highlight class="keyword">const</highlight><highlight class="normal"><sp/><ref refid="class_date" kindref="compound">Date</ref>&amp;<sp/>other);</highlight></codeline>
<codeline lineno="22"><highlight class="normal"></highlight></codeline>
<codeline lineno="23"><highlight class="normal"><sp/><sp/><sp/><sp/><sp/><sp/></highlight><highlight class="keywordtype">int</highlight><highlight class="normal"><sp/><ref refid="class_date_1a86208bd42da6587c4b45ed93d688d483" kindref="member">get_day</ref>()<sp/></highlight><highlight class="keyword">const</highlight><highlight class="normal">;</highlight></codeline>
<codeline lineno="24"><highlight class="normal"><sp/><sp/><sp/><sp/><sp/><sp/></highlight><highlight class="keywordtype">int</highlight><highlight class="normal"><sp/><ref refid="class_date_1a89ae60bad421600e3ee901eb0df44975" kindref="member">get_month</ref>()<sp/></highlight><highlight class="keyword">const</highlight><highlight class="normal">;</highlight></codeline>
<codeline lineno="25"><highlight class="normal"><sp/><sp/><sp/><sp/><sp/><sp/></highlight><highlight class="keywordtype">int</highlight><highlight class="normal"><sp/><ref refid="class_date_1a9e77e9f49890449fea9aeb8114da95ff" kindref="member">get_year</ref>()<sp/></highlight><highlight class="keyword">const</highlight><highlight class="normal">;</highlight></codeline>
<codeline lineno="26"><highlight class="normal"><sp/><sp/><sp/><sp/><sp/><sp/></highlight><highlight class="keywordtype">void</highlight><highlight class="normal"><sp/><ref refid="class_date_1a38368873510ede78cdf2b95d94ed5184" kindref="member">set_day</ref>(</highlight><highlight class="keywordtype">int</highlight><highlight class="normal"><sp/><ref refid="class_date_1a5b192adcabf2b2871e3f0b76c1ec1601" kindref="member">day</ref>);</highlight></codeline>
<codeline lineno="27"><highlight class="normal"><sp/><sp/><sp/><sp/><sp/><sp/></highlight><highlight class="keywordtype">void</highlight><highlight class="normal"><sp/><ref refid="class_date_1af646936426b1ae00cf60eeb36003a397" kindref="member">set_month</ref>(</highlight><highlight class="keywordtype">int</highlight><highlight class="normal"><sp/><ref refid="class_date_1a533843e07c6ac8d19fee9b16f5336ba2" kindref="member">month</ref>);</highlight></codeline>
<codeline lineno="28"><highlight class="normal"><sp/><sp/><sp/><sp/><sp/><sp/></highlight><highlight class="keywordtype">void</highlight><highlight class="normal"><sp/><ref refid="class_date_1afd39dbc0dfb19465585b6dcc20ffb206" kindref="member">set_year</ref>(</highlight><highlight class="keywordtype">int</highlight><highlight class="normal"><sp/><ref refid="class_date_1a3eeced2ed56bc95d56782b9e738db8ea" kindref="member">year</ref>);</highlight></codeline>
<codeline lineno="29"><highlight class="normal">};</highlight></codeline>
<codeline lineno="30"><highlight class="normal"></highlight></codeline>
<codeline lineno="31"><highlight class="normal"></highlight></codeline>
<codeline lineno="32"><highlight class="normal"></highlight></codeline>
    </programlisting>
    <location file="C:/Users/Viktor/source/repos/project_1_Hotel/project_1_Hotel/Date.h"/>
  </compounddef>
</doxygen>
