<?xml version='1.0' encoding='UTF-8' standalone='no'?>
<doxygen xmlns:xsi="http://www.w3.org/2001/XMLSchema-instance" xsi:noNamespaceSchemaLocation="compound.xsd" version="1.8.18">
  <compounddef id="_hotel_8cpp" kind="file" language="C++">
    <compoundname>Hotel.cpp</compoundname>
    <includes refid="stdafx_8h" local="yes">stdafx.h</includes>
    <includes refid="_hotel_8h" local="yes">Hotel.h</includes>
    <includes local="no">iostream</includes>
    <includes local="no">fstream</includes>
    <incdepgraph>
      <node id="4">
        <label>SDKDDKVer.h</label>
      </node>
      <node id="2">
        <label>stdafx.h</label>
        <link refid="stdafx_8h"/>
        <childnode refid="3" relation="include">
        </childnode>
        <childnode refid="5" relation="include">
        </childnode>
        <childnode refid="6" relation="include">
        </childnode>
      </node>
      <node id="10">
        <label>string</label>
      </node>
      <node id="8">
        <label>Room.h</label>
        <link refid="_room_8h"/>
        <childnode refid="9" relation="include">
        </childnode>
        <childnode refid="10" relation="include">
        </childnode>
      </node>
      <node id="13">
        <label>fstream</label>
      </node>
      <node id="9">
        <label>Date.h</label>
        <link refid="_date_8h"/>
      </node>
      <node id="7">
        <label>Hotel.h</label>
        <link refid="_hotel_8h"/>
        <childnode refid="8" relation="include">
        </childnode>
        <childnode refid="11" relation="include">
        </childnode>
        <childnode refid="12" relation="include">
        </childnode>
      </node>
      <node id="12">
        <label>vector</label>
      </node>
      <node id="3">
        <label>targetver.h</label>
        <link refid="targetver_8h"/>
        <childnode refid="4" relation="include">
        </childnode>
      </node>
      <node id="11">
        <label>iostream</label>
      </node>
      <node id="6">
        <label>tchar.h</label>
      </node>
      <node id="1">
        <label>Hotel.cpp</label>
        <link refid="_hotel_8cpp"/>
        <childnode refid="2" relation="include">
        </childnode>
        <childnode refid="7" relation="include">
        </childnode>
        <childnode refid="11" relation="include">
        </childnode>
        <childnode refid="13" relation="include">
        </childnode>
      </node>
      <node id="5">
        <label>stdio.h</label>
      </node>
    </incdepgraph>
    <briefdescription>
    </briefdescription>
    <detaileddescription>
    </detaileddescription>
    <programlisting>
<codeline lineno="1"><highlight class="preprocessor">#include<sp/>&quot;<ref refid="stdafx_8h" kindref="compound">stdafx.h</ref>&quot;</highlight><highlight class="normal"></highlight></codeline>
<codeline lineno="2"><highlight class="normal"></highlight><highlight class="preprocessor">#include<sp/>&quot;<ref refid="_hotel_8h" kindref="compound">Hotel.h</ref>&quot;</highlight><highlight class="normal"></highlight></codeline>
<codeline lineno="3"><highlight class="normal"></highlight><highlight class="preprocessor">#include&lt;iostream&gt;</highlight><highlight class="normal"></highlight></codeline>
<codeline lineno="4"><highlight class="normal"></highlight><highlight class="preprocessor">#include&lt;fstream&gt;</highlight><highlight class="normal"></highlight></codeline>
<codeline lineno="5"><highlight class="normal"></highlight></codeline>
<codeline lineno="7" refid="class_hotel_1a59cc2c3a373abece5a25d730524be2f0" refkind="member"><highlight class="normal"><ref refid="class_hotel_1a59cc2c3a373abece5a25d730524be2f0" kindref="member">Hotel::Hotel</ref>()<sp/>{}</highlight></codeline>
<codeline lineno="9" refid="class_hotel_1a1fc874696b0e47026a86845785d97b22" refkind="member"><highlight class="keywordtype">void</highlight><highlight class="normal"><sp/><ref refid="class_hotel_1a1fc874696b0e47026a86845785d97b22" kindref="member">Hotel::add_room</ref>(</highlight><highlight class="keyword">const</highlight><highlight class="normal"><sp/><ref refid="class_room" kindref="compound">Room</ref>&amp;<sp/>room)</highlight></codeline>
<codeline lineno="10"><highlight class="normal">{</highlight></codeline>
<codeline lineno="11"><highlight class="normal"><sp/><sp/><sp/><sp/><sp/><sp/>this-&gt;<ref refid="class_hotel_1a16da8c14e35900d8455c97e6dd62b0fc" kindref="member">rooms</ref>.push_back(room);</highlight></codeline>
<codeline lineno="12"><highlight class="normal">}</highlight></codeline>
<codeline lineno="14" refid="class_hotel_1a6d5e124cd850b5351cc64e480cea2e3b" refkind="member"><highlight class="keywordtype">void</highlight><highlight class="normal"><sp/><ref refid="class_hotel_1a6d5e124cd850b5351cc64e480cea2e3b" kindref="member">Hotel::checkin</ref>(</highlight><highlight class="keywordtype">int</highlight><highlight class="normal"><sp/>room,<sp/></highlight><highlight class="keyword">const</highlight><highlight class="normal"><sp/><ref refid="class_date" kindref="compound">Date</ref><sp/>&amp;startingDate,<sp/></highlight><highlight class="keyword">const</highlight><highlight class="normal"><sp/><ref refid="class_date" kindref="compound">Date</ref><sp/>&amp;endDate,</highlight><highlight class="keyword">const</highlight><highlight class="normal"><sp/>std::string<sp/>&amp;guests)</highlight></codeline>
<codeline lineno="15"><highlight class="normal">{</highlight></codeline>
<codeline lineno="16"><highlight class="normal"><sp/><sp/><sp/><sp/><sp/><sp/></highlight><highlight class="keywordflow">for</highlight><highlight class="normal"><sp/>(</highlight><highlight class="keywordtype">size_t</highlight><highlight class="normal"><sp/>i<sp/>=<sp/>0;<sp/>i<sp/>&lt;<sp/>this-&gt;<ref refid="class_hotel_1a16da8c14e35900d8455c97e6dd62b0fc" kindref="member">rooms</ref>.size();<sp/>i++)</highlight></codeline>
<codeline lineno="17"><highlight class="normal"><sp/><sp/><sp/><sp/><sp/><sp/>{</highlight></codeline>
<codeline lineno="18"><highlight class="normal"><sp/><sp/><sp/><sp/><sp/><sp/><sp/><sp/><sp/><sp/><sp/><sp/></highlight><highlight class="keywordflow">if</highlight><highlight class="normal"><sp/>(this-&gt;<ref refid="class_hotel_1a16da8c14e35900d8455c97e6dd62b0fc" kindref="member">rooms</ref>[i].get_number()<sp/>==<sp/>room)</highlight></codeline>
<codeline lineno="19"><highlight class="normal"><sp/><sp/><sp/><sp/><sp/><sp/><sp/><sp/><sp/><sp/><sp/><sp/>{</highlight></codeline>
<codeline lineno="20"><highlight class="normal"><sp/><sp/><sp/><sp/><sp/><sp/><sp/><sp/><sp/><sp/><sp/><sp/><sp/><sp/><sp/><sp/><sp/><sp/></highlight><highlight class="keywordflow">if</highlight><highlight class="normal"><sp/>(this-&gt;<ref refid="class_hotel_1a571420ca46d238c52737a19a9344fbfc" kindref="member">isFree</ref>(i,<sp/>startingDate,<sp/>endDate))<sp/></highlight></codeline>
<codeline lineno="21"><highlight class="normal"><sp/><sp/><sp/><sp/><sp/><sp/><sp/><sp/><sp/><sp/><sp/><sp/><sp/><sp/><sp/><sp/><sp/><sp/>{</highlight></codeline>
<codeline lineno="22"><highlight class="normal"><sp/><sp/><sp/><sp/><sp/><sp/><sp/><sp/><sp/><sp/><sp/><sp/><sp/><sp/><sp/><sp/><sp/><sp/><sp/><sp/><sp/><sp/><sp/><sp/>this-&gt;<ref refid="class_hotel_1a16da8c14e35900d8455c97e6dd62b0fc" kindref="member">rooms</ref>[i].set_startDate(startingDate);</highlight></codeline>
<codeline lineno="23"><highlight class="normal"><sp/><sp/><sp/><sp/><sp/><sp/><sp/><sp/><sp/><sp/><sp/><sp/><sp/><sp/><sp/><sp/><sp/><sp/><sp/><sp/><sp/><sp/><sp/><sp/>this-&gt;<ref refid="class_hotel_1a16da8c14e35900d8455c97e6dd62b0fc" kindref="member">rooms</ref>[i].set_endDate(endDate);</highlight></codeline>
<codeline lineno="25"><highlight class="normal"><sp/><sp/><sp/><sp/><sp/><sp/><sp/><sp/><sp/><sp/><sp/><sp/><sp/><sp/><sp/><sp/><sp/><sp/><sp/><sp/><sp/><sp/><sp/><sp/>this-&gt;<ref refid="class_hotel_1a16da8c14e35900d8455c97e6dd62b0fc" kindref="member">rooms</ref>[i].set_guest(guests);</highlight></codeline>
<codeline lineno="26"><highlight class="normal"><sp/><sp/><sp/><sp/><sp/><sp/><sp/><sp/><sp/><sp/><sp/><sp/><sp/><sp/><sp/><sp/><sp/><sp/>}</highlight></codeline>
<codeline lineno="27"><highlight class="normal"><sp/><sp/><sp/><sp/><sp/><sp/><sp/><sp/><sp/><sp/><sp/><sp/>}</highlight></codeline>
<codeline lineno="28"><highlight class="normal"><sp/><sp/><sp/><sp/><sp/><sp/>}</highlight></codeline>
<codeline lineno="29"><highlight class="normal">}</highlight></codeline>
<codeline lineno="31" refid="class_hotel_1ac082f1210d6893bad0da55aa00edfce7" refkind="member"><highlight class="keywordtype">void</highlight><highlight class="normal"><sp/><ref refid="class_hotel_1ac082f1210d6893bad0da55aa00edfce7" kindref="member">Hotel::availability</ref>(<ref refid="class_date" kindref="compound">Date</ref><sp/>&amp;date)</highlight></codeline>
<codeline lineno="32"><highlight class="normal">{</highlight></codeline>
<codeline lineno="33"><highlight class="normal"><sp/><sp/><sp/><sp/><sp/><sp/></highlight><highlight class="keywordflow">for</highlight><highlight class="normal"><sp/>(</highlight><highlight class="keywordtype">size_t</highlight><highlight class="normal"><sp/>i<sp/>=<sp/>0;<sp/>i<sp/>&lt;<sp/>this-&gt;<ref refid="class_hotel_1a16da8c14e35900d8455c97e6dd62b0fc" kindref="member">rooms</ref>.size();<sp/>i++)</highlight></codeline>
<codeline lineno="34"><highlight class="normal"><sp/><sp/><sp/><sp/><sp/><sp/>{<sp/><sp/><sp/><sp/><sp/><sp/><sp/><sp/><sp/><sp/><sp/><sp/><sp/><sp/><sp/><sp/><sp/></highlight></codeline>
<codeline lineno="35"><highlight class="normal"><sp/><sp/><sp/><sp/><sp/><sp/><sp/><sp/><sp/><sp/><sp/><sp/><ref refid="class_date" kindref="compound">Date</ref><sp/>roomStartingDate<sp/>=<sp/>this-&gt;<ref refid="class_hotel_1a16da8c14e35900d8455c97e6dd62b0fc" kindref="member">rooms</ref>[i].get_startDate();</highlight></codeline>
<codeline lineno="36"><highlight class="normal"><sp/><sp/><sp/><sp/><sp/><sp/><sp/><sp/><sp/><sp/><sp/><sp/><ref refid="class_date" kindref="compound">Date</ref><sp/>roomEndDate<sp/>=<sp/>this-&gt;<ref refid="class_hotel_1a16da8c14e35900d8455c97e6dd62b0fc" kindref="member">rooms</ref>[i].get_endDate();</highlight></codeline>
<codeline lineno="37"><highlight class="normal"></highlight></codeline>
<codeline lineno="38"><highlight class="normal"><sp/><sp/><sp/><sp/><sp/><sp/><sp/><sp/><sp/><sp/><sp/><sp/></highlight><highlight class="keywordflow">if</highlight><highlight class="normal"><sp/>(date<sp/>&lt;<sp/>roomStartingDate<sp/>||<sp/>date<sp/>&gt;<sp/>roomEndDate)</highlight></codeline>
<codeline lineno="39"><highlight class="normal"><sp/><sp/><sp/><sp/><sp/><sp/><sp/><sp/><sp/><sp/><sp/><sp/>{</highlight></codeline>
<codeline lineno="40"><highlight class="normal"><sp/><sp/><sp/><sp/><sp/><sp/><sp/><sp/><sp/><sp/><sp/><sp/><sp/><sp/><sp/><sp/><sp/><sp/>std::cout<sp/>&lt;&lt;<sp/>this-&gt;<ref refid="class_hotel_1a16da8c14e35900d8455c97e6dd62b0fc" kindref="member">rooms</ref>[i].get_number()<sp/>&lt;&lt;<sp/>std::endl;</highlight></codeline>
<codeline lineno="41"><highlight class="normal"><sp/><sp/><sp/><sp/><sp/><sp/><sp/><sp/><sp/><sp/><sp/><sp/><sp/><sp/><sp/><sp/><sp/><sp/>std::cout<sp/>&lt;&lt;<sp/>this-&gt;<ref refid="class_hotel_1a16da8c14e35900d8455c97e6dd62b0fc" kindref="member">rooms</ref>[i].get_bedCount()<sp/>&lt;&lt;<sp/>std::endl;</highlight></codeline>
<codeline lineno="42"><highlight class="normal"><sp/><sp/><sp/><sp/><sp/><sp/><sp/><sp/><sp/><sp/><sp/><sp/><sp/><sp/><sp/><sp/><sp/><sp/>std::cout<sp/>&lt;&lt;<sp/>std::endl;</highlight></codeline>
<codeline lineno="43"><highlight class="normal"><sp/><sp/><sp/><sp/><sp/><sp/><sp/><sp/><sp/><sp/><sp/><sp/>}</highlight></codeline>
<codeline lineno="44"><highlight class="normal"><sp/><sp/><sp/><sp/><sp/><sp/>}</highlight></codeline>
<codeline lineno="45"><highlight class="normal">}</highlight></codeline>
<codeline lineno="47" refid="class_hotel_1a84edb71bffeec4ea16db39ba600dc46f" refkind="member"><highlight class="keywordtype">void</highlight><highlight class="normal"><sp/><ref refid="class_hotel_1a84edb71bffeec4ea16db39ba600dc46f" kindref="member">Hotel::checkout</ref>(</highlight><highlight class="keywordtype">int</highlight><highlight class="normal"><sp/>room)</highlight></codeline>
<codeline lineno="48"><highlight class="normal">{</highlight></codeline>
<codeline lineno="49"><highlight class="normal"><sp/><sp/><sp/><sp/><sp/><sp/><ref refid="class_date" kindref="compound">Date</ref><sp/>baseDate;</highlight></codeline>
<codeline lineno="50"><highlight class="normal"><sp/><sp/><sp/><sp/><sp/><sp/></highlight><highlight class="keywordflow">for</highlight><highlight class="normal"><sp/>(</highlight><highlight class="keywordtype">size_t</highlight><highlight class="normal"><sp/>i<sp/>=<sp/>0;<sp/>i<sp/>&lt;<sp/>this-&gt;<ref refid="class_hotel_1a16da8c14e35900d8455c97e6dd62b0fc" kindref="member">rooms</ref>.size();<sp/>i++)</highlight></codeline>
<codeline lineno="51"><highlight class="normal"><sp/><sp/><sp/><sp/><sp/><sp/>{</highlight></codeline>
<codeline lineno="52"><highlight class="normal"><sp/><sp/><sp/><sp/><sp/><sp/><sp/><sp/><sp/><sp/><sp/><sp/></highlight><highlight class="keywordflow">if</highlight><highlight class="normal"><sp/>(this-&gt;<ref refid="class_hotel_1a16da8c14e35900d8455c97e6dd62b0fc" kindref="member">rooms</ref>[i].get_number()<sp/>==<sp/>room)</highlight></codeline>
<codeline lineno="53"><highlight class="normal"><sp/><sp/><sp/><sp/><sp/><sp/><sp/><sp/><sp/><sp/><sp/><sp/>{</highlight></codeline>
<codeline lineno="54"><highlight class="normal"><sp/><sp/><sp/><sp/><sp/><sp/><sp/><sp/><sp/><sp/><sp/><sp/><sp/><sp/><sp/><sp/><sp/><sp/>this-&gt;<ref refid="class_hotel_1a16da8c14e35900d8455c97e6dd62b0fc" kindref="member">rooms</ref>[i].set_startDate(baseDate);</highlight></codeline>
<codeline lineno="55"><highlight class="normal"><sp/><sp/><sp/><sp/><sp/><sp/><sp/><sp/><sp/><sp/><sp/><sp/><sp/><sp/><sp/><sp/><sp/><sp/>this-&gt;<ref refid="class_hotel_1a16da8c14e35900d8455c97e6dd62b0fc" kindref="member">rooms</ref>[i].set_endDate(baseDate);</highlight></codeline>
<codeline lineno="56"><highlight class="normal"><sp/><sp/><sp/><sp/><sp/><sp/><sp/><sp/><sp/><sp/><sp/><sp/><sp/><sp/><sp/><sp/><sp/><sp/>this-&gt;<ref refid="class_hotel_1a16da8c14e35900d8455c97e6dd62b0fc" kindref="member">rooms</ref>[i].set_guest(</highlight><highlight class="stringliteral">&quot;&quot;</highlight><highlight class="normal">);</highlight></codeline>
<codeline lineno="57"><highlight class="normal"><sp/><sp/><sp/><sp/><sp/><sp/><sp/><sp/><sp/><sp/><sp/><sp/>}</highlight></codeline>
<codeline lineno="58"><highlight class="normal"><sp/><sp/><sp/><sp/><sp/><sp/>}</highlight></codeline>
<codeline lineno="59"><highlight class="normal">}</highlight></codeline>
<codeline lineno="61" refid="class_hotel_1ad171c1a2aa955c10b16be3222b3b5602" refkind="member"><highlight class="keywordtype">void</highlight><highlight class="normal"><sp/><ref refid="class_hotel_1ad171c1a2aa955c10b16be3222b3b5602" kindref="member">Hotel::report</ref>(<ref refid="class_date" kindref="compound">Date</ref><sp/>&amp;startingDate,<sp/><ref refid="class_date" kindref="compound">Date</ref><sp/>&amp;endDate)</highlight></codeline>
<codeline lineno="62"><highlight class="normal">{</highlight></codeline>
<codeline lineno="63"><highlight class="normal"><sp/><sp/><sp/><sp/><sp/><sp/></highlight><highlight class="keywordflow">for</highlight><highlight class="normal"><sp/>(</highlight><highlight class="keywordtype">size_t</highlight><highlight class="normal"><sp/>i<sp/>=<sp/>0;<sp/>i<sp/>&lt;<sp/>this-&gt;<ref refid="class_hotel_1a16da8c14e35900d8455c97e6dd62b0fc" kindref="member">rooms</ref>.size();<sp/>i++)</highlight></codeline>
<codeline lineno="64"><highlight class="normal"><sp/><sp/><sp/><sp/><sp/><sp/>{</highlight></codeline>
<codeline lineno="65"><highlight class="normal"><sp/><sp/><sp/><sp/><sp/><sp/><sp/><sp/><sp/><sp/><sp/><sp/><ref refid="class_date" kindref="compound">Date</ref><sp/>roomStartingDate<sp/>=<sp/>this-&gt;<ref refid="class_hotel_1a16da8c14e35900d8455c97e6dd62b0fc" kindref="member">rooms</ref>[i].get_startDate();</highlight></codeline>
<codeline lineno="66"><highlight class="normal"><sp/><sp/><sp/><sp/><sp/><sp/><sp/><sp/><sp/><sp/><sp/><sp/><ref refid="class_date" kindref="compound">Date</ref><sp/>roomEndDate<sp/>=<sp/>this-&gt;<ref refid="class_hotel_1a16da8c14e35900d8455c97e6dd62b0fc" kindref="member">rooms</ref>[i].get_endDate();</highlight></codeline>
<codeline lineno="67"><highlight class="normal"></highlight></codeline>
<codeline lineno="68"><highlight class="normal"><sp/><sp/><sp/><sp/><sp/><sp/><sp/><sp/><sp/><sp/><sp/><sp/></highlight><highlight class="keywordflow">if</highlight><highlight class="normal"><sp/>(roomStartingDate<sp/>&lt;=<sp/>startingDate<sp/>&amp;&amp;<sp/>endDate<sp/>&lt;=<sp/>roomEndDate)</highlight></codeline>
<codeline lineno="69"><highlight class="normal"><sp/><sp/><sp/><sp/><sp/><sp/><sp/><sp/><sp/><sp/><sp/><sp/>{</highlight></codeline>
<codeline lineno="70"><highlight class="normal"><sp/><sp/><sp/><sp/><sp/><sp/><sp/><sp/><sp/><sp/><sp/><sp/><sp/><sp/><sp/><sp/><sp/><sp/>std::cout<sp/>&lt;&lt;<sp/>this-&gt;<ref refid="class_hotel_1a330f7b11dd6825eaa9aceb0c1c5aa351" kindref="member">daysBetweenTwoDates</ref>(startingDate,<sp/>endDate)<sp/>&lt;&lt;<sp/>std::endl;</highlight></codeline>
<codeline lineno="71"><highlight class="normal"><sp/><sp/><sp/><sp/><sp/><sp/><sp/><sp/><sp/><sp/><sp/><sp/>}</highlight></codeline>
<codeline lineno="72"><highlight class="normal"><sp/><sp/><sp/><sp/><sp/><sp/><sp/><sp/><sp/><sp/><sp/><sp/></highlight><highlight class="keywordflow">else</highlight><highlight class="normal"><sp/></highlight><highlight class="keywordflow">if</highlight><highlight class="normal"><sp/>(roomStartingDate<sp/>&gt;=<sp/>startingDate<sp/>&amp;&amp;<sp/>endDate<sp/>&gt;=<sp/>roomStartingDate<sp/>&amp;&amp;<sp/>endDate<sp/>&lt;=<sp/>roomEndDate)</highlight></codeline>
<codeline lineno="73"><highlight class="normal"><sp/><sp/><sp/><sp/><sp/><sp/><sp/><sp/><sp/><sp/><sp/><sp/>{</highlight></codeline>
<codeline lineno="74"><highlight class="normal"><sp/><sp/><sp/><sp/><sp/><sp/><sp/><sp/><sp/><sp/><sp/><sp/><sp/><sp/><sp/><sp/><sp/><sp/>std::cout<sp/>&lt;&lt;<sp/>this-&gt;<ref refid="class_hotel_1a330f7b11dd6825eaa9aceb0c1c5aa351" kindref="member">daysBetweenTwoDates</ref>(roomStartingDate,<sp/>endDate)<sp/>&lt;&lt;<sp/>std::endl;</highlight></codeline>
<codeline lineno="75"><highlight class="normal"><sp/><sp/><sp/><sp/><sp/><sp/><sp/><sp/><sp/><sp/><sp/><sp/>}</highlight></codeline>
<codeline lineno="76"><highlight class="normal"><sp/><sp/><sp/><sp/><sp/><sp/><sp/><sp/><sp/><sp/><sp/><sp/></highlight><highlight class="keywordflow">else</highlight><highlight class="normal"><sp/></highlight><highlight class="keywordflow">if</highlight><highlight class="normal"><sp/>(roomStartingDate<sp/>&gt;=<sp/>startingDate<sp/>&amp;&amp;<sp/>endDate<sp/>&gt;=<sp/>roomEndDate)</highlight></codeline>
<codeline lineno="77"><highlight class="normal"><sp/><sp/><sp/><sp/><sp/><sp/><sp/><sp/><sp/><sp/><sp/><sp/>{</highlight></codeline>
<codeline lineno="78"><highlight class="normal"><sp/><sp/><sp/><sp/><sp/><sp/><sp/><sp/><sp/><sp/><sp/><sp/><sp/><sp/><sp/><sp/><sp/><sp/>std::cout<sp/>&lt;&lt;<sp/>this-&gt;<ref refid="class_hotel_1a330f7b11dd6825eaa9aceb0c1c5aa351" kindref="member">daysBetweenTwoDates</ref>(roomStartingDate,<sp/>roomEndDate)<sp/>&lt;&lt;<sp/>std::endl;</highlight></codeline>
<codeline lineno="79"><highlight class="normal"><sp/><sp/><sp/><sp/><sp/><sp/><sp/><sp/><sp/><sp/><sp/><sp/>}</highlight></codeline>
<codeline lineno="80"><highlight class="normal"><sp/><sp/><sp/><sp/><sp/><sp/><sp/><sp/><sp/><sp/><sp/><sp/></highlight><highlight class="keywordflow">else</highlight><highlight class="normal"><sp/></highlight><highlight class="keywordflow">if</highlight><highlight class="normal"><sp/>(roomStartingDate<sp/>&lt;=<sp/>startingDate<sp/>&amp;&amp;<sp/>startingDate<sp/>&lt;=<sp/><sp/>roomEndDate<sp/>&amp;&amp;<sp/>endDate<sp/>&gt;<sp/>roomEndDate)</highlight></codeline>
<codeline lineno="81"><highlight class="normal"><sp/><sp/><sp/><sp/><sp/><sp/><sp/><sp/><sp/><sp/><sp/><sp/>{</highlight></codeline>
<codeline lineno="82"><highlight class="normal"><sp/><sp/><sp/><sp/><sp/><sp/><sp/><sp/><sp/><sp/><sp/><sp/><sp/><sp/><sp/><sp/><sp/><sp/>std::cout<sp/>&lt;&lt;<sp/>this-&gt;<ref refid="class_hotel_1a330f7b11dd6825eaa9aceb0c1c5aa351" kindref="member">daysBetweenTwoDates</ref>(startingDate,<sp/>roomEndDate)<sp/>&lt;&lt;<sp/>std::endl;</highlight></codeline>
<codeline lineno="83"><highlight class="normal"><sp/><sp/><sp/><sp/><sp/><sp/><sp/><sp/><sp/><sp/><sp/><sp/>}</highlight></codeline>
<codeline lineno="84"><highlight class="normal"><sp/><sp/><sp/><sp/><sp/><sp/><sp/><sp/><sp/><sp/><sp/><sp/></highlight><highlight class="keywordflow">else</highlight><highlight class="normal"></highlight></codeline>
<codeline lineno="85"><highlight class="normal"><sp/><sp/><sp/><sp/><sp/><sp/><sp/><sp/><sp/><sp/><sp/><sp/>{</highlight></codeline>
<codeline lineno="86"><highlight class="normal"><sp/><sp/><sp/><sp/><sp/><sp/><sp/><sp/><sp/><sp/><sp/><sp/><sp/><sp/><sp/><sp/><sp/><sp/>std::cout<sp/>&lt;&lt;<sp/></highlight><highlight class="stringliteral">&quot;Date<sp/>not<sp/>in<sp/>range&quot;</highlight><highlight class="normal"><sp/>&lt;&lt;<sp/>std::endl;</highlight></codeline>
<codeline lineno="87"><highlight class="normal"><sp/><sp/><sp/><sp/><sp/><sp/><sp/><sp/><sp/><sp/><sp/><sp/>}</highlight></codeline>
<codeline lineno="88"><highlight class="normal"><sp/><sp/><sp/><sp/><sp/><sp/>}</highlight></codeline>
<codeline lineno="89"><highlight class="normal">}</highlight></codeline>
<codeline lineno="91" refid="class_hotel_1a0e643c11bdbceb831df7f067d5e80d78" refkind="member"><highlight class="keywordtype">void</highlight><highlight class="normal"><sp/><ref refid="class_hotel_1a0e643c11bdbceb831df7f067d5e80d78" kindref="member">Hotel::find</ref>(</highlight><highlight class="keywordtype">int</highlight><highlight class="normal"><sp/>beds,<sp/></highlight><highlight class="keyword">const</highlight><highlight class="normal"><sp/><ref refid="class_date" kindref="compound">Date</ref><sp/>&amp;startingDate,<sp/></highlight><highlight class="keyword">const</highlight><highlight class="normal"><sp/><ref refid="class_date" kindref="compound">Date</ref><sp/>&amp;endDate)</highlight></codeline>
<codeline lineno="92"><highlight class="normal">{</highlight></codeline>
<codeline lineno="94"><highlight class="normal"><sp/><sp/><sp/><sp/><sp/><sp/>this-&gt;<ref refid="class_hotel_1aa32ea42a80c8af601b69d84056b7d6d3" kindref="member">sortRoomsByBedCount</ref>(this-&gt;<ref refid="class_hotel_1a16da8c14e35900d8455c97e6dd62b0fc" kindref="member">rooms</ref>);</highlight></codeline>
<codeline lineno="95"><highlight class="normal"></highlight></codeline>
<codeline lineno="96"><highlight class="normal"><sp/><sp/><sp/><sp/><sp/><sp/></highlight><highlight class="keywordflow">for</highlight><highlight class="normal"><sp/>(</highlight><highlight class="keywordtype">size_t</highlight><highlight class="normal"><sp/>i<sp/>=<sp/>0;<sp/>i<sp/>&lt;<sp/>this-&gt;<ref refid="class_hotel_1a16da8c14e35900d8455c97e6dd62b0fc" kindref="member">rooms</ref>.size();<sp/>i++)</highlight></codeline>
<codeline lineno="97"><highlight class="normal"><sp/><sp/><sp/><sp/><sp/><sp/>{</highlight></codeline>
<codeline lineno="98"><highlight class="normal"><sp/><sp/><sp/><sp/><sp/><sp/><sp/><sp/><sp/><sp/><sp/><sp/></highlight><highlight class="keywordflow">if</highlight><highlight class="normal"><sp/>(this-&gt;<ref refid="class_hotel_1a16da8c14e35900d8455c97e6dd62b0fc" kindref="member">rooms</ref>[i].get_bedCount()<sp/>&lt;=<sp/>beds)</highlight></codeline>
<codeline lineno="99"><highlight class="normal"><sp/><sp/><sp/><sp/><sp/><sp/><sp/><sp/><sp/><sp/><sp/><sp/>{</highlight></codeline>
<codeline lineno="100"><highlight class="normal"><sp/><sp/><sp/><sp/><sp/><sp/><sp/><sp/><sp/><sp/><sp/><sp/><sp/><sp/><sp/><sp/><sp/><sp/></highlight><highlight class="keywordflow">if</highlight><highlight class="normal"><sp/>(this-&gt;<ref refid="class_hotel_1a571420ca46d238c52737a19a9344fbfc" kindref="member">isFree</ref>(i,<sp/>startingDate,<sp/>endDate))</highlight></codeline>
<codeline lineno="101"><highlight class="normal"><sp/><sp/><sp/><sp/><sp/><sp/><sp/><sp/><sp/><sp/><sp/><sp/><sp/><sp/><sp/><sp/><sp/><sp/>{</highlight></codeline>
<codeline lineno="102"><highlight class="normal"><sp/><sp/><sp/><sp/><sp/><sp/><sp/><sp/><sp/><sp/><sp/><sp/><sp/><sp/><sp/><sp/><sp/><sp/><sp/><sp/><sp/><sp/><sp/><sp/>this-&gt;<ref refid="class_hotel_1a16da8c14e35900d8455c97e6dd62b0fc" kindref="member">rooms</ref>[i].set_startDate(startingDate);</highlight></codeline>
<codeline lineno="103"><highlight class="normal"><sp/><sp/><sp/><sp/><sp/><sp/><sp/><sp/><sp/><sp/><sp/><sp/><sp/><sp/><sp/><sp/><sp/><sp/><sp/><sp/><sp/><sp/><sp/><sp/>this-&gt;<ref refid="class_hotel_1a16da8c14e35900d8455c97e6dd62b0fc" kindref="member">rooms</ref>[i].set_endDate(endDate);</highlight></codeline>
<codeline lineno="104"><highlight class="normal"><sp/><sp/><sp/><sp/><sp/><sp/><sp/><sp/><sp/><sp/><sp/><sp/><sp/><sp/><sp/><sp/><sp/><sp/><sp/><sp/><sp/><sp/><sp/><sp/>this-&gt;<ref refid="class_hotel_1a16da8c14e35900d8455c97e6dd62b0fc" kindref="member">rooms</ref>[i].set_guest(</highlight><highlight class="stringliteral">&quot;&quot;</highlight><highlight class="normal">);</highlight></codeline>
<codeline lineno="105"><highlight class="normal"><sp/><sp/><sp/><sp/><sp/><sp/><sp/><sp/><sp/><sp/><sp/><sp/><sp/><sp/><sp/><sp/><sp/><sp/><sp/><sp/><sp/><sp/><sp/><sp/></highlight><highlight class="keywordflow">break</highlight><highlight class="normal">;</highlight></codeline>
<codeline lineno="106"><highlight class="normal"><sp/><sp/><sp/><sp/><sp/><sp/><sp/><sp/><sp/><sp/><sp/><sp/><sp/><sp/><sp/><sp/><sp/><sp/>}</highlight></codeline>
<codeline lineno="107"><highlight class="normal"><sp/><sp/><sp/><sp/><sp/><sp/><sp/><sp/><sp/><sp/><sp/><sp/>}</highlight></codeline>
<codeline lineno="108"><highlight class="normal"><sp/><sp/><sp/><sp/><sp/><sp/>}</highlight></codeline>
<codeline lineno="109"><highlight class="normal">}</highlight></codeline>
<codeline lineno="111" refid="class_hotel_1abff6901218c96643e4cdfad7e232f208" refkind="member"><highlight class="keywordtype">void</highlight><highlight class="normal"><sp/><ref refid="class_hotel_1abff6901218c96643e4cdfad7e232f208" kindref="member">Hotel::VIP_find</ref>(</highlight><highlight class="keywordtype">int</highlight><highlight class="normal"><sp/>beds,<sp/></highlight><highlight class="keyword">const</highlight><highlight class="normal"><sp/><ref refid="class_date" kindref="compound">Date</ref><sp/>&amp;startingDate,<sp/></highlight><highlight class="keyword">const</highlight><highlight class="normal"><sp/><ref refid="class_date" kindref="compound">Date</ref><sp/>&amp;endDate)</highlight></codeline>
<codeline lineno="112"><highlight class="normal">{</highlight></codeline>
<codeline lineno="114"><highlight class="normal"><sp/><sp/><sp/><sp/><sp/><sp/>this-&gt;<ref refid="class_hotel_1aa32ea42a80c8af601b69d84056b7d6d3" kindref="member">sortRoomsByBedCount</ref>(this-&gt;<ref refid="class_hotel_1a16da8c14e35900d8455c97e6dd62b0fc" kindref="member">rooms</ref>);</highlight></codeline>
<codeline lineno="115"><highlight class="normal"></highlight></codeline>
<codeline lineno="116"><highlight class="normal"><sp/><sp/><sp/><sp/><sp/><sp/></highlight><highlight class="keywordflow">for</highlight><highlight class="normal"><sp/>(</highlight><highlight class="keywordtype">size_t</highlight><highlight class="normal"><sp/>i<sp/>=<sp/>0;<sp/>i<sp/>&lt;<sp/>this-&gt;<ref refid="class_hotel_1a16da8c14e35900d8455c97e6dd62b0fc" kindref="member">rooms</ref>.size();<sp/>i++)</highlight></codeline>
<codeline lineno="117"><highlight class="normal"><sp/><sp/><sp/><sp/><sp/><sp/>{</highlight></codeline>
<codeline lineno="118"><highlight class="normal"><sp/><sp/><sp/><sp/><sp/><sp/><sp/><sp/><sp/><sp/><sp/><sp/></highlight><highlight class="keywordflow">if</highlight><highlight class="normal"><sp/>(this-&gt;<ref refid="class_hotel_1a16da8c14e35900d8455c97e6dd62b0fc" kindref="member">rooms</ref>[i].get_bedCount()<sp/>&gt;=<sp/>beds)</highlight></codeline>
<codeline lineno="119"><highlight class="normal"><sp/><sp/><sp/><sp/><sp/><sp/><sp/><sp/><sp/><sp/><sp/><sp/>{</highlight></codeline>
<codeline lineno="120"><highlight class="normal"><sp/><sp/><sp/><sp/><sp/><sp/><sp/><sp/><sp/><sp/><sp/><sp/><sp/><sp/><sp/><sp/><sp/><sp/>this-&gt;<ref refid="class_hotel_1a16da8c14e35900d8455c97e6dd62b0fc" kindref="member">rooms</ref>[i].set_startDate(startingDate);</highlight></codeline>
<codeline lineno="121"><highlight class="normal"><sp/><sp/><sp/><sp/><sp/><sp/><sp/><sp/><sp/><sp/><sp/><sp/><sp/><sp/><sp/><sp/><sp/><sp/>this-&gt;<ref refid="class_hotel_1a16da8c14e35900d8455c97e6dd62b0fc" kindref="member">rooms</ref>[i].set_endDate(endDate);</highlight></codeline>
<codeline lineno="122"><highlight class="normal"><sp/><sp/><sp/><sp/><sp/><sp/><sp/><sp/><sp/><sp/><sp/><sp/><sp/><sp/><sp/><sp/><sp/><sp/>this-&gt;<ref refid="class_hotel_1a16da8c14e35900d8455c97e6dd62b0fc" kindref="member">rooms</ref>[i].set_guest(</highlight><highlight class="stringliteral">&quot;VIP&quot;</highlight><highlight class="normal">);</highlight></codeline>
<codeline lineno="123"><highlight class="normal"><sp/><sp/><sp/><sp/><sp/><sp/><sp/><sp/><sp/><sp/><sp/><sp/><sp/><sp/><sp/><sp/><sp/><sp/></highlight><highlight class="keywordflow">break</highlight><highlight class="normal">;</highlight></codeline>
<codeline lineno="124"><highlight class="normal"><sp/><sp/><sp/><sp/><sp/><sp/><sp/><sp/><sp/><sp/><sp/><sp/>}</highlight></codeline>
<codeline lineno="125"><highlight class="normal"><sp/><sp/><sp/><sp/><sp/><sp/><sp/><sp/><sp/><sp/><sp/><sp/></highlight><highlight class="keywordflow">else</highlight><highlight class="normal"><sp/></highlight><highlight class="keywordflow">if</highlight><highlight class="normal"><sp/>(this-&gt;<ref refid="class_hotel_1a16da8c14e35900d8455c97e6dd62b0fc" kindref="member">rooms</ref>[i].get_bedCount()<sp/>&lt;<sp/>beds<sp/>&amp;&amp;<sp/>i<sp/>==<sp/>this-&gt;<ref refid="class_hotel_1a16da8c14e35900d8455c97e6dd62b0fc" kindref="member">rooms</ref>.size()<sp/>-<sp/>1)</highlight></codeline>
<codeline lineno="126"><highlight class="normal"><sp/><sp/><sp/><sp/><sp/><sp/><sp/><sp/><sp/><sp/><sp/><sp/>{</highlight></codeline>
<codeline lineno="127"><highlight class="normal"><sp/><sp/><sp/><sp/><sp/><sp/><sp/><sp/><sp/><sp/><sp/><sp/><sp/><sp/><sp/><sp/><sp/><sp/></highlight><highlight class="keywordflow">for</highlight><highlight class="normal"><sp/>(</highlight><highlight class="keywordtype">size_t</highlight><highlight class="normal"><sp/>i<sp/>=<sp/>0;<sp/>i<sp/>&lt;<sp/>this-&gt;<ref refid="class_hotel_1a16da8c14e35900d8455c97e6dd62b0fc" kindref="member">rooms</ref>.size();<sp/>i++)</highlight></codeline>
<codeline lineno="128"><highlight class="normal"><sp/><sp/><sp/><sp/><sp/><sp/><sp/><sp/><sp/><sp/><sp/><sp/><sp/><sp/><sp/><sp/><sp/><sp/>{</highlight></codeline>
<codeline lineno="129"><highlight class="normal"><sp/><sp/><sp/><sp/><sp/><sp/><sp/><sp/><sp/><sp/><sp/><sp/><sp/><sp/><sp/><sp/><sp/><sp/><sp/><sp/><sp/><sp/><sp/><sp/></highlight><highlight class="keywordtype">int</highlight><highlight class="normal"><sp/>sumBeds<sp/>=<sp/>this-&gt;<ref refid="class_hotel_1a16da8c14e35900d8455c97e6dd62b0fc" kindref="member">rooms</ref>[i].get_bedCount()<sp/>+<sp/>this-&gt;<ref refid="class_hotel_1a16da8c14e35900d8455c97e6dd62b0fc" kindref="member">rooms</ref>[i<sp/>+<sp/>1].get_bedCount();</highlight></codeline>
<codeline lineno="130"><highlight class="normal"><sp/><sp/><sp/><sp/><sp/><sp/><sp/><sp/><sp/><sp/><sp/><sp/><sp/><sp/><sp/><sp/><sp/><sp/><sp/><sp/><sp/><sp/><sp/><sp/></highlight><highlight class="keywordflow">if</highlight><highlight class="normal"><sp/>(sumBeds<sp/>&gt;=<sp/>beds)</highlight></codeline>
<codeline lineno="131"><highlight class="normal"><sp/><sp/><sp/><sp/><sp/><sp/><sp/><sp/><sp/><sp/><sp/><sp/><sp/><sp/><sp/><sp/><sp/><sp/><sp/><sp/><sp/><sp/><sp/><sp/>{</highlight></codeline>
<codeline lineno="132"><highlight class="normal"><sp/><sp/><sp/><sp/><sp/><sp/><sp/><sp/><sp/><sp/><sp/><sp/><sp/><sp/><sp/><sp/><sp/><sp/><sp/><sp/><sp/><sp/><sp/><sp/><sp/><sp/><sp/><sp/><sp/><sp/>this-&gt;<ref refid="class_hotel_1a16da8c14e35900d8455c97e6dd62b0fc" kindref="member">rooms</ref>[i].set_startDate(startingDate);</highlight></codeline>
<codeline lineno="133"><highlight class="normal"><sp/><sp/><sp/><sp/><sp/><sp/><sp/><sp/><sp/><sp/><sp/><sp/><sp/><sp/><sp/><sp/><sp/><sp/><sp/><sp/><sp/><sp/><sp/><sp/><sp/><sp/><sp/><sp/><sp/><sp/>this-&gt;<ref refid="class_hotel_1a16da8c14e35900d8455c97e6dd62b0fc" kindref="member">rooms</ref>[i].set_endDate(endDate);</highlight></codeline>
<codeline lineno="134"><highlight class="normal"><sp/><sp/><sp/><sp/><sp/><sp/><sp/><sp/><sp/><sp/><sp/><sp/><sp/><sp/><sp/><sp/><sp/><sp/><sp/><sp/><sp/><sp/><sp/><sp/><sp/><sp/><sp/><sp/><sp/><sp/>this-&gt;<ref refid="class_hotel_1a16da8c14e35900d8455c97e6dd62b0fc" kindref="member">rooms</ref>[i].set_guest(</highlight><highlight class="stringliteral">&quot;VIP&quot;</highlight><highlight class="normal">);</highlight></codeline>
<codeline lineno="135"><highlight class="normal"><sp/><sp/><sp/><sp/><sp/><sp/><sp/><sp/><sp/><sp/><sp/><sp/><sp/><sp/><sp/><sp/><sp/><sp/><sp/><sp/><sp/><sp/><sp/><sp/><sp/><sp/><sp/><sp/><sp/><sp/>this-&gt;<ref refid="class_hotel_1a16da8c14e35900d8455c97e6dd62b0fc" kindref="member">rooms</ref>[i<sp/>+<sp/>1].set_startDate(startingDate);</highlight></codeline>
<codeline lineno="136"><highlight class="normal"><sp/><sp/><sp/><sp/><sp/><sp/><sp/><sp/><sp/><sp/><sp/><sp/><sp/><sp/><sp/><sp/><sp/><sp/><sp/><sp/><sp/><sp/><sp/><sp/><sp/><sp/><sp/><sp/><sp/><sp/>this-&gt;<ref refid="class_hotel_1a16da8c14e35900d8455c97e6dd62b0fc" kindref="member">rooms</ref>[i<sp/>+<sp/>1].set_endDate(endDate);</highlight></codeline>
<codeline lineno="137"><highlight class="normal"><sp/><sp/><sp/><sp/><sp/><sp/><sp/><sp/><sp/><sp/><sp/><sp/><sp/><sp/><sp/><sp/><sp/><sp/><sp/><sp/><sp/><sp/><sp/><sp/><sp/><sp/><sp/><sp/><sp/><sp/>this-&gt;<ref refid="class_hotel_1a16da8c14e35900d8455c97e6dd62b0fc" kindref="member">rooms</ref>[i<sp/>+<sp/>1].set_guest(</highlight><highlight class="stringliteral">&quot;VIP&quot;</highlight><highlight class="normal">);</highlight></codeline>
<codeline lineno="138"><highlight class="normal"><sp/><sp/><sp/><sp/><sp/><sp/><sp/><sp/><sp/><sp/><sp/><sp/><sp/><sp/><sp/><sp/><sp/><sp/><sp/><sp/><sp/><sp/><sp/><sp/><sp/><sp/><sp/><sp/><sp/><sp/></highlight><highlight class="keywordflow">break</highlight><highlight class="normal">;</highlight></codeline>
<codeline lineno="139"><highlight class="normal"><sp/><sp/><sp/><sp/><sp/><sp/><sp/><sp/><sp/><sp/><sp/><sp/><sp/><sp/><sp/><sp/><sp/><sp/><sp/><sp/><sp/><sp/><sp/><sp/>}</highlight></codeline>
<codeline lineno="140"><highlight class="normal"><sp/><sp/><sp/><sp/><sp/><sp/><sp/><sp/><sp/><sp/><sp/><sp/><sp/><sp/><sp/><sp/><sp/><sp/>}</highlight></codeline>
<codeline lineno="141"><highlight class="normal"><sp/><sp/><sp/><sp/><sp/><sp/><sp/><sp/><sp/><sp/><sp/><sp/>}</highlight></codeline>
<codeline lineno="142"><highlight class="normal"><sp/><sp/><sp/><sp/><sp/><sp/>}<sp/><sp/><sp/><sp/><sp/></highlight></codeline>
<codeline lineno="143"><highlight class="normal">}</highlight></codeline>
<codeline lineno="145" refid="class_hotel_1a0ae20bdccac171bd43f1c24e5687c645" refkind="member"><highlight class="keywordtype">void</highlight><highlight class="normal"><sp/><ref refid="class_hotel_1a0ae20bdccac171bd43f1c24e5687c645" kindref="member">Hotel::unavailable</ref>(</highlight><highlight class="keywordtype">int</highlight><highlight class="normal"><sp/>room,<sp/></highlight><highlight class="keyword">const</highlight><highlight class="normal"><sp/><ref refid="class_date" kindref="compound">Date</ref><sp/>&amp;startingDate,<sp/></highlight><highlight class="keyword">const</highlight><highlight class="normal"><sp/><ref refid="class_date" kindref="compound">Date</ref><sp/>&amp;endDate,<sp/></highlight><highlight class="keyword">const</highlight><highlight class="normal"><sp/>std::string<sp/>&amp;note)</highlight></codeline>
<codeline lineno="146"><highlight class="normal">{</highlight></codeline>
<codeline lineno="147"><highlight class="normal"><sp/><sp/><sp/><sp/><sp/><sp/></highlight><highlight class="keywordflow">for</highlight><highlight class="normal"><sp/>(</highlight><highlight class="keywordtype">size_t</highlight><highlight class="normal"><sp/>i<sp/>=<sp/>0;<sp/>i<sp/>&lt;<sp/>this-&gt;<ref refid="class_hotel_1a16da8c14e35900d8455c97e6dd62b0fc" kindref="member">rooms</ref>.size();<sp/>i++)</highlight></codeline>
<codeline lineno="148"><highlight class="normal"><sp/><sp/><sp/><sp/><sp/><sp/>{</highlight></codeline>
<codeline lineno="149"><highlight class="normal"><sp/><sp/><sp/><sp/><sp/><sp/><sp/><sp/><sp/><sp/><sp/><sp/></highlight><highlight class="keywordflow">if</highlight><highlight class="normal"><sp/>(this-&gt;<ref refid="class_hotel_1a16da8c14e35900d8455c97e6dd62b0fc" kindref="member">rooms</ref>[i].get_number()<sp/>==<sp/>room)</highlight></codeline>
<codeline lineno="150"><highlight class="normal"><sp/><sp/><sp/><sp/><sp/><sp/><sp/><sp/><sp/><sp/><sp/><sp/>{</highlight></codeline>
<codeline lineno="151"><highlight class="normal"><sp/><sp/><sp/><sp/><sp/><sp/><sp/><sp/><sp/><sp/><sp/><sp/><sp/><sp/><sp/><sp/><sp/><sp/>this-&gt;<ref refid="class_hotel_1a16da8c14e35900d8455c97e6dd62b0fc" kindref="member">rooms</ref>[i].set_startDate(startingDate);</highlight></codeline>
<codeline lineno="152"><highlight class="normal"><sp/><sp/><sp/><sp/><sp/><sp/><sp/><sp/><sp/><sp/><sp/><sp/><sp/><sp/><sp/><sp/><sp/><sp/>this-&gt;<ref refid="class_hotel_1a16da8c14e35900d8455c97e6dd62b0fc" kindref="member">rooms</ref>[i].set_endDate(endDate);</highlight></codeline>
<codeline lineno="153"><highlight class="normal"><sp/><sp/><sp/><sp/><sp/><sp/><sp/><sp/><sp/><sp/><sp/><sp/><sp/><sp/><sp/><sp/><sp/><sp/>this-&gt;<ref refid="class_hotel_1a16da8c14e35900d8455c97e6dd62b0fc" kindref="member">rooms</ref>[i].set_guest(note);</highlight></codeline>
<codeline lineno="154"><highlight class="normal"><sp/><sp/><sp/><sp/><sp/><sp/><sp/><sp/><sp/><sp/><sp/><sp/>}</highlight></codeline>
<codeline lineno="155"><highlight class="normal"><sp/><sp/><sp/><sp/><sp/><sp/>}</highlight></codeline>
<codeline lineno="156"><highlight class="normal">}</highlight></codeline>
<codeline lineno="158" refid="class_hotel_1ae53b1ad03b24d52c98e47f296da07196" refkind="member"><highlight class="keywordtype">void</highlight><highlight class="normal"><sp/><ref refid="class_hotel_1ae53b1ad03b24d52c98e47f296da07196" kindref="member">Hotel::print</ref>(std::ofstream<sp/>&amp;file)</highlight></codeline>
<codeline lineno="159"><highlight class="normal">{</highlight></codeline>
<codeline lineno="160"><highlight class="normal"><sp/><sp/><sp/><sp/><sp/><sp/></highlight><highlight class="keywordflow">for</highlight><highlight class="normal"><sp/>(</highlight><highlight class="keywordtype">int</highlight><highlight class="normal"><sp/>i<sp/>=<sp/>0;<sp/>i<sp/>&lt;<sp/>this-&gt;<ref refid="class_hotel_1a16da8c14e35900d8455c97e6dd62b0fc" kindref="member">rooms</ref>.size();<sp/>i++)</highlight></codeline>
<codeline lineno="161"><highlight class="normal"><sp/><sp/><sp/><sp/><sp/><sp/>{</highlight></codeline>
<codeline lineno="162"><highlight class="normal"><sp/><sp/><sp/><sp/><sp/><sp/><sp/><sp/><sp/><sp/><sp/><sp/>file<sp/>&lt;&lt;<sp/>this-&gt;<ref refid="class_hotel_1a16da8c14e35900d8455c97e6dd62b0fc" kindref="member">rooms</ref>[i].get_number()<sp/>&lt;&lt;<sp/></highlight><highlight class="stringliteral">&quot;<sp/>&quot;</highlight><highlight class="normal"><sp/>&lt;&lt;<sp/>this-&gt;<ref refid="class_hotel_1a16da8c14e35900d8455c97e6dd62b0fc" kindref="member">rooms</ref>[i].get_bedCount()</highlight></codeline>
<codeline lineno="163"><highlight class="normal"><sp/><sp/><sp/><sp/><sp/><sp/><sp/><sp/><sp/><sp/><sp/><sp/><sp/><sp/><sp/><sp/><sp/><sp/>&lt;&lt;<sp/></highlight><highlight class="stringliteral">&quot;<sp/>&quot;</highlight><highlight class="normal"><sp/>&lt;&lt;<sp/>this-&gt;<ref refid="class_hotel_1a16da8c14e35900d8455c97e6dd62b0fc" kindref="member">rooms</ref>[i].get_startDate().get_day()</highlight></codeline>
<codeline lineno="164"><highlight class="normal"><sp/><sp/><sp/><sp/><sp/><sp/><sp/><sp/><sp/><sp/><sp/><sp/><sp/><sp/><sp/><sp/><sp/><sp/>&lt;&lt;<sp/></highlight><highlight class="stringliteral">&quot;.&quot;</highlight><highlight class="normal"><sp/>&lt;&lt;<sp/>this-&gt;<ref refid="class_hotel_1a16da8c14e35900d8455c97e6dd62b0fc" kindref="member">rooms</ref>[i].get_startDate().get_month()</highlight></codeline>
<codeline lineno="165"><highlight class="normal"><sp/><sp/><sp/><sp/><sp/><sp/><sp/><sp/><sp/><sp/><sp/><sp/><sp/><sp/><sp/><sp/><sp/><sp/>&lt;&lt;<sp/></highlight><highlight class="stringliteral">&quot;.&quot;</highlight><highlight class="normal"><sp/>&lt;&lt;<sp/>this-&gt;<ref refid="class_hotel_1a16da8c14e35900d8455c97e6dd62b0fc" kindref="member">rooms</ref>[i].get_startDate().get_year()</highlight></codeline>
<codeline lineno="166"><highlight class="normal"><sp/><sp/><sp/><sp/><sp/><sp/><sp/><sp/><sp/><sp/><sp/><sp/><sp/><sp/><sp/><sp/><sp/><sp/>&lt;&lt;<sp/></highlight><highlight class="stringliteral">&quot;<sp/>&quot;</highlight><highlight class="normal"><sp/>&lt;&lt;<sp/>this-&gt;<ref refid="class_hotel_1a16da8c14e35900d8455c97e6dd62b0fc" kindref="member">rooms</ref>[i].get_endDate().get_day()</highlight></codeline>
<codeline lineno="167"><highlight class="normal"><sp/><sp/><sp/><sp/><sp/><sp/><sp/><sp/><sp/><sp/><sp/><sp/><sp/><sp/><sp/><sp/><sp/><sp/>&lt;&lt;<sp/></highlight><highlight class="stringliteral">&quot;.&quot;</highlight><highlight class="normal"><sp/>&lt;&lt;<sp/>this-&gt;<ref refid="class_hotel_1a16da8c14e35900d8455c97e6dd62b0fc" kindref="member">rooms</ref>[i].get_endDate().get_month()</highlight></codeline>
<codeline lineno="168"><highlight class="normal"><sp/><sp/><sp/><sp/><sp/><sp/><sp/><sp/><sp/><sp/><sp/><sp/><sp/><sp/><sp/><sp/><sp/><sp/>&lt;&lt;<sp/></highlight><highlight class="stringliteral">&quot;.&quot;</highlight><highlight class="normal"><sp/>&lt;&lt;<sp/>this-&gt;<ref refid="class_hotel_1a16da8c14e35900d8455c97e6dd62b0fc" kindref="member">rooms</ref>[i].get_endDate().get_year()</highlight></codeline>
<codeline lineno="169"><highlight class="normal"><sp/><sp/><sp/><sp/><sp/><sp/><sp/><sp/><sp/><sp/><sp/><sp/><sp/><sp/><sp/><sp/><sp/><sp/>&lt;&lt;<sp/></highlight><highlight class="stringliteral">&quot;<sp/>&quot;</highlight><highlight class="normal"><sp/>&lt;&lt;<sp/>this-&gt;<ref refid="class_hotel_1a16da8c14e35900d8455c97e6dd62b0fc" kindref="member">rooms</ref>[i].get_guests()<sp/>&lt;&lt;<sp/>std::endl;</highlight></codeline>
<codeline lineno="170"><highlight class="normal"><sp/><sp/><sp/><sp/><sp/><sp/>}</highlight></codeline>
<codeline lineno="171"><highlight class="normal">}</highlight></codeline>
    </programlisting>
    <location file="C:/Users/Viktor/source/repos/project_1_Hotel/project_1_Hotel/Hotel.cpp"/>
  </compounddef>
</doxygen>
