<?xml version='1.0' encoding='UTF-8' standalone='no'?>
<doxygen xmlns:xsi="http://www.w3.org/2001/XMLSchema-instance" xsi:noNamespaceSchemaLocation="compound.xsd" version="1.8.18">
  <compounddef id="_room_8h" kind="file" language="C++">
    <compoundname>Room.h</compoundname>
    <includes refid="_date_8h" local="yes">Date.h</includes>
    <includes local="no">string</includes>
    <includedby refid="_hotel_8h" local="yes">Hotel.h</includedby>
    <includedby refid="project__1___hotel_8cpp" local="yes">project_1_Hotel.cpp</includedby>
    <includedby refid="_room_8cpp" local="yes">Room.cpp</includedby>
    <incdepgraph>
      <node id="3">
        <label>string</label>
      </node>
      <node id="1">
        <label>Room.h</label>
        <link refid="_room_8h"/>
        <childnode refid="2" relation="include">
        </childnode>
        <childnode refid="3" relation="include">
        </childnode>
      </node>
      <node id="2">
        <label>Date.h</label>
        <link refid="_date_8h"/>
      </node>
    </incdepgraph>
    <invincdepgraph>
      <node id="1">
        <label>Room.h</label>
        <link refid="_room_8h"/>
        <childnode refid="2" relation="include">
        </childnode>
        <childnode refid="4" relation="include">
        </childnode>
        <childnode refid="5" relation="include">
        </childnode>
      </node>
      <node id="5">
        <label>Room.cpp</label>
        <link refid="_room_8cpp"/>
      </node>
      <node id="2">
        <label>Hotel.h</label>
        <link refid="_hotel_8h"/>
        <childnode refid="3" relation="include">
        </childnode>
        <childnode refid="4" relation="include">
        </childnode>
      </node>
      <node id="4">
        <label>project_1_Hotel.cpp</label>
        <link refid="project__1___hotel_8cpp"/>
      </node>
      <node id="3">
        <label>Hotel.cpp</label>
        <link refid="_hotel_8cpp"/>
      </node>
    </invincdepgraph>
    <innerclass refid="class_room" prot="public">Room</innerclass>
    <briefdescription>
    </briefdescription>
    <detaileddescription>
    </detaileddescription>
    <programlisting>
<codeline lineno="1"><highlight class="preprocessor">#pragma<sp/>once</highlight><highlight class="normal"></highlight></codeline>
<codeline lineno="2"><highlight class="normal"></highlight><highlight class="preprocessor">#include<sp/>&quot;<ref refid="_date_8h" kindref="compound">Date.h</ref>&quot;</highlight><highlight class="normal"></highlight></codeline>
<codeline lineno="3"><highlight class="normal"></highlight><highlight class="preprocessor">#include&lt;string&gt;</highlight><highlight class="normal"></highlight></codeline>
<codeline lineno="4"><highlight class="normal"></highlight></codeline>
<codeline lineno="8" refid="class_room" refkind="compound"><highlight class="keyword">class<sp/></highlight><highlight class="normal"><ref refid="class_room" kindref="compound">Room</ref></highlight></codeline>
<codeline lineno="9"><highlight class="normal">{</highlight></codeline>
<codeline lineno="10"><highlight class="normal"></highlight><highlight class="keyword">private</highlight><highlight class="normal">:</highlight></codeline>
<codeline lineno="11" refid="class_room_1ace0776823076279027a43e37096f44a2" refkind="member"><highlight class="normal"><sp/><sp/><sp/><sp/><sp/><sp/></highlight><highlight class="keywordtype">int</highlight><highlight class="normal"><sp/><ref refid="class_room_1ace0776823076279027a43e37096f44a2" kindref="member">number</ref>;</highlight></codeline>
<codeline lineno="12" refid="class_room_1afe08419edb2d4512d60d498f752c4dbf" refkind="member"><highlight class="normal"><sp/><sp/><sp/><sp/><sp/><sp/></highlight><highlight class="keywordtype">int</highlight><highlight class="normal"><sp/><ref refid="class_room_1afe08419edb2d4512d60d498f752c4dbf" kindref="member">bedCount</ref>;</highlight></codeline>
<codeline lineno="13" refid="class_room_1a50805c8f577d2c1f3fb41cb8fa48809a" refkind="member"><highlight class="normal"><sp/><sp/><sp/><sp/><sp/><sp/>std::string<sp/><ref refid="class_room_1a50805c8f577d2c1f3fb41cb8fa48809a" kindref="member">guests</ref>;</highlight></codeline>
<codeline lineno="14" refid="class_room_1a94e36881b70913044d32d703281efbce" refkind="member"><highlight class="normal"><sp/><sp/><sp/><sp/><sp/><sp/><ref refid="class_date" kindref="compound">Date</ref><sp/><ref refid="class_room_1a94e36881b70913044d32d703281efbce" kindref="member">startDate</ref>;</highlight></codeline>
<codeline lineno="15" refid="class_room_1a6c81243823872a5ecd01634735d6148a" refkind="member"><highlight class="normal"><sp/><sp/><sp/><sp/><sp/><sp/><ref refid="class_date" kindref="compound">Date</ref><sp/><ref refid="class_room_1a6c81243823872a5ecd01634735d6148a" kindref="member">endDate</ref>;</highlight></codeline>
<codeline lineno="16"><highlight class="normal"></highlight><highlight class="keyword">public</highlight><highlight class="normal">:</highlight></codeline>
<codeline lineno="17"><highlight class="normal"><sp/><sp/><sp/><sp/><sp/><sp/><ref refid="class_room_1ac6ef93a7d9c3e1d624e025058d5f16ff" kindref="member">Room</ref>();</highlight></codeline>
<codeline lineno="18"><highlight class="normal"><sp/><sp/><sp/><sp/><sp/><sp/><ref refid="class_room_1ac6ef93a7d9c3e1d624e025058d5f16ff" kindref="member">Room</ref>(</highlight><highlight class="keywordtype">int</highlight><highlight class="normal"><sp/><ref refid="class_room_1ace0776823076279027a43e37096f44a2" kindref="member">number</ref>,</highlight><highlight class="keywordtype">int</highlight><highlight class="normal"><sp/><ref refid="class_room_1afe08419edb2d4512d60d498f752c4dbf" kindref="member">bedCount</ref>,<sp/>std::string<sp/><ref refid="class_room_1a50805c8f577d2c1f3fb41cb8fa48809a" kindref="member">guests</ref>,<sp/></highlight><highlight class="keyword">const</highlight><highlight class="normal"><sp/><ref refid="class_date" kindref="compound">Date</ref><sp/><ref refid="class_room_1a94e36881b70913044d32d703281efbce" kindref="member">startDate</ref>,<sp/></highlight><highlight class="keyword">const</highlight><highlight class="normal"><sp/><ref refid="class_date" kindref="compound">Date</ref><sp/><ref refid="class_room_1a6c81243823872a5ecd01634735d6148a" kindref="member">endDate</ref>);</highlight></codeline>
<codeline lineno="19"><highlight class="normal"></highlight></codeline>
<codeline lineno="20"><highlight class="normal"><sp/><sp/><sp/><sp/><sp/><sp/></highlight><highlight class="keywordtype">int</highlight><highlight class="normal"><sp/><ref refid="class_room_1a31a78a6ad21b6552e59ee8e926706c24" kindref="member">get_number</ref>()<sp/></highlight><highlight class="keyword">const</highlight><highlight class="normal">;</highlight></codeline>
<codeline lineno="21"><highlight class="normal"><sp/><sp/><sp/><sp/><sp/><sp/></highlight><highlight class="keywordtype">int</highlight><highlight class="normal"><sp/><ref refid="class_room_1a860f47bae97bdcd24d519e208cc64ef3" kindref="member">get_bedCount</ref>()<sp/></highlight><highlight class="keyword">const</highlight><highlight class="normal">;</highlight></codeline>
<codeline lineno="22"><highlight class="normal"><sp/><sp/><sp/><sp/><sp/><sp/></highlight><highlight class="keyword">const</highlight><highlight class="normal"><sp/>std::string<sp/><ref refid="class_room_1a34a46af1773a41d22e9e925680709bd7" kindref="member">get_guests</ref>()<sp/></highlight><highlight class="keyword">const</highlight><highlight class="normal">;</highlight></codeline>
<codeline lineno="23"><highlight class="normal"><sp/><sp/><sp/><sp/><sp/><sp/><ref refid="class_date" kindref="compound">Date</ref><sp/><ref refid="class_room_1afb791720af8989e818f41a9305534dfa" kindref="member">get_startDate</ref>()<sp/></highlight><highlight class="keyword">const</highlight><highlight class="normal">;</highlight></codeline>
<codeline lineno="24"><highlight class="normal"><sp/><sp/><sp/><sp/><sp/><sp/><ref refid="class_date" kindref="compound">Date</ref><sp/><ref refid="class_room_1a63955d07afe48314a6b12afcd6312ad4" kindref="member">get_endDate</ref>()<sp/></highlight><highlight class="keyword">const</highlight><highlight class="normal">;</highlight></codeline>
<codeline lineno="25"><highlight class="normal"></highlight></codeline>
<codeline lineno="26"><highlight class="normal"><sp/><sp/><sp/><sp/><sp/><sp/></highlight><highlight class="keywordtype">void</highlight><highlight class="normal"><sp/><ref refid="class_room_1a99b5322aacd5b2572f878b36cf9513f1" kindref="member">set_number</ref>(</highlight><highlight class="keywordtype">int</highlight><highlight class="normal"><sp/><ref refid="class_room_1ace0776823076279027a43e37096f44a2" kindref="member">number</ref>);</highlight></codeline>
<codeline lineno="27"><highlight class="normal"><sp/><sp/><sp/><sp/><sp/><sp/></highlight><highlight class="keywordtype">void</highlight><highlight class="normal"><sp/><ref refid="class_room_1af170f682d32dd29223055c18dcf7a83b" kindref="member">set_bedCount</ref>(</highlight><highlight class="keywordtype">int</highlight><highlight class="normal"><sp/><ref refid="class_room_1afe08419edb2d4512d60d498f752c4dbf" kindref="member">bedCount</ref>);</highlight></codeline>
<codeline lineno="28"><highlight class="normal"><sp/><sp/><sp/><sp/><sp/><sp/></highlight><highlight class="keywordtype">void</highlight><highlight class="normal"><sp/><ref refid="class_room_1a6d8c39f6db65fb858de316c30827e5fc" kindref="member">set_guest</ref>(std::string<sp/><ref refid="class_room_1a50805c8f577d2c1f3fb41cb8fa48809a" kindref="member">guests</ref>);</highlight></codeline>
<codeline lineno="29"><highlight class="normal"><sp/><sp/><sp/><sp/><sp/><sp/></highlight><highlight class="keywordtype">void</highlight><highlight class="normal"><sp/><ref refid="class_room_1a03cc7e48dc237ce20e41475ce951650d" kindref="member">set_startDate</ref>(<ref refid="class_date" kindref="compound">Date</ref><sp/>other);</highlight></codeline>
<codeline lineno="30"><highlight class="normal"><sp/><sp/><sp/><sp/><sp/><sp/></highlight><highlight class="keywordtype">void</highlight><highlight class="normal"><sp/><ref refid="class_room_1afad380db116373e6fa067a65cf561787" kindref="member">set_endDate</ref>(<ref refid="class_date" kindref="compound">Date</ref><sp/>other);</highlight></codeline>
<codeline lineno="31"><highlight class="normal">};</highlight></codeline>
<codeline lineno="32"><highlight class="normal"></highlight></codeline>
    </programlisting>
    <location file="C:/Users/Viktor/source/repos/project_1_Hotel/project_1_Hotel/Room.h"/>
  </compounddef>
</doxygen>
