<?xml version='1.0' encoding='UTF-8' standalone='no'?>
<doxygen xmlns:xsi="http://www.w3.org/2001/XMLSchema-instance" xsi:noNamespaceSchemaLocation="compound.xsd" version="1.8.18">
  <compounddef id="_room_8cpp" kind="file" language="C++">
    <compoundname>Room.cpp</compoundname>
    <includes refid="stdafx_8h" local="yes">stdafx.h</includes>
    <includes refid="_room_8h" local="yes">Room.h</includes>
    <incdepgraph>
      <node id="4">
        <label>SDKDDKVer.h</label>
      </node>
      <node id="2">
        <label>stdafx.h</label>
        <link refid="stdafx_8h"/>
        <childnode refid="3" relation="include">
        </childnode>
        <childnode refid="5" relation="include">
        </childnode>
        <childnode refid="6" relation="include">
        </childnode>
      </node>
      <node id="9">
        <label>string</label>
      </node>
      <node id="7">
        <label>Room.h</label>
        <link refid="_room_8h"/>
        <childnode refid="8" relation="include">
        </childnode>
        <childnode refid="9" relation="include">
        </childnode>
      </node>
      <node id="1">
        <label>Room.cpp</label>
        <link refid="_room_8cpp"/>
        <childnode refid="2" relation="include">
        </childnode>
        <childnode refid="7" relation="include">
        </childnode>
      </node>
      <node id="8">
        <label>Date.h</label>
        <link refid="_date_8h"/>
      </node>
      <node id="3">
        <label>targetver.h</label>
        <link refid="targetver_8h"/>
        <childnode refid="4" relation="include">
        </childnode>
      </node>
      <node id="6">
        <label>tchar.h</label>
      </node>
      <node id="5">
        <label>stdio.h</label>
      </node>
    </incdepgraph>
    <briefdescription>
    </briefdescription>
    <detaileddescription>
    </detaileddescription>
    <programlisting>
<codeline lineno="1"><highlight class="preprocessor">#include<sp/>&quot;<ref refid="stdafx_8h" kindref="compound">stdafx.h</ref>&quot;</highlight><highlight class="normal"></highlight></codeline>
<codeline lineno="2"><highlight class="normal"></highlight><highlight class="preprocessor">#include<sp/>&quot;<ref refid="_room_8h" kindref="compound">Room.h</ref>&quot;</highlight><highlight class="normal"></highlight></codeline>
<codeline lineno="3"><highlight class="normal"></highlight></codeline>
<codeline lineno="4" refid="class_room_1ac6ef93a7d9c3e1d624e025058d5f16ff" refkind="member"><highlight class="normal"><ref refid="class_room_1ac6ef93a7d9c3e1d624e025058d5f16ff" kindref="member">Room::Room</ref>()</highlight></codeline>
<codeline lineno="5"><highlight class="normal">{<sp/><sp/><sp/><sp/><sp/></highlight></codeline>
<codeline lineno="6"><highlight class="normal"><sp/><sp/><sp/><sp/><sp/><sp/><ref refid="class_date" kindref="compound">Date</ref><sp/>token;</highlight></codeline>
<codeline lineno="7"><highlight class="normal"><sp/><sp/><sp/><sp/><sp/><sp/>this-&gt;<ref refid="class_room_1ace0776823076279027a43e37096f44a2" kindref="member">number</ref><sp/>=<sp/>0;</highlight></codeline>
<codeline lineno="8"><highlight class="normal"><sp/><sp/><sp/><sp/><sp/><sp/>this-&gt;<ref refid="class_room_1afe08419edb2d4512d60d498f752c4dbf" kindref="member">bedCount</ref><sp/>=<sp/>1;</highlight></codeline>
<codeline lineno="9"><highlight class="normal"><sp/><sp/><sp/><sp/><sp/><sp/>this-&gt;<ref refid="class_room_1a50805c8f577d2c1f3fb41cb8fa48809a" kindref="member">guests</ref><sp/>=<sp/></highlight><highlight class="stringliteral">&quot;----&quot;</highlight><highlight class="normal">;</highlight></codeline>
<codeline lineno="10"><highlight class="normal"><sp/><sp/><sp/><sp/><sp/><sp/>this-&gt;<ref refid="class_room_1a03cc7e48dc237ce20e41475ce951650d" kindref="member">set_startDate</ref>(token);</highlight></codeline>
<codeline lineno="11"><highlight class="normal"><sp/><sp/><sp/><sp/><sp/><sp/>this-&gt;<ref refid="class_room_1afad380db116373e6fa067a65cf561787" kindref="member">set_endDate</ref>(token);</highlight></codeline>
<codeline lineno="12"><highlight class="normal">}</highlight></codeline>
<codeline lineno="13" refid="class_room_1af463b43f585764f173874a2ea5388d07" refkind="member"><highlight class="normal"><ref refid="class_room_1ac6ef93a7d9c3e1d624e025058d5f16ff" kindref="member">Room::Room</ref>(</highlight><highlight class="keywordtype">int</highlight><highlight class="normal"><sp/>number,<sp/></highlight><highlight class="keywordtype">int</highlight><highlight class="normal"><sp/>bedCount,<sp/>std::string<sp/>guests,<sp/></highlight><highlight class="keyword">const</highlight><highlight class="normal"><sp/><ref refid="class_date" kindref="compound">Date</ref><sp/>startDate,<sp/></highlight><highlight class="keyword">const</highlight><highlight class="normal"><sp/><ref refid="class_date" kindref="compound">Date</ref><sp/>endDate)</highlight></codeline>
<codeline lineno="14"><highlight class="normal">{</highlight></codeline>
<codeline lineno="15"><highlight class="normal"><sp/><sp/><sp/><sp/><sp/><sp/>this-&gt;number<sp/>=<sp/><ref refid="class_room_1ace0776823076279027a43e37096f44a2" kindref="member">number</ref>;</highlight></codeline>
<codeline lineno="16"><highlight class="normal"><sp/><sp/><sp/><sp/><sp/><sp/>this-&gt;bedCount<sp/>=<sp/><ref refid="class_room_1afe08419edb2d4512d60d498f752c4dbf" kindref="member">bedCount</ref>;</highlight></codeline>
<codeline lineno="17"><highlight class="normal"><sp/><sp/><sp/><sp/><sp/><sp/>this-&gt;guests<sp/>=<sp/><ref refid="class_room_1a50805c8f577d2c1f3fb41cb8fa48809a" kindref="member">guests</ref>;</highlight></codeline>
<codeline lineno="18"><highlight class="normal"><sp/><sp/><sp/><sp/><sp/><sp/>this-&gt;startDate<sp/>=<sp/><ref refid="class_room_1a94e36881b70913044d32d703281efbce" kindref="member">startDate</ref>;</highlight></codeline>
<codeline lineno="19"><highlight class="normal"><sp/><sp/><sp/><sp/><sp/><sp/>this-&gt;endDate<sp/>=<sp/><ref refid="class_room_1a6c81243823872a5ecd01634735d6148a" kindref="member">endDate</ref>;</highlight></codeline>
<codeline lineno="20"><highlight class="normal"></highlight></codeline>
<codeline lineno="21"><highlight class="normal">}</highlight></codeline>
<codeline lineno="22"><highlight class="normal"></highlight></codeline>
<codeline lineno="23" refid="class_room_1a31a78a6ad21b6552e59ee8e926706c24" refkind="member"><highlight class="normal"></highlight><highlight class="keywordtype">int</highlight><highlight class="normal"><sp/><ref refid="class_room_1a31a78a6ad21b6552e59ee8e926706c24" kindref="member">Room::get_number</ref>()</highlight><highlight class="keyword"><sp/>const</highlight></codeline>
<codeline lineno="24"><highlight class="keyword"></highlight><highlight class="normal">{</highlight></codeline>
<codeline lineno="25"><highlight class="normal"><sp/><sp/><sp/><sp/><sp/><sp/></highlight><highlight class="keywordflow">return</highlight><highlight class="normal"><sp/>this-&gt;<ref refid="class_room_1ace0776823076279027a43e37096f44a2" kindref="member">number</ref>;</highlight></codeline>
<codeline lineno="26"><highlight class="normal">}</highlight></codeline>
<codeline lineno="27" refid="class_room_1a860f47bae97bdcd24d519e208cc64ef3" refkind="member"><highlight class="normal"></highlight><highlight class="keywordtype">int</highlight><highlight class="normal"><sp/><ref refid="class_room_1a860f47bae97bdcd24d519e208cc64ef3" kindref="member">Room::get_bedCount</ref>()</highlight><highlight class="keyword"><sp/>const</highlight></codeline>
<codeline lineno="28"><highlight class="keyword"></highlight><highlight class="normal">{</highlight></codeline>
<codeline lineno="29"><highlight class="normal"><sp/><sp/><sp/><sp/><sp/><sp/></highlight><highlight class="keywordflow">return</highlight><highlight class="normal"><sp/>this-&gt;<ref refid="class_room_1afe08419edb2d4512d60d498f752c4dbf" kindref="member">bedCount</ref>;</highlight></codeline>
<codeline lineno="30"><highlight class="normal">}</highlight></codeline>
<codeline lineno="31" refid="class_room_1a34a46af1773a41d22e9e925680709bd7" refkind="member"><highlight class="normal"></highlight><highlight class="keyword">const</highlight><highlight class="normal"><sp/>std::string<sp/><ref refid="class_room_1a34a46af1773a41d22e9e925680709bd7" kindref="member">Room::get_guests</ref>()</highlight><highlight class="keyword"><sp/>const</highlight></codeline>
<codeline lineno="32"><highlight class="keyword"></highlight><highlight class="normal">{</highlight></codeline>
<codeline lineno="33"><highlight class="normal"><sp/><sp/><sp/><sp/><sp/><sp/></highlight><highlight class="keywordflow">return</highlight><highlight class="normal"><sp/>this-&gt;<ref refid="class_room_1a50805c8f577d2c1f3fb41cb8fa48809a" kindref="member">guests</ref>;</highlight></codeline>
<codeline lineno="34"><highlight class="normal">}</highlight></codeline>
<codeline lineno="35" refid="class_room_1afb791720af8989e818f41a9305534dfa" refkind="member"><highlight class="normal"><ref refid="class_date" kindref="compound">Date</ref><sp/><ref refid="class_room_1afb791720af8989e818f41a9305534dfa" kindref="member">Room::get_startDate</ref>()</highlight><highlight class="keyword"><sp/>const</highlight></codeline>
<codeline lineno="36"><highlight class="keyword"></highlight><highlight class="normal">{</highlight></codeline>
<codeline lineno="37"><highlight class="normal"><sp/><sp/><sp/><sp/><sp/><sp/></highlight><highlight class="keywordflow">return</highlight><highlight class="normal"><sp/>this-&gt;<ref refid="class_room_1a94e36881b70913044d32d703281efbce" kindref="member">startDate</ref>;</highlight></codeline>
<codeline lineno="38"><highlight class="normal">}</highlight></codeline>
<codeline lineno="39" refid="class_room_1a63955d07afe48314a6b12afcd6312ad4" refkind="member"><highlight class="normal"><ref refid="class_date" kindref="compound">Date</ref><sp/><ref refid="class_room_1a63955d07afe48314a6b12afcd6312ad4" kindref="member">Room::get_endDate</ref>()</highlight><highlight class="keyword"><sp/>const</highlight></codeline>
<codeline lineno="40"><highlight class="keyword"></highlight><highlight class="normal">{</highlight></codeline>
<codeline lineno="41"><highlight class="normal"><sp/><sp/><sp/><sp/><sp/><sp/></highlight><highlight class="keywordflow">return</highlight><highlight class="normal"><sp/>this-&gt;<ref refid="class_room_1a6c81243823872a5ecd01634735d6148a" kindref="member">endDate</ref>;</highlight></codeline>
<codeline lineno="42"><highlight class="normal">}</highlight></codeline>
<codeline lineno="43"><highlight class="normal"></highlight></codeline>
<codeline lineno="44" refid="class_room_1a99b5322aacd5b2572f878b36cf9513f1" refkind="member"><highlight class="normal"></highlight><highlight class="keywordtype">void</highlight><highlight class="normal"><sp/><ref refid="class_room_1a99b5322aacd5b2572f878b36cf9513f1" kindref="member">Room::set_number</ref>(</highlight><highlight class="keywordtype">int</highlight><highlight class="normal"><sp/>number)</highlight></codeline>
<codeline lineno="45"><highlight class="normal">{</highlight></codeline>
<codeline lineno="46"><highlight class="normal"><sp/><sp/><sp/><sp/><sp/><sp/>this-&gt;number<sp/>=<sp/><ref refid="class_room_1ace0776823076279027a43e37096f44a2" kindref="member">number</ref>;</highlight></codeline>
<codeline lineno="47"><highlight class="normal">}</highlight></codeline>
<codeline lineno="48" refid="class_room_1af170f682d32dd29223055c18dcf7a83b" refkind="member"><highlight class="normal"></highlight><highlight class="keywordtype">void</highlight><highlight class="normal"><sp/><ref refid="class_room_1af170f682d32dd29223055c18dcf7a83b" kindref="member">Room::set_bedCount</ref>(</highlight><highlight class="keywordtype">int</highlight><highlight class="normal"><sp/>bedCount)</highlight></codeline>
<codeline lineno="49"><highlight class="normal">{</highlight></codeline>
<codeline lineno="50"><highlight class="normal"><sp/><sp/><sp/><sp/><sp/><sp/>this-&gt;bedCount<sp/>=<sp/><ref refid="class_room_1afe08419edb2d4512d60d498f752c4dbf" kindref="member">bedCount</ref>;</highlight></codeline>
<codeline lineno="51"><highlight class="normal">}</highlight></codeline>
<codeline lineno="52" refid="class_room_1a6d8c39f6db65fb858de316c30827e5fc" refkind="member"><highlight class="normal"></highlight><highlight class="keywordtype">void</highlight><highlight class="normal"><sp/><ref refid="class_room_1a6d8c39f6db65fb858de316c30827e5fc" kindref="member">Room::set_guest</ref>(std::string<sp/>guests)</highlight></codeline>
<codeline lineno="53"><highlight class="normal">{</highlight></codeline>
<codeline lineno="54"><highlight class="normal"><sp/><sp/><sp/><sp/><sp/><sp/>this-&gt;guests<sp/>=<sp/><ref refid="class_room_1a50805c8f577d2c1f3fb41cb8fa48809a" kindref="member">guests</ref>;</highlight></codeline>
<codeline lineno="55"><highlight class="normal">}</highlight></codeline>
<codeline lineno="56" refid="class_room_1a03cc7e48dc237ce20e41475ce951650d" refkind="member"><highlight class="normal"></highlight><highlight class="keywordtype">void</highlight><highlight class="normal"><sp/><ref refid="class_room_1a03cc7e48dc237ce20e41475ce951650d" kindref="member">Room::set_startDate</ref>(<ref refid="class_date" kindref="compound">Date</ref><sp/>other)</highlight></codeline>
<codeline lineno="57"><highlight class="normal">{</highlight></codeline>
<codeline lineno="58"><highlight class="normal"><sp/><sp/><sp/><sp/><sp/><sp/>this-&gt;<ref refid="class_room_1a94e36881b70913044d32d703281efbce" kindref="member">startDate</ref><sp/>=<sp/>other;</highlight></codeline>
<codeline lineno="59"><highlight class="normal">}</highlight></codeline>
<codeline lineno="60" refid="class_room_1afad380db116373e6fa067a65cf561787" refkind="member"><highlight class="normal"></highlight><highlight class="keywordtype">void</highlight><highlight class="normal"><sp/><ref refid="class_room_1afad380db116373e6fa067a65cf561787" kindref="member">Room::set_endDate</ref>(<ref refid="class_date" kindref="compound">Date</ref><sp/>other)</highlight></codeline>
<codeline lineno="61"><highlight class="normal">{</highlight></codeline>
<codeline lineno="62"><highlight class="normal"><sp/><sp/><sp/><sp/><sp/><sp/>this-&gt;<ref refid="class_room_1a6c81243823872a5ecd01634735d6148a" kindref="member">endDate</ref><sp/>=<sp/>other;</highlight></codeline>
<codeline lineno="63"><highlight class="normal">}</highlight></codeline>
    </programlisting>
    <location file="C:/Users/Viktor/source/repos/project_1_Hotel/project_1_Hotel/Room.cpp"/>
  </compounddef>
</doxygen>
