<?xml version='1.0' encoding='UTF-8' standalone='no'?>
<doxygen xmlns:xsi="http://www.w3.org/2001/XMLSchema-instance" xsi:noNamespaceSchemaLocation="compound.xsd" version="1.8.18">
  <compounddef id="class_room" kind="class" language="C++" prot="public">
    <compoundname>Room</compoundname>
    <includes refid="_room_8h" local="no">Room.h</includes>
      <sectiondef kind="private-attrib">
      <memberdef kind="variable" id="class_room_1ace0776823076279027a43e37096f44a2" prot="private" static="no" mutable="no">
        <type>int</type>
        <definition>int Room::number</definition>
        <argsstring></argsstring>
        <name>number</name>
        <briefdescription>
        </briefdescription>
        <detaileddescription>
        </detaileddescription>
        <inbodydescription>
        </inbodydescription>
        <location file="C:/Users/Viktor/source/repos/project_1_Hotel/project_1_Hotel/Room.h" line="11" column="5" bodyfile="C:/Users/Viktor/source/repos/project_1_Hotel/project_1_Hotel/Room.h" bodystart="11" bodyend="-1"/>
      </memberdef>
      <memberdef kind="variable" id="class_room_1afe08419edb2d4512d60d498f752c4dbf" prot="private" static="no" mutable="no">
        <type>int</type>
        <definition>int Room::bedCount</definition>
        <argsstring></argsstring>
        <name>bedCount</name>
        <briefdescription>
        </briefdescription>
        <detaileddescription>
        </detaileddescription>
        <inbodydescription>
        </inbodydescription>
        <location file="C:/Users/Viktor/source/repos/project_1_Hotel/project_1_Hotel/Room.h" line="12" column="5" bodyfile="C:/Users/Viktor/source/repos/project_1_Hotel/project_1_Hotel/Room.h" bodystart="12" bodyend="-1"/>
      </memberdef>
      <memberdef kind="variable" id="class_room_1a50805c8f577d2c1f3fb41cb8fa48809a" prot="private" static="no" mutable="no">
        <type>std::string</type>
        <definition>std::string Room::guests</definition>
        <argsstring></argsstring>
        <name>guests</name>
        <briefdescription>
        </briefdescription>
        <detaileddescription>
        </detaileddescription>
        <inbodydescription>
        </inbodydescription>
        <location file="C:/Users/Viktor/source/repos/project_1_Hotel/project_1_Hotel/Room.h" line="13" column="13" bodyfile="C:/Users/Viktor/source/repos/project_1_Hotel/project_1_Hotel/Room.h" bodystart="13" bodyend="-1"/>
      </memberdef>
      <memberdef kind="variable" id="class_room_1a94e36881b70913044d32d703281efbce" prot="private" static="no" mutable="no">
        <type><ref refid="class_date" kindref="compound">Date</ref></type>
        <definition>Date Room::startDate</definition>
        <argsstring></argsstring>
        <name>startDate</name>
        <briefdescription>
        </briefdescription>
        <detaileddescription>
        </detaileddescription>
        <inbodydescription>
        </inbodydescription>
        <location file="C:/Users/Viktor/source/repos/project_1_Hotel/project_1_Hotel/Room.h" line="14" column="6" bodyfile="C:/Users/Viktor/source/repos/project_1_Hotel/project_1_Hotel/Room.h" bodystart="14" bodyend="-1"/>
      </memberdef>
      <memberdef kind="variable" id="class_room_1a6c81243823872a5ecd01634735d6148a" prot="private" static="no" mutable="no">
        <type><ref refid="class_date" kindref="compound">Date</ref></type>
        <definition>Date Room::endDate</definition>
        <argsstring></argsstring>
        <name>endDate</name>
        <briefdescription>
        </briefdescription>
        <detaileddescription>
        </detaileddescription>
        <inbodydescription>
        </inbodydescription>
        <location file="C:/Users/Viktor/source/repos/project_1_Hotel/project_1_Hotel/Room.h" line="15" column="6" bodyfile="C:/Users/Viktor/source/repos/project_1_Hotel/project_1_Hotel/Room.h" bodystart="15" bodyend="-1"/>
      </memberdef>
      </sectiondef>
      <sectiondef kind="public-func">
      <memberdef kind="function" id="class_room_1ac6ef93a7d9c3e1d624e025058d5f16ff" prot="public" static="no" const="no" explicit="no" inline="no" virt="non-virtual">
        <type></type>
        <definition>Room::Room</definition>
        <argsstring>()</argsstring>
        <name>Room</name>
        <briefdescription>
        </briefdescription>
        <detaileddescription>
        </detaileddescription>
        <inbodydescription>
        </inbodydescription>
        <location file="C:/Users/Viktor/source/repos/project_1_Hotel/project_1_Hotel/Room.h" line="17" column="1" bodyfile="C:/Users/Viktor/source/repos/project_1_Hotel/project_1_Hotel/Room.cpp" bodystart="4" bodyend="12"/>
        <references refid="class_room_1afe08419edb2d4512d60d498f752c4dbf" compoundref="_room_8h" startline="12">bedCount</references>
        <references refid="class_room_1a50805c8f577d2c1f3fb41cb8fa48809a" compoundref="_room_8h" startline="13">guests</references>
        <references refid="class_room_1ace0776823076279027a43e37096f44a2" compoundref="_room_8h" startline="11">number</references>
        <references refid="class_room_1afad380db116373e6fa067a65cf561787" compoundref="_room_8cpp" startline="60" endline="63">set_endDate</references>
        <references refid="class_room_1a03cc7e48dc237ce20e41475ce951650d" compoundref="_room_8cpp" startline="56" endline="59">set_startDate</references>
      </memberdef>
      <memberdef kind="function" id="class_room_1af463b43f585764f173874a2ea5388d07" prot="public" static="no" const="no" explicit="no" inline="no" virt="non-virtual">
        <type></type>
        <definition>Room::Room</definition>
        <argsstring>(int number, int bedCount, std::string guests, const Date startDate, const Date endDate)</argsstring>
        <name>Room</name>
        <param>
          <type>int</type>
          <declname>number</declname>
        </param>
        <param>
          <type>int</type>
          <declname>bedCount</declname>
        </param>
        <param>
          <type>std::string</type>
          <declname>guests</declname>
        </param>
        <param>
          <type>const <ref refid="class_date" kindref="compound">Date</ref></type>
          <declname>startDate</declname>
        </param>
        <param>
          <type>const <ref refid="class_date" kindref="compound">Date</ref></type>
          <declname>endDate</declname>
        </param>
        <briefdescription>
        </briefdescription>
        <detaileddescription>
        </detaileddescription>
        <inbodydescription>
        </inbodydescription>
        <location file="C:/Users/Viktor/source/repos/project_1_Hotel/project_1_Hotel/Room.h" line="18" column="1" bodyfile="C:/Users/Viktor/source/repos/project_1_Hotel/project_1_Hotel/Room.cpp" bodystart="13" bodyend="21"/>
        <references refid="class_room_1afe08419edb2d4512d60d498f752c4dbf" compoundref="_room_8h" startline="12">bedCount</references>
        <references refid="class_room_1a6c81243823872a5ecd01634735d6148a" compoundref="_room_8h" startline="15">endDate</references>
        <references refid="class_room_1a50805c8f577d2c1f3fb41cb8fa48809a" compoundref="_room_8h" startline="13">guests</references>
        <references refid="class_room_1ace0776823076279027a43e37096f44a2" compoundref="_room_8h" startline="11">number</references>
        <references refid="class_room_1a94e36881b70913044d32d703281efbce" compoundref="_room_8h" startline="14">startDate</references>
      </memberdef>
      <memberdef kind="function" id="class_room_1a31a78a6ad21b6552e59ee8e926706c24" prot="public" static="no" const="yes" explicit="no" inline="no" virt="non-virtual">
        <type>int</type>
        <definition>int Room::get_number</definition>
        <argsstring>() const</argsstring>
        <name>get_number</name>
        <briefdescription>
        </briefdescription>
        <detaileddescription>
        </detaileddescription>
        <inbodydescription>
        </inbodydescription>
        <location file="C:/Users/Viktor/source/repos/project_1_Hotel/project_1_Hotel/Room.h" line="20" column="5" bodyfile="C:/Users/Viktor/source/repos/project_1_Hotel/project_1_Hotel/Room.cpp" bodystart="23" bodyend="26"/>
        <references refid="class_room_1ace0776823076279027a43e37096f44a2" compoundref="_room_8h" startline="11">number</references>
      </memberdef>
      <memberdef kind="function" id="class_room_1a860f47bae97bdcd24d519e208cc64ef3" prot="public" static="no" const="yes" explicit="no" inline="no" virt="non-virtual">
        <type>int</type>
        <definition>int Room::get_bedCount</definition>
        <argsstring>() const</argsstring>
        <name>get_bedCount</name>
        <briefdescription>
        </briefdescription>
        <detaileddescription>
        </detaileddescription>
        <inbodydescription>
        </inbodydescription>
        <location file="C:/Users/Viktor/source/repos/project_1_Hotel/project_1_Hotel/Room.h" line="21" column="5" bodyfile="C:/Users/Viktor/source/repos/project_1_Hotel/project_1_Hotel/Room.cpp" bodystart="27" bodyend="30"/>
        <references refid="class_room_1afe08419edb2d4512d60d498f752c4dbf" compoundref="_room_8h" startline="12">bedCount</references>
      </memberdef>
      <memberdef kind="function" id="class_room_1a34a46af1773a41d22e9e925680709bd7" prot="public" static="no" const="yes" explicit="no" inline="no" virt="non-virtual">
        <type>const std::string</type>
        <definition>const std::string Room::get_guests</definition>
        <argsstring>() const</argsstring>
        <name>get_guests</name>
        <briefdescription>
        </briefdescription>
        <detaileddescription>
        </detaileddescription>
        <inbodydescription>
        </inbodydescription>
        <location file="C:/Users/Viktor/source/repos/project_1_Hotel/project_1_Hotel/Room.h" line="22" column="19" bodyfile="C:/Users/Viktor/source/repos/project_1_Hotel/project_1_Hotel/Room.cpp" bodystart="31" bodyend="34"/>
        <references refid="class_room_1a50805c8f577d2c1f3fb41cb8fa48809a" compoundref="_room_8h" startline="13">guests</references>
      </memberdef>
      <memberdef kind="function" id="class_room_1afb791720af8989e818f41a9305534dfa" prot="public" static="no" const="yes" explicit="no" inline="no" virt="non-virtual">
        <type><ref refid="class_date" kindref="compound">Date</ref></type>
        <definition>Date Room::get_startDate</definition>
        <argsstring>() const</argsstring>
        <name>get_startDate</name>
        <briefdescription>
        </briefdescription>
        <detaileddescription>
        </detaileddescription>
        <inbodydescription>
        </inbodydescription>
        <location file="C:/Users/Viktor/source/repos/project_1_Hotel/project_1_Hotel/Room.h" line="23" column="6" bodyfile="C:/Users/Viktor/source/repos/project_1_Hotel/project_1_Hotel/Room.cpp" bodystart="35" bodyend="38"/>
        <references refid="class_room_1a94e36881b70913044d32d703281efbce" compoundref="_room_8h" startline="14">startDate</references>
      </memberdef>
      <memberdef kind="function" id="class_room_1a63955d07afe48314a6b12afcd6312ad4" prot="public" static="no" const="yes" explicit="no" inline="no" virt="non-virtual">
        <type><ref refid="class_date" kindref="compound">Date</ref></type>
        <definition>Date Room::get_endDate</definition>
        <argsstring>() const</argsstring>
        <name>get_endDate</name>
        <briefdescription>
        </briefdescription>
        <detaileddescription>
        </detaileddescription>
        <inbodydescription>
        </inbodydescription>
        <location file="C:/Users/Viktor/source/repos/project_1_Hotel/project_1_Hotel/Room.h" line="24" column="6" bodyfile="C:/Users/Viktor/source/repos/project_1_Hotel/project_1_Hotel/Room.cpp" bodystart="39" bodyend="42"/>
        <references refid="class_room_1a6c81243823872a5ecd01634735d6148a" compoundref="_room_8h" startline="15">endDate</references>
      </memberdef>
      <memberdef kind="function" id="class_room_1a99b5322aacd5b2572f878b36cf9513f1" prot="public" static="no" const="no" explicit="no" inline="no" virt="non-virtual">
        <type>void</type>
        <definition>void Room::set_number</definition>
        <argsstring>(int number)</argsstring>
        <name>set_number</name>
        <param>
          <type>int</type>
          <declname>number</declname>
        </param>
        <briefdescription>
        </briefdescription>
        <detaileddescription>
        </detaileddescription>
        <inbodydescription>
        </inbodydescription>
        <location file="C:/Users/Viktor/source/repos/project_1_Hotel/project_1_Hotel/Room.h" line="26" column="6" bodyfile="C:/Users/Viktor/source/repos/project_1_Hotel/project_1_Hotel/Room.cpp" bodystart="44" bodyend="47"/>
        <references refid="class_room_1ace0776823076279027a43e37096f44a2" compoundref="_room_8h" startline="11">number</references>
      </memberdef>
      <memberdef kind="function" id="class_room_1af170f682d32dd29223055c18dcf7a83b" prot="public" static="no" const="no" explicit="no" inline="no" virt="non-virtual">
        <type>void</type>
        <definition>void Room::set_bedCount</definition>
        <argsstring>(int bedCount)</argsstring>
        <name>set_bedCount</name>
        <param>
          <type>int</type>
          <declname>bedCount</declname>
        </param>
        <briefdescription>
        </briefdescription>
        <detaileddescription>
        </detaileddescription>
        <inbodydescription>
        </inbodydescription>
        <location file="C:/Users/Viktor/source/repos/project_1_Hotel/project_1_Hotel/Room.h" line="27" column="6" bodyfile="C:/Users/Viktor/source/repos/project_1_Hotel/project_1_Hotel/Room.cpp" bodystart="48" bodyend="51"/>
        <references refid="class_room_1afe08419edb2d4512d60d498f752c4dbf" compoundref="_room_8h" startline="12">bedCount</references>
      </memberdef>
      <memberdef kind="function" id="class_room_1a6d8c39f6db65fb858de316c30827e5fc" prot="public" static="no" const="no" explicit="no" inline="no" virt="non-virtual">
        <type>void</type>
        <definition>void Room::set_guest</definition>
        <argsstring>(std::string guests)</argsstring>
        <name>set_guest</name>
        <param>
          <type>std::string</type>
          <declname>guests</declname>
        </param>
        <briefdescription>
        </briefdescription>
        <detaileddescription>
        </detaileddescription>
        <inbodydescription>
        </inbodydescription>
        <location file="C:/Users/Viktor/source/repos/project_1_Hotel/project_1_Hotel/Room.h" line="28" column="6" bodyfile="C:/Users/Viktor/source/repos/project_1_Hotel/project_1_Hotel/Room.cpp" bodystart="52" bodyend="55"/>
        <references refid="class_room_1a50805c8f577d2c1f3fb41cb8fa48809a" compoundref="_room_8h" startline="13">guests</references>
      </memberdef>
      <memberdef kind="function" id="class_room_1a03cc7e48dc237ce20e41475ce951650d" prot="public" static="no" const="no" explicit="no" inline="no" virt="non-virtual">
        <type>void</type>
        <definition>void Room::set_startDate</definition>
        <argsstring>(Date other)</argsstring>
        <name>set_startDate</name>
        <param>
          <type><ref refid="class_date" kindref="compound">Date</ref></type>
          <declname>other</declname>
        </param>
        <briefdescription>
        </briefdescription>
        <detaileddescription>
        </detaileddescription>
        <inbodydescription>
        </inbodydescription>
        <location file="C:/Users/Viktor/source/repos/project_1_Hotel/project_1_Hotel/Room.h" line="29" column="6" bodyfile="C:/Users/Viktor/source/repos/project_1_Hotel/project_1_Hotel/Room.cpp" bodystart="56" bodyend="59"/>
        <references refid="class_room_1a94e36881b70913044d32d703281efbce" compoundref="_room_8h" startline="14">startDate</references>
      </memberdef>
      <memberdef kind="function" id="class_room_1afad380db116373e6fa067a65cf561787" prot="public" static="no" const="no" explicit="no" inline="no" virt="non-virtual">
        <type>void</type>
        <definition>void Room::set_endDate</definition>
        <argsstring>(Date other)</argsstring>
        <name>set_endDate</name>
        <param>
          <type><ref refid="class_date" kindref="compound">Date</ref></type>
          <declname>other</declname>
        </param>
        <briefdescription>
        </briefdescription>
        <detaileddescription>
        </detaileddescription>
        <inbodydescription>
        </inbodydescription>
        <location file="C:/Users/Viktor/source/repos/project_1_Hotel/project_1_Hotel/Room.h" line="30" column="6" bodyfile="C:/Users/Viktor/source/repos/project_1_Hotel/project_1_Hotel/Room.cpp" bodystart="60" bodyend="63"/>
        <references refid="class_room_1a6c81243823872a5ecd01634735d6148a" compoundref="_room_8h" startline="15">endDate</references>
      </memberdef>
      </sectiondef>
    <briefdescription>
<para>Class that defines a <ref refid="class_room" kindref="compound">Room</ref>. </para>
    </briefdescription>
    <detaileddescription>
    </detaileddescription>
    <collaborationgraph>
      <node id="2">
        <label>Date</label>
        <link refid="class_date"/>
      </node>
      <node id="1">
        <label>Room</label>
        <link refid="class_room"/>
        <childnode refid="2" relation="usage">
          <edgelabel>startDate</edgelabel>
          <edgelabel>endDate</edgelabel>
        </childnode>
      </node>
    </collaborationgraph>
    <location file="C:/Users/Viktor/source/repos/project_1_Hotel/project_1_Hotel/Room.h" line="8" column="1" bodyfile="C:/Users/Viktor/source/repos/project_1_Hotel/project_1_Hotel/Room.h" bodystart="9" bodyend="31"/>
    <listofallmembers>
      <member refid="class_room_1afe08419edb2d4512d60d498f752c4dbf" prot="private" virt="non-virtual"><scope>Room</scope><name>bedCount</name></member>
      <member refid="class_room_1a6c81243823872a5ecd01634735d6148a" prot="private" virt="non-virtual"><scope>Room</scope><name>endDate</name></member>
      <member refid="class_room_1a860f47bae97bdcd24d519e208cc64ef3" prot="public" virt="non-virtual"><scope>Room</scope><name>get_bedCount</name></member>
      <member refid="class_room_1a63955d07afe48314a6b12afcd6312ad4" prot="public" virt="non-virtual"><scope>Room</scope><name>get_endDate</name></member>
      <member refid="class_room_1a34a46af1773a41d22e9e925680709bd7" prot="public" virt="non-virtual"><scope>Room</scope><name>get_guests</name></member>
      <member refid="class_room_1a31a78a6ad21b6552e59ee8e926706c24" prot="public" virt="non-virtual"><scope>Room</scope><name>get_number</name></member>
      <member refid="class_room_1afb791720af8989e818f41a9305534dfa" prot="public" virt="non-virtual"><scope>Room</scope><name>get_startDate</name></member>
      <member refid="class_room_1a50805c8f577d2c1f3fb41cb8fa48809a" prot="private" virt="non-virtual"><scope>Room</scope><name>guests</name></member>
      <member refid="class_room_1ace0776823076279027a43e37096f44a2" prot="private" virt="non-virtual"><scope>Room</scope><name>number</name></member>
      <member refid="class_room_1ac6ef93a7d9c3e1d624e025058d5f16ff" prot="public" virt="non-virtual"><scope>Room</scope><name>Room</name></member>
      <member refid="class_room_1af463b43f585764f173874a2ea5388d07" prot="public" virt="non-virtual"><scope>Room</scope><name>Room</name></member>
      <member refid="class_room_1af170f682d32dd29223055c18dcf7a83b" prot="public" virt="non-virtual"><scope>Room</scope><name>set_bedCount</name></member>
      <member refid="class_room_1afad380db116373e6fa067a65cf561787" prot="public" virt="non-virtual"><scope>Room</scope><name>set_endDate</name></member>
      <member refid="class_room_1a6d8c39f6db65fb858de316c30827e5fc" prot="public" virt="non-virtual"><scope>Room</scope><name>set_guest</name></member>
      <member refid="class_room_1a99b5322aacd5b2572f878b36cf9513f1" prot="public" virt="non-virtual"><scope>Room</scope><name>set_number</name></member>
      <member refid="class_room_1a03cc7e48dc237ce20e41475ce951650d" prot="public" virt="non-virtual"><scope>Room</scope><name>set_startDate</name></member>
      <member refid="class_room_1a94e36881b70913044d32d703281efbce" prot="private" virt="non-virtual"><scope>Room</scope><name>startDate</name></member>
    </listofallmembers>
  </compounddef>
</doxygen>
