<?xml version='1.0' encoding='UTF-8' standalone='no'?>
<doxygen xmlns:xsi="http://www.w3.org/2001/XMLSchema-instance" xsi:noNamespaceSchemaLocation="compound.xsd" version="1.8.18">
  <compounddef id="class_hotel" kind="class" language="C++" prot="public">
    <compoundname>Hotel</compoundname>
    <includes refid="_hotel_8h" local="no">Hotel.h</includes>
      <sectiondef kind="private-attrib">
      <memberdef kind="variable" id="class_hotel_1a16da8c14e35900d8455c97e6dd62b0fc" prot="private" static="no" mutable="no">
        <type>std::vector&lt; <ref refid="class_room" kindref="compound">Room</ref> &gt;</type>
        <definition>std::vector&lt;Room&gt; Hotel::rooms</definition>
        <argsstring></argsstring>
        <name>rooms</name>
        <briefdescription>
        </briefdescription>
        <detaileddescription>
        </detaileddescription>
        <inbodydescription>
        </inbodydescription>
        <location file="C:/Users/Viktor/source/repos/project_1_Hotel/project_1_Hotel/Hotel.h" line="12" column="13" bodyfile="C:/Users/Viktor/source/repos/project_1_Hotel/project_1_Hotel/Hotel.h" bodystart="12" bodyend="-1"/>
      </memberdef>
      </sectiondef>
      <sectiondef kind="private-func">
      <memberdef kind="function" id="class_hotel_1aa32ea42a80c8af601b69d84056b7d6d3" prot="private" static="no" const="no" explicit="no" inline="yes" virt="non-virtual">
        <type>void</type>
        <definition>void Hotel::sortRoomsByBedCount</definition>
        <argsstring>(std::vector&lt; Room &gt; rooms)</argsstring>
        <name>sortRoomsByBedCount</name>
        <param>
          <type>std::vector&lt; <ref refid="class_room" kindref="compound">Room</ref> &gt;</type>
          <declname>rooms</declname>
        </param>
        <briefdescription>
<para>sorts the rooms in a hotel by their bed count </para>
        </briefdescription>
        <detaileddescription>
        </detaileddescription>
        <inbodydescription>
        </inbodydescription>
        <location file="C:/Users/Viktor/source/repos/project_1_Hotel/project_1_Hotel/Hotel.h" line="15" column="6" bodyfile="C:/Users/Viktor/source/repos/project_1_Hotel/project_1_Hotel/Hotel.h" bodystart="15" bodyend="32"/>
        <references refid="class_hotel_1a16da8c14e35900d8455c97e6dd62b0fc" compoundref="_hotel_8h" startline="12">rooms</references>
      </memberdef>
      <memberdef kind="function" id="class_hotel_1a571420ca46d238c52737a19a9344fbfc" prot="private" static="no" const="no" explicit="no" inline="yes" virt="non-virtual">
        <type>bool</type>
        <definition>bool Hotel::isFree</definition>
        <argsstring>(int index, const Date &amp;startingDate, const Date &amp;endDate)</argsstring>
        <name>isFree</name>
        <param>
          <type>int</type>
          <declname>index</declname>
        </param>
        <param>
          <type>const <ref refid="class_date" kindref="compound">Date</ref> &amp;</type>
          <declname>startingDate</declname>
        </param>
        <param>
          <type>const <ref refid="class_date" kindref="compound">Date</ref> &amp;</type>
          <declname>endDate</declname>
        </param>
        <briefdescription>
<para>isFree check if input dates are compatible with the given room`s dates </para>
        </briefdescription>
        <detaileddescription>
        </detaileddescription>
        <inbodydescription>
        </inbodydescription>
        <location file="C:/Users/Viktor/source/repos/project_1_Hotel/project_1_Hotel/Hotel.h" line="34" column="6" bodyfile="C:/Users/Viktor/source/repos/project_1_Hotel/project_1_Hotel/Hotel.h" bodystart="34" bodyend="53"/>
      </memberdef>
      <memberdef kind="function" id="class_hotel_1ab110fbdc0a4a56f963e6e215dfe83201" prot="private" static="no" const="no" explicit="no" inline="yes" virt="non-virtual">
        <type>int</type>
        <definition>int Hotel::countLeapYears</definition>
        <argsstring>(const Date &amp;d)</argsstring>
        <name>countLeapYears</name>
        <param>
          <type>const <ref refid="class_date" kindref="compound">Date</ref> &amp;</type>
          <declname>d</declname>
        </param>
        <briefdescription>
<para>counts leap years used in daysBetweenTwoDates method </para>
        </briefdescription>
        <detaileddescription>
        </detaileddescription>
        <inbodydescription>
        </inbodydescription>
        <location file="C:/Users/Viktor/source/repos/project_1_Hotel/project_1_Hotel/Hotel.h" line="55" column="5" bodyfile="C:/Users/Viktor/source/repos/project_1_Hotel/project_1_Hotel/Hotel.h" bodystart="55" bodyend="65"/>
        <references refid="class_date_1a89ae60bad421600e3ee901eb0df44975" compoundref="_date_8cpp" startline="216" endline="219">Date::get_month</references>
        <references refid="class_date_1a9e77e9f49890449fea9aeb8114da95ff" compoundref="_date_8cpp" startline="220" endline="223">Date::get_year</references>
      </memberdef>
      <memberdef kind="function" id="class_hotel_1a330f7b11dd6825eaa9aceb0c1c5aa351" prot="private" static="no" const="no" explicit="no" inline="yes" virt="non-virtual">
        <type>int</type>
        <definition>int Hotel::daysBetweenTwoDates</definition>
        <argsstring>(const Date &amp;firstDate, const Date &amp;secondDate)</argsstring>
        <name>daysBetweenTwoDates</name>
        <param>
          <type>const <ref refid="class_date" kindref="compound">Date</ref> &amp;</type>
          <declname>firstDate</declname>
        </param>
        <param>
          <type>const <ref refid="class_date" kindref="compound">Date</ref> &amp;</type>
          <declname>secondDate</declname>
        </param>
        <briefdescription>
<para>counts days between two dates </para>
        </briefdescription>
        <detaileddescription>
        </detaileddescription>
        <inbodydescription>
        </inbodydescription>
        <location file="C:/Users/Viktor/source/repos/project_1_Hotel/project_1_Hotel/Hotel.h" line="67" column="5" bodyfile="C:/Users/Viktor/source/repos/project_1_Hotel/project_1_Hotel/Hotel.h" bodystart="67" bodyend="87"/>
        <references refid="class_hotel_1ab110fbdc0a4a56f963e6e215dfe83201" compoundref="_hotel_8h" startline="55" endline="65">countLeapYears</references>
        <references refid="class_date_1a86208bd42da6587c4b45ed93d688d483" compoundref="_date_8cpp" startline="212" endline="215">Date::get_day</references>
        <references refid="class_date_1a89ae60bad421600e3ee901eb0df44975" compoundref="_date_8cpp" startline="216" endline="219">Date::get_month</references>
        <references refid="class_date_1a9e77e9f49890449fea9aeb8114da95ff" compoundref="_date_8cpp" startline="220" endline="223">Date::get_year</references>
      </memberdef>
      </sectiondef>
      <sectiondef kind="public-func">
      <memberdef kind="function" id="class_hotel_1a59cc2c3a373abece5a25d730524be2f0" prot="public" static="no" const="no" explicit="no" inline="no" virt="non-virtual">
        <type></type>
        <definition>Hotel::Hotel</definition>
        <argsstring>()</argsstring>
        <name>Hotel</name>
        <briefdescription>
<para>Default constructor. </para>
        </briefdescription>
        <detaileddescription>
        </detaileddescription>
        <inbodydescription>
        </inbodydescription>
        <location file="C:/Users/Viktor/source/repos/project_1_Hotel/project_1_Hotel/Hotel.h" line="89" column="1" bodyfile="C:/Users/Viktor/source/repos/project_1_Hotel/project_1_Hotel/Hotel.cpp" bodystart="7" bodyend="7"/>
      </memberdef>
      <memberdef kind="function" id="class_hotel_1a1fc874696b0e47026a86845785d97b22" prot="public" static="no" const="no" explicit="no" inline="no" virt="non-virtual">
        <type>void</type>
        <definition>void Hotel::add_room</definition>
        <argsstring>(const Room &amp;room)</argsstring>
        <name>add_room</name>
        <param>
          <type>const <ref refid="class_room" kindref="compound">Room</ref> &amp;</type>
          <declname>room</declname>
        </param>
        <briefdescription>
<para>Adds a room to the hotel. </para>
        </briefdescription>
        <detaileddescription>
        </detaileddescription>
        <inbodydescription>
        </inbodydescription>
        <location file="C:/Users/Viktor/source/repos/project_1_Hotel/project_1_Hotel/Hotel.h" line="91" column="6" bodyfile="C:/Users/Viktor/source/repos/project_1_Hotel/project_1_Hotel/Hotel.cpp" bodystart="9" bodyend="12"/>
        <references refid="class_hotel_1a16da8c14e35900d8455c97e6dd62b0fc" compoundref="_hotel_8h" startline="12">rooms</references>
      </memberdef>
      <memberdef kind="function" id="class_hotel_1a6d5e124cd850b5351cc64e480cea2e3b" prot="public" static="no" const="no" explicit="no" inline="no" virt="non-virtual">
        <type>void</type>
        <definition>void Hotel::checkin</definition>
        <argsstring>(int room, const Date &amp;startingDate, const Date &amp;endDate, const std::string &amp;guests)</argsstring>
        <name>checkin</name>
        <param>
          <type>int</type>
          <declname>room</declname>
        </param>
        <param>
          <type>const <ref refid="class_date" kindref="compound">Date</ref> &amp;</type>
          <declname>startingDate</declname>
        </param>
        <param>
          <type>const <ref refid="class_date" kindref="compound">Date</ref> &amp;</type>
          <declname>endDate</declname>
        </param>
        <param>
          <type>const std::string &amp;</type>
          <declname>guests</declname>
        </param>
        <briefdescription>
<para>Checks in a guest to the hotel if there is an appropriate room. </para>
        </briefdescription>
        <detaileddescription>
        </detaileddescription>
        <inbodydescription>
<para>note is placed in with the guests for convenience</para>
        </inbodydescription>
        <location file="C:/Users/Viktor/source/repos/project_1_Hotel/project_1_Hotel/Hotel.h" line="92" column="6" bodyfile="C:/Users/Viktor/source/repos/project_1_Hotel/project_1_Hotel/Hotel.cpp" bodystart="14" bodyend="29"/>
        <references refid="class_hotel_1a571420ca46d238c52737a19a9344fbfc" compoundref="_hotel_8h" startline="34" endline="53">isFree</references>
        <references refid="class_hotel_1a16da8c14e35900d8455c97e6dd62b0fc" compoundref="_hotel_8h" startline="12">rooms</references>
      </memberdef>
      <memberdef kind="function" id="class_hotel_1ac082f1210d6893bad0da55aa00edfce7" prot="public" static="no" const="no" explicit="no" inline="no" virt="non-virtual">
        <type>void</type>
        <definition>void Hotel::availability</definition>
        <argsstring>(Date &amp;date)</argsstring>
        <name>availability</name>
        <param>
          <type><ref refid="class_date" kindref="compound">Date</ref> &amp;</type>
          <declname>date</declname>
        </param>
        <briefdescription>
<para>Gives free rooms on a given date. </para>
        </briefdescription>
        <detaileddescription>
        </detaileddescription>
        <inbodydescription>
        </inbodydescription>
        <location file="C:/Users/Viktor/source/repos/project_1_Hotel/project_1_Hotel/Hotel.h" line="93" column="6" bodyfile="C:/Users/Viktor/source/repos/project_1_Hotel/project_1_Hotel/Hotel.cpp" bodystart="31" bodyend="45"/>
        <references refid="class_hotel_1a16da8c14e35900d8455c97e6dd62b0fc" compoundref="_hotel_8h" startline="12">rooms</references>
      </memberdef>
      <memberdef kind="function" id="class_hotel_1a84edb71bffeec4ea16db39ba600dc46f" prot="public" static="no" const="no" explicit="no" inline="no" virt="non-virtual">
        <type>void</type>
        <definition>void Hotel::checkout</definition>
        <argsstring>(int rooms)</argsstring>
        <name>checkout</name>
        <param>
          <type>int</type>
          <declname>rooms</declname>
        </param>
        <briefdescription>
<para>Frees up a foom. </para>
        </briefdescription>
        <detaileddescription>
        </detaileddescription>
        <inbodydescription>
        </inbodydescription>
        <location file="C:/Users/Viktor/source/repos/project_1_Hotel/project_1_Hotel/Hotel.h" line="94" column="6" bodyfile="C:/Users/Viktor/source/repos/project_1_Hotel/project_1_Hotel/Hotel.cpp" bodystart="47" bodyend="59"/>
        <references refid="class_hotel_1a16da8c14e35900d8455c97e6dd62b0fc" compoundref="_hotel_8h" startline="12">rooms</references>
      </memberdef>
      <memberdef kind="function" id="class_hotel_1ad171c1a2aa955c10b16be3222b3b5602" prot="public" static="no" const="no" explicit="no" inline="no" virt="non-virtual">
        <type>void</type>
        <definition>void Hotel::report</definition>
        <argsstring>(Date &amp;startingDate, Date &amp;endDate)</argsstring>
        <name>report</name>
        <param>
          <type><ref refid="class_date" kindref="compound">Date</ref> &amp;</type>
          <declname>startingDate</declname>
        </param>
        <param>
          <type><ref refid="class_date" kindref="compound">Date</ref> &amp;</type>
          <declname>endDate</declname>
        </param>
        <briefdescription>
<para>Returns days of use for each room between two dates. </para>
        </briefdescription>
        <detaileddescription>
        </detaileddescription>
        <inbodydescription>
        </inbodydescription>
        <location file="C:/Users/Viktor/source/repos/project_1_Hotel/project_1_Hotel/Hotel.h" line="95" column="6" bodyfile="C:/Users/Viktor/source/repos/project_1_Hotel/project_1_Hotel/Hotel.cpp" bodystart="61" bodyend="89"/>
        <references refid="class_hotel_1a330f7b11dd6825eaa9aceb0c1c5aa351" compoundref="_hotel_8h" startline="67" endline="87">daysBetweenTwoDates</references>
        <references refid="class_hotel_1a16da8c14e35900d8455c97e6dd62b0fc" compoundref="_hotel_8h" startline="12">rooms</references>
      </memberdef>
      <memberdef kind="function" id="class_hotel_1a0e643c11bdbceb831df7f067d5e80d78" prot="public" static="no" const="no" explicit="no" inline="no" virt="non-virtual">
        <type>void</type>
        <definition>void Hotel::find</definition>
        <argsstring>(int beds, const Date &amp;startingDate, const Date &amp;endDate)</argsstring>
        <name>find</name>
        <param>
          <type>int</type>
          <declname>beds</declname>
        </param>
        <param>
          <type>const <ref refid="class_date" kindref="compound">Date</ref> &amp;</type>
          <declname>startingDate</declname>
        </param>
        <param>
          <type>const <ref refid="class_date" kindref="compound">Date</ref> &amp;</type>
          <declname>endDate</declname>
        </param>
        <briefdescription>
<para>Returns a compatible room. </para>
        </briefdescription>
        <detaileddescription>
        </detaileddescription>
        <inbodydescription>
<para>sorts rooms so that it can be easier to find rooms</para>
        </inbodydescription>
        <location file="C:/Users/Viktor/source/repos/project_1_Hotel/project_1_Hotel/Hotel.h" line="96" column="6" bodyfile="C:/Users/Viktor/source/repos/project_1_Hotel/project_1_Hotel/Hotel.cpp" bodystart="91" bodyend="109"/>
        <references refid="class_hotel_1a571420ca46d238c52737a19a9344fbfc" compoundref="_hotel_8h" startline="34" endline="53">isFree</references>
        <references refid="class_hotel_1a16da8c14e35900d8455c97e6dd62b0fc" compoundref="_hotel_8h" startline="12">rooms</references>
        <references refid="class_hotel_1aa32ea42a80c8af601b69d84056b7d6d3" compoundref="_hotel_8h" startline="15" endline="32">sortRoomsByBedCount</references>
      </memberdef>
      <memberdef kind="function" id="class_hotel_1abff6901218c96643e4cdfad7e232f208" prot="public" static="no" const="no" explicit="no" inline="no" virt="non-virtual">
        <type>void</type>
        <definition>void Hotel::VIP_find</definition>
        <argsstring>(int beds, const Date &amp;startingDate, const Date &amp;endDate)</argsstring>
        <name>VIP_find</name>
        <param>
          <type>int</type>
          <declname>beds</declname>
        </param>
        <param>
          <type>const <ref refid="class_date" kindref="compound">Date</ref> &amp;</type>
          <declname>startingDate</declname>
        </param>
        <param>
          <type>const <ref refid="class_date" kindref="compound">Date</ref> &amp;</type>
          <declname>endDate</declname>
        </param>
        <briefdescription>
<para>Removes guests from rooms in case the hotel is full so that the VIP guests can be checked in. </para>
        </briefdescription>
        <detaileddescription>
        </detaileddescription>
        <inbodydescription>
<para>sorts rooms so that it can be easier to find rooms</para>
        </inbodydescription>
        <location file="C:/Users/Viktor/source/repos/project_1_Hotel/project_1_Hotel/Hotel.h" line="97" column="6" bodyfile="C:/Users/Viktor/source/repos/project_1_Hotel/project_1_Hotel/Hotel.cpp" bodystart="111" bodyend="143"/>
        <references refid="class_hotel_1a16da8c14e35900d8455c97e6dd62b0fc" compoundref="_hotel_8h" startline="12">rooms</references>
        <references refid="class_hotel_1aa32ea42a80c8af601b69d84056b7d6d3" compoundref="_hotel_8h" startline="15" endline="32">sortRoomsByBedCount</references>
      </memberdef>
      <memberdef kind="function" id="class_hotel_1a0ae20bdccac171bd43f1c24e5687c645" prot="public" static="no" const="no" explicit="no" inline="no" virt="non-virtual">
        <type>void</type>
        <definition>void Hotel::unavailable</definition>
        <argsstring>(int room, const Date &amp;startingDate, const Date &amp;endDate, const std::string &amp;note)</argsstring>
        <name>unavailable</name>
        <param>
          <type>int</type>
          <declname>room</declname>
        </param>
        <param>
          <type>const <ref refid="class_date" kindref="compound">Date</ref> &amp;</type>
          <declname>startingDate</declname>
        </param>
        <param>
          <type>const <ref refid="class_date" kindref="compound">Date</ref> &amp;</type>
          <declname>endDate</declname>
        </param>
        <param>
          <type>const std::string &amp;</type>
          <declname>note</declname>
        </param>
        <briefdescription>
<para>Makes a room unavailable. </para>
        </briefdescription>
        <detaileddescription>
        </detaileddescription>
        <inbodydescription>
        </inbodydescription>
        <location file="C:/Users/Viktor/source/repos/project_1_Hotel/project_1_Hotel/Hotel.h" line="98" column="6" bodyfile="C:/Users/Viktor/source/repos/project_1_Hotel/project_1_Hotel/Hotel.cpp" bodystart="145" bodyend="156"/>
        <references refid="class_hotel_1a16da8c14e35900d8455c97e6dd62b0fc" compoundref="_hotel_8h" startline="12">rooms</references>
      </memberdef>
      <memberdef kind="function" id="class_hotel_1ae53b1ad03b24d52c98e47f296da07196" prot="public" static="no" const="no" explicit="no" inline="no" virt="non-virtual">
        <type>void</type>
        <definition>void Hotel::print</definition>
        <argsstring>(std::ofstream &amp;file)</argsstring>
        <name>print</name>
        <param>
          <type>std::ofstream &amp;</type>
          <declname>file</declname>
        </param>
        <briefdescription>
<para>prins information for each room of the hotel </para>
        </briefdescription>
        <detaileddescription>
        </detaileddescription>
        <inbodydescription>
        </inbodydescription>
        <location file="C:/Users/Viktor/source/repos/project_1_Hotel/project_1_Hotel/Hotel.h" line="99" column="6" bodyfile="C:/Users/Viktor/source/repos/project_1_Hotel/project_1_Hotel/Hotel.cpp" bodystart="158" bodyend="171"/>
        <references refid="class_hotel_1a16da8c14e35900d8455c97e6dd62b0fc" compoundref="_hotel_8h" startline="12">rooms</references>
      </memberdef>
      </sectiondef>
    <briefdescription>
<para>Class that defines a <ref refid="class_hotel" kindref="compound">Hotel</ref>. </para>
    </briefdescription>
    <detaileddescription>
    </detaileddescription>
    <location file="C:/Users/Viktor/source/repos/project_1_Hotel/project_1_Hotel/Hotel.h" line="9" column="1" bodyfile="C:/Users/Viktor/source/repos/project_1_Hotel/project_1_Hotel/Hotel.h" bodystart="10" bodyend="101"/>
    <listofallmembers>
      <member refid="class_hotel_1a1fc874696b0e47026a86845785d97b22" prot="public" virt="non-virtual"><scope>Hotel</scope><name>add_room</name></member>
      <member refid="class_hotel_1ac082f1210d6893bad0da55aa00edfce7" prot="public" virt="non-virtual"><scope>Hotel</scope><name>availability</name></member>
      <member refid="class_hotel_1a6d5e124cd850b5351cc64e480cea2e3b" prot="public" virt="non-virtual"><scope>Hotel</scope><name>checkin</name></member>
      <member refid="class_hotel_1a84edb71bffeec4ea16db39ba600dc46f" prot="public" virt="non-virtual"><scope>Hotel</scope><name>checkout</name></member>
      <member refid="class_hotel_1ab110fbdc0a4a56f963e6e215dfe83201" prot="private" virt="non-virtual"><scope>Hotel</scope><name>countLeapYears</name></member>
      <member refid="class_hotel_1a330f7b11dd6825eaa9aceb0c1c5aa351" prot="private" virt="non-virtual"><scope>Hotel</scope><name>daysBetweenTwoDates</name></member>
      <member refid="class_hotel_1a0e643c11bdbceb831df7f067d5e80d78" prot="public" virt="non-virtual"><scope>Hotel</scope><name>find</name></member>
      <member refid="class_hotel_1a59cc2c3a373abece5a25d730524be2f0" prot="public" virt="non-virtual"><scope>Hotel</scope><name>Hotel</name></member>
      <member refid="class_hotel_1a571420ca46d238c52737a19a9344fbfc" prot="private" virt="non-virtual"><scope>Hotel</scope><name>isFree</name></member>
      <member refid="class_hotel_1ae53b1ad03b24d52c98e47f296da07196" prot="public" virt="non-virtual"><scope>Hotel</scope><name>print</name></member>
      <member refid="class_hotel_1ad171c1a2aa955c10b16be3222b3b5602" prot="public" virt="non-virtual"><scope>Hotel</scope><name>report</name></member>
      <member refid="class_hotel_1a16da8c14e35900d8455c97e6dd62b0fc" prot="private" virt="non-virtual"><scope>Hotel</scope><name>rooms</name></member>
      <member refid="class_hotel_1aa32ea42a80c8af601b69d84056b7d6d3" prot="private" virt="non-virtual"><scope>Hotel</scope><name>sortRoomsByBedCount</name></member>
      <member refid="class_hotel_1a0ae20bdccac171bd43f1c24e5687c645" prot="public" virt="non-virtual"><scope>Hotel</scope><name>unavailable</name></member>
      <member refid="class_hotel_1abff6901218c96643e4cdfad7e232f208" prot="public" virt="non-virtual"><scope>Hotel</scope><name>VIP_find</name></member>
    </listofallmembers>
  </compounddef>
</doxygen>
