<?xml version='1.0' encoding='UTF-8' standalone='no'?>
<doxygen xmlns:xsi="http://www.w3.org/2001/XMLSchema-instance" xsi:noNamespaceSchemaLocation="compound.xsd" version="1.8.18">
  <compounddef id="class_date" kind="class" language="C++" prot="public">
    <compoundname>Date</compoundname>
    <includes refid="_date_8h" local="no">Date.h</includes>
      <sectiondef kind="private-attrib">
      <memberdef kind="variable" id="class_date_1a5b192adcabf2b2871e3f0b76c1ec1601" prot="private" static="no" mutable="no">
        <type>int</type>
        <definition>int Date::day</definition>
        <argsstring></argsstring>
        <name>day</name>
        <briefdescription>
        </briefdescription>
        <detaileddescription>
        </detaileddescription>
        <inbodydescription>
        </inbodydescription>
        <location file="C:/Users/Viktor/source/repos/project_1_Hotel/project_1_Hotel/Date.h" line="8" column="5" bodyfile="C:/Users/Viktor/source/repos/project_1_Hotel/project_1_Hotel/Date.h" bodystart="8" bodyend="-1"/>
      </memberdef>
      <memberdef kind="variable" id="class_date_1a533843e07c6ac8d19fee9b16f5336ba2" prot="private" static="no" mutable="no">
        <type>int</type>
        <definition>int Date::month</definition>
        <argsstring></argsstring>
        <name>month</name>
        <briefdescription>
        </briefdescription>
        <detaileddescription>
        </detaileddescription>
        <inbodydescription>
        </inbodydescription>
        <location file="C:/Users/Viktor/source/repos/project_1_Hotel/project_1_Hotel/Date.h" line="9" column="5" bodyfile="C:/Users/Viktor/source/repos/project_1_Hotel/project_1_Hotel/Date.h" bodystart="9" bodyend="-1"/>
      </memberdef>
      <memberdef kind="variable" id="class_date_1a3eeced2ed56bc95d56782b9e738db8ea" prot="private" static="no" mutable="no">
        <type>int</type>
        <definition>int Date::year</definition>
        <argsstring></argsstring>
        <name>year</name>
        <briefdescription>
        </briefdescription>
        <detaileddescription>
        </detaileddescription>
        <inbodydescription>
        </inbodydescription>
        <location file="C:/Users/Viktor/source/repos/project_1_Hotel/project_1_Hotel/Date.h" line="10" column="5" bodyfile="C:/Users/Viktor/source/repos/project_1_Hotel/project_1_Hotel/Date.h" bodystart="10" bodyend="-1"/>
      </memberdef>
      </sectiondef>
      <sectiondef kind="public-func">
      <memberdef kind="function" id="class_date_1a4e59ed4ba66eec61c27460c5d09fa1bd" prot="public" static="no" const="no" explicit="no" inline="no" virt="non-virtual">
        <type></type>
        <definition>Date::Date</definition>
        <argsstring>()</argsstring>
        <name>Date</name>
        <briefdescription>
        </briefdescription>
        <detaileddescription>
        </detaileddescription>
        <inbodydescription>
        </inbodydescription>
        <location file="C:/Users/Viktor/source/repos/project_1_Hotel/project_1_Hotel/Date.h" line="12" column="1" bodyfile="C:/Users/Viktor/source/repos/project_1_Hotel/project_1_Hotel/Date.cpp" bodystart="5" bodyend="10"/>
        <references refid="class_date_1a5b192adcabf2b2871e3f0b76c1ec1601" compoundref="_date_8h" startline="8">day</references>
        <references refid="class_date_1a533843e07c6ac8d19fee9b16f5336ba2" compoundref="_date_8h" startline="9">month</references>
        <references refid="class_date_1a3eeced2ed56bc95d56782b9e738db8ea" compoundref="_date_8h" startline="10">year</references>
      </memberdef>
      <memberdef kind="function" id="class_date_1ab1ad19969fa570605a6b0cd32b0da822" prot="public" static="no" const="no" explicit="no" inline="no" virt="non-virtual">
        <type></type>
        <definition>Date::Date</definition>
        <argsstring>(int day, int month, int year)</argsstring>
        <name>Date</name>
        <param>
          <type>int</type>
          <declname>day</declname>
        </param>
        <param>
          <type>int</type>
          <declname>month</declname>
        </param>
        <param>
          <type>int</type>
          <declname>year</declname>
        </param>
        <briefdescription>
        </briefdescription>
        <detaileddescription>
        </detaileddescription>
        <inbodydescription>
        </inbodydescription>
        <location file="C:/Users/Viktor/source/repos/project_1_Hotel/project_1_Hotel/Date.h" line="13" column="1" bodyfile="C:/Users/Viktor/source/repos/project_1_Hotel/project_1_Hotel/Date.cpp" bodystart="11" bodyend="16"/>
        <references refid="class_date_1a38368873510ede78cdf2b95d94ed5184" compoundref="_date_8cpp" startline="225" endline="261">set_day</references>
        <references refid="class_date_1af646936426b1ae00cf60eeb36003a397" compoundref="_date_8cpp" startline="262" endline="268">set_month</references>
        <references refid="class_date_1afd39dbc0dfb19465585b6dcc20ffb206" compoundref="_date_8cpp" startline="269" endline="272">set_year</references>
      </memberdef>
      <memberdef kind="function" id="class_date_1afbed03b8e5f81cc205b4b183465e8115" prot="public" static="no" const="no" explicit="no" inline="no" virt="non-virtual">
        <type><ref refid="class_date" kindref="compound">Date</ref> &amp;</type>
        <definition>Date &amp; Date::operator=</definition>
        <argsstring>(const Date &amp;other)</argsstring>
        <name>operator=</name>
        <param>
          <type>const <ref refid="class_date" kindref="compound">Date</ref> &amp;</type>
          <declname>other</declname>
        </param>
        <briefdescription>
        </briefdescription>
        <detaileddescription>
        </detaileddescription>
        <inbodydescription>
        </inbodydescription>
        <location file="C:/Users/Viktor/source/repos/project_1_Hotel/project_1_Hotel/Date.h" line="15" column="6" bodyfile="C:/Users/Viktor/source/repos/project_1_Hotel/project_1_Hotel/Date.cpp" bodystart="17" bodyend="26"/>
        <references refid="class_date_1a5b192adcabf2b2871e3f0b76c1ec1601" compoundref="_date_8h" startline="8">day</references>
        <references refid="class_date_1a533843e07c6ac8d19fee9b16f5336ba2" compoundref="_date_8h" startline="9">month</references>
        <references refid="class_date_1a3eeced2ed56bc95d56782b9e738db8ea" compoundref="_date_8h" startline="10">year</references>
      </memberdef>
      <memberdef kind="function" id="class_date_1ab5b9f0682e6285af51521159e7b65fdc" prot="public" static="no" const="no" explicit="no" inline="no" virt="non-virtual">
        <type>bool</type>
        <definition>bool Date::operator==</definition>
        <argsstring>(const Date &amp;other)</argsstring>
        <name>operator==</name>
        <param>
          <type>const <ref refid="class_date" kindref="compound">Date</ref> &amp;</type>
          <declname>other</declname>
        </param>
        <briefdescription>
        </briefdescription>
        <detaileddescription>
        </detaileddescription>
        <inbodydescription>
        </inbodydescription>
        <location file="C:/Users/Viktor/source/repos/project_1_Hotel/project_1_Hotel/Date.h" line="16" column="6" bodyfile="C:/Users/Viktor/source/repos/project_1_Hotel/project_1_Hotel/Date.cpp" bodystart="27" bodyend="46"/>
        <references refid="class_date_1a5b192adcabf2b2871e3f0b76c1ec1601" compoundref="_date_8h" startline="8">day</references>
        <references refid="class_date_1a533843e07c6ac8d19fee9b16f5336ba2" compoundref="_date_8h" startline="9">month</references>
        <references refid="class_date_1a3eeced2ed56bc95d56782b9e738db8ea" compoundref="_date_8h" startline="10">year</references>
      </memberdef>
      <memberdef kind="function" id="class_date_1a2d9cc2faa8fedf1cc29d078c8c330424" prot="public" static="no" const="no" explicit="no" inline="no" virt="non-virtual">
        <type>bool</type>
        <definition>bool Date::operator!=</definition>
        <argsstring>(const Date &amp;other)</argsstring>
        <name>operator!=</name>
        <param>
          <type>const <ref refid="class_date" kindref="compound">Date</ref> &amp;</type>
          <declname>other</declname>
        </param>
        <briefdescription>
        </briefdescription>
        <detaileddescription>
        </detaileddescription>
        <inbodydescription>
        </inbodydescription>
        <location file="C:/Users/Viktor/source/repos/project_1_Hotel/project_1_Hotel/Date.h" line="17" column="6" bodyfile="C:/Users/Viktor/source/repos/project_1_Hotel/project_1_Hotel/Date.cpp" bodystart="47" bodyend="50"/>
      </memberdef>
      <memberdef kind="function" id="class_date_1ab45910c75ae7ac2ae79b138730007882" prot="public" static="no" const="no" explicit="no" inline="no" virt="non-virtual">
        <type>bool</type>
        <definition>bool Date::operator&lt;</definition>
        <argsstring>(const Date &amp;other)</argsstring>
        <name>operator&lt;</name>
        <param>
          <type>const <ref refid="class_date" kindref="compound">Date</ref> &amp;</type>
          <declname>other</declname>
        </param>
        <briefdescription>
        </briefdescription>
        <detaileddescription>
        </detaileddescription>
        <inbodydescription>
        </inbodydescription>
        <location file="C:/Users/Viktor/source/repos/project_1_Hotel/project_1_Hotel/Date.h" line="18" column="1" bodyfile="C:/Users/Viktor/source/repos/project_1_Hotel/project_1_Hotel/Date.cpp" bodystart="51" bodyend="83"/>
        <references refid="class_date_1a5b192adcabf2b2871e3f0b76c1ec1601" compoundref="_date_8h" startline="8">day</references>
        <references refid="class_date_1a533843e07c6ac8d19fee9b16f5336ba2" compoundref="_date_8h" startline="9">month</references>
        <references refid="class_date_1a3eeced2ed56bc95d56782b9e738db8ea" compoundref="_date_8h" startline="10">year</references>
      </memberdef>
      <memberdef kind="function" id="class_date_1ab6ee13b33bb48680f1b0afa819ec178a" prot="public" static="no" const="no" explicit="no" inline="no" virt="non-virtual">
        <type>bool</type>
        <definition>bool Date::operator&gt;</definition>
        <argsstring>(const Date &amp;other)</argsstring>
        <name>operator&gt;</name>
        <param>
          <type>const <ref refid="class_date" kindref="compound">Date</ref> &amp;</type>
          <declname>other</declname>
        </param>
        <briefdescription>
        </briefdescription>
        <detaileddescription>
        </detaileddescription>
        <inbodydescription>
        </inbodydescription>
        <location file="C:/Users/Viktor/source/repos/project_1_Hotel/project_1_Hotel/Date.h" line="19" column="6" bodyfile="C:/Users/Viktor/source/repos/project_1_Hotel/project_1_Hotel/Date.cpp" bodystart="84" bodyend="115"/>
        <references refid="class_date_1a5b192adcabf2b2871e3f0b76c1ec1601" compoundref="_date_8h" startline="8">day</references>
        <references refid="class_date_1a533843e07c6ac8d19fee9b16f5336ba2" compoundref="_date_8h" startline="9">month</references>
        <references refid="class_date_1a3eeced2ed56bc95d56782b9e738db8ea" compoundref="_date_8h" startline="10">year</references>
      </memberdef>
      <memberdef kind="function" id="class_date_1a532290fc786f617aa5d5f55cd2159298" prot="public" static="no" const="no" explicit="no" inline="no" virt="non-virtual">
        <type>bool</type>
        <definition>bool Date::operator&lt;=</definition>
        <argsstring>(const Date &amp;other)</argsstring>
        <name>operator&lt;=</name>
        <param>
          <type>const <ref refid="class_date" kindref="compound">Date</ref> &amp;</type>
          <declname>other</declname>
        </param>
        <briefdescription>
        </briefdescription>
        <detaileddescription>
        </detaileddescription>
        <inbodydescription>
        </inbodydescription>
        <location file="C:/Users/Viktor/source/repos/project_1_Hotel/project_1_Hotel/Date.h" line="20" column="1" bodyfile="C:/Users/Viktor/source/repos/project_1_Hotel/project_1_Hotel/Date.cpp" bodystart="116" bodyend="162"/>
        <references refid="class_date_1a5b192adcabf2b2871e3f0b76c1ec1601" compoundref="_date_8h" startline="8">day</references>
        <references refid="class_date_1a533843e07c6ac8d19fee9b16f5336ba2" compoundref="_date_8h" startline="9">month</references>
        <references refid="class_date_1a3eeced2ed56bc95d56782b9e738db8ea" compoundref="_date_8h" startline="10">year</references>
      </memberdef>
      <memberdef kind="function" id="class_date_1aa383aca21b89372e5ac8cdd0eb20daf6" prot="public" static="no" const="no" explicit="no" inline="no" virt="non-virtual">
        <type>bool</type>
        <definition>bool Date::operator&gt;=</definition>
        <argsstring>(const Date &amp;other)</argsstring>
        <name>operator&gt;=</name>
        <param>
          <type>const <ref refid="class_date" kindref="compound">Date</ref> &amp;</type>
          <declname>other</declname>
        </param>
        <briefdescription>
        </briefdescription>
        <detaileddescription>
        </detaileddescription>
        <inbodydescription>
        </inbodydescription>
        <location file="C:/Users/Viktor/source/repos/project_1_Hotel/project_1_Hotel/Date.h" line="21" column="6" bodyfile="C:/Users/Viktor/source/repos/project_1_Hotel/project_1_Hotel/Date.cpp" bodystart="163" bodyend="209"/>
        <references refid="class_date_1a5b192adcabf2b2871e3f0b76c1ec1601" compoundref="_date_8h" startline="8">day</references>
        <references refid="class_date_1a533843e07c6ac8d19fee9b16f5336ba2" compoundref="_date_8h" startline="9">month</references>
        <references refid="class_date_1a3eeced2ed56bc95d56782b9e738db8ea" compoundref="_date_8h" startline="10">year</references>
      </memberdef>
      <memberdef kind="function" id="class_date_1a86208bd42da6587c4b45ed93d688d483" prot="public" static="no" const="yes" explicit="no" inline="no" virt="non-virtual">
        <type>int</type>
        <definition>int Date::get_day</definition>
        <argsstring>() const</argsstring>
        <name>get_day</name>
        <briefdescription>
        </briefdescription>
        <detaileddescription>
        </detaileddescription>
        <inbodydescription>
        </inbodydescription>
        <location file="C:/Users/Viktor/source/repos/project_1_Hotel/project_1_Hotel/Date.h" line="23" column="5" bodyfile="C:/Users/Viktor/source/repos/project_1_Hotel/project_1_Hotel/Date.cpp" bodystart="212" bodyend="215"/>
        <references refid="class_date_1a5b192adcabf2b2871e3f0b76c1ec1601" compoundref="_date_8h" startline="8">day</references>
      </memberdef>
      <memberdef kind="function" id="class_date_1a89ae60bad421600e3ee901eb0df44975" prot="public" static="no" const="yes" explicit="no" inline="no" virt="non-virtual">
        <type>int</type>
        <definition>int Date::get_month</definition>
        <argsstring>() const</argsstring>
        <name>get_month</name>
        <briefdescription>
        </briefdescription>
        <detaileddescription>
        </detaileddescription>
        <inbodydescription>
        </inbodydescription>
        <location file="C:/Users/Viktor/source/repos/project_1_Hotel/project_1_Hotel/Date.h" line="24" column="5" bodyfile="C:/Users/Viktor/source/repos/project_1_Hotel/project_1_Hotel/Date.cpp" bodystart="216" bodyend="219"/>
        <references refid="class_date_1a533843e07c6ac8d19fee9b16f5336ba2" compoundref="_date_8h" startline="9">month</references>
      </memberdef>
      <memberdef kind="function" id="class_date_1a9e77e9f49890449fea9aeb8114da95ff" prot="public" static="no" const="yes" explicit="no" inline="no" virt="non-virtual">
        <type>int</type>
        <definition>int Date::get_year</definition>
        <argsstring>() const</argsstring>
        <name>get_year</name>
        <briefdescription>
        </briefdescription>
        <detaileddescription>
        </detaileddescription>
        <inbodydescription>
        </inbodydescription>
        <location file="C:/Users/Viktor/source/repos/project_1_Hotel/project_1_Hotel/Date.h" line="25" column="5" bodyfile="C:/Users/Viktor/source/repos/project_1_Hotel/project_1_Hotel/Date.cpp" bodystart="220" bodyend="223"/>
        <references refid="class_date_1a3eeced2ed56bc95d56782b9e738db8ea" compoundref="_date_8h" startline="10">year</references>
      </memberdef>
      <memberdef kind="function" id="class_date_1a38368873510ede78cdf2b95d94ed5184" prot="public" static="no" const="no" explicit="no" inline="no" virt="non-virtual">
        <type>void</type>
        <definition>void Date::set_day</definition>
        <argsstring>(int day)</argsstring>
        <name>set_day</name>
        <param>
          <type>int</type>
          <declname>day</declname>
        </param>
        <briefdescription>
        </briefdescription>
        <detaileddescription>
        </detaileddescription>
        <inbodydescription>
        </inbodydescription>
        <location file="C:/Users/Viktor/source/repos/project_1_Hotel/project_1_Hotel/Date.h" line="26" column="6" bodyfile="C:/Users/Viktor/source/repos/project_1_Hotel/project_1_Hotel/Date.cpp" bodystart="225" bodyend="261"/>
        <references refid="class_date_1a5b192adcabf2b2871e3f0b76c1ec1601" compoundref="_date_8h" startline="8">day</references>
        <references refid="class_date_1a533843e07c6ac8d19fee9b16f5336ba2" compoundref="_date_8h" startline="9">month</references>
        <references refid="class_date_1a3eeced2ed56bc95d56782b9e738db8ea" compoundref="_date_8h" startline="10">year</references>
      </memberdef>
      <memberdef kind="function" id="class_date_1af646936426b1ae00cf60eeb36003a397" prot="public" static="no" const="no" explicit="no" inline="no" virt="non-virtual">
        <type>void</type>
        <definition>void Date::set_month</definition>
        <argsstring>(int month)</argsstring>
        <name>set_month</name>
        <param>
          <type>int</type>
          <declname>month</declname>
        </param>
        <briefdescription>
        </briefdescription>
        <detaileddescription>
        </detaileddescription>
        <inbodydescription>
        </inbodydescription>
        <location file="C:/Users/Viktor/source/repos/project_1_Hotel/project_1_Hotel/Date.h" line="27" column="6" bodyfile="C:/Users/Viktor/source/repos/project_1_Hotel/project_1_Hotel/Date.cpp" bodystart="262" bodyend="268"/>
        <references refid="class_date_1a533843e07c6ac8d19fee9b16f5336ba2" compoundref="_date_8h" startline="9">month</references>
      </memberdef>
      <memberdef kind="function" id="class_date_1afd39dbc0dfb19465585b6dcc20ffb206" prot="public" static="no" const="no" explicit="no" inline="no" virt="non-virtual">
        <type>void</type>
        <definition>void Date::set_year</definition>
        <argsstring>(int year)</argsstring>
        <name>set_year</name>
        <param>
          <type>int</type>
          <declname>year</declname>
        </param>
        <briefdescription>
        </briefdescription>
        <detaileddescription>
        </detaileddescription>
        <inbodydescription>
        </inbodydescription>
        <location file="C:/Users/Viktor/source/repos/project_1_Hotel/project_1_Hotel/Date.h" line="28" column="6" bodyfile="C:/Users/Viktor/source/repos/project_1_Hotel/project_1_Hotel/Date.cpp" bodystart="269" bodyend="272"/>
        <references refid="class_date_1a3eeced2ed56bc95d56782b9e738db8ea" compoundref="_date_8h" startline="10">year</references>
      </memberdef>
      </sectiondef>
    <briefdescription>
<para>Class that defines <ref refid="class_date" kindref="compound">Date</ref>. </para>
    </briefdescription>
    <detaileddescription>
    </detaileddescription>
    <location file="C:/Users/Viktor/source/repos/project_1_Hotel/project_1_Hotel/Date.h" line="5" column="1" bodyfile="C:/Users/Viktor/source/repos/project_1_Hotel/project_1_Hotel/Date.h" bodystart="6" bodyend="29"/>
    <listofallmembers>
      <member refid="class_date_1a4e59ed4ba66eec61c27460c5d09fa1bd" prot="public" virt="non-virtual"><scope>Date</scope><name>Date</name></member>
      <member refid="class_date_1ab1ad19969fa570605a6b0cd32b0da822" prot="public" virt="non-virtual"><scope>Date</scope><name>Date</name></member>
      <member refid="class_date_1a5b192adcabf2b2871e3f0b76c1ec1601" prot="private" virt="non-virtual"><scope>Date</scope><name>day</name></member>
      <member refid="class_date_1a86208bd42da6587c4b45ed93d688d483" prot="public" virt="non-virtual"><scope>Date</scope><name>get_day</name></member>
      <member refid="class_date_1a89ae60bad421600e3ee901eb0df44975" prot="public" virt="non-virtual"><scope>Date</scope><name>get_month</name></member>
      <member refid="class_date_1a9e77e9f49890449fea9aeb8114da95ff" prot="public" virt="non-virtual"><scope>Date</scope><name>get_year</name></member>
      <member refid="class_date_1a533843e07c6ac8d19fee9b16f5336ba2" prot="private" virt="non-virtual"><scope>Date</scope><name>month</name></member>
      <member refid="class_date_1a2d9cc2faa8fedf1cc29d078c8c330424" prot="public" virt="non-virtual"><scope>Date</scope><name>operator!=</name></member>
      <member refid="class_date_1ab45910c75ae7ac2ae79b138730007882" prot="public" virt="non-virtual"><scope>Date</scope><name>operator&lt;</name></member>
      <member refid="class_date_1a532290fc786f617aa5d5f55cd2159298" prot="public" virt="non-virtual"><scope>Date</scope><name>operator&lt;=</name></member>
      <member refid="class_date_1afbed03b8e5f81cc205b4b183465e8115" prot="public" virt="non-virtual"><scope>Date</scope><name>operator=</name></member>
      <member refid="class_date_1ab5b9f0682e6285af51521159e7b65fdc" prot="public" virt="non-virtual"><scope>Date</scope><name>operator==</name></member>
      <member refid="class_date_1ab6ee13b33bb48680f1b0afa819ec178a" prot="public" virt="non-virtual"><scope>Date</scope><name>operator&gt;</name></member>
      <member refid="class_date_1aa383aca21b89372e5ac8cdd0eb20daf6" prot="public" virt="non-virtual"><scope>Date</scope><name>operator&gt;=</name></member>
      <member refid="class_date_1a38368873510ede78cdf2b95d94ed5184" prot="public" virt="non-virtual"><scope>Date</scope><name>set_day</name></member>
      <member refid="class_date_1af646936426b1ae00cf60eeb36003a397" prot="public" virt="non-virtual"><scope>Date</scope><name>set_month</name></member>
      <member refid="class_date_1afd39dbc0dfb19465585b6dcc20ffb206" prot="public" virt="non-virtual"><scope>Date</scope><name>set_year</name></member>
      <member refid="class_date_1a3eeced2ed56bc95d56782b9e738db8ea" prot="private" virt="non-virtual"><scope>Date</scope><name>year</name></member>
    </listofallmembers>
  </compounddef>
</doxygen>
