<?xml version='1.0' encoding='UTF-8' standalone='no'?>
<doxygen xmlns:xsi="http://www.w3.org/2001/XMLSchema-instance" xsi:noNamespaceSchemaLocation="compound.xsd" version="1.8.18">
  <compounddef id="dir_4565ddf8638606d9332c52f43546f779" kind="dir">
    <compoundname>repos</compoundname>
    <innerdir refid="dir_a51fe43a66d2322215f4148df855da39">project_1_Hotel</innerdir>
    <briefdescription>
    </briefdescription>
    <detaileddescription>
    </detaileddescription>
    <location file="C:/Users/Viktor/source/repos/"/>
  </compounddef>
</doxygen>
