<?xml version='1.0' encoding='UTF-8' standalone='no'?>
<doxygen xmlns:xsi="http://www.w3.org/2001/XMLSchema-instance" xsi:noNamespaceSchemaLocation="compound.xsd" version="1.8.18">
  <compounddef id="dir_9fcd7739deede9e736f8d13fad406209" kind="dir">
    <compoundname>Viktor</compoundname>
    <innerdir refid="dir_37dbe52584bc5185b1ea6e18a0e74963">source</innerdir>
    <briefdescription>
    </briefdescription>
    <detaileddescription>
    </detaileddescription>
    <location file="C:/Users/Viktor/"/>
  </compounddef>
</doxygen>
