<?xml version='1.0' encoding='UTF-8' standalone='no'?>
<doxygen xmlns:xsi="http://www.w3.org/2001/XMLSchema-instance" xsi:noNamespaceSchemaLocation="compound.xsd" version="1.8.18">
  <compounddef id="dir_37dbe52584bc5185b1ea6e18a0e74963" kind="dir">
    <compoundname>source</compoundname>
    <innerdir refid="dir_4565ddf8638606d9332c52f43546f779">repos</innerdir>
    <briefdescription>
    </briefdescription>
    <detaileddescription>
    </detaileddescription>
    <location file="C:/Users/Viktor/source/"/>
  </compounddef>
</doxygen>
