<?xml version='1.0' encoding='UTF-8' standalone='no'?>
<doxygen xmlns:xsi="http://www.w3.org/2001/XMLSchema-instance" xsi:noNamespaceSchemaLocation="compound.xsd" version="1.8.18">
  <compounddef id="dir_8ceffd4ee35c3518d4e8bdc7e638efe8" kind="dir">
    <compoundname>Users</compoundname>
    <innerdir refid="dir_9fcd7739deede9e736f8d13fad406209">Viktor</innerdir>
    <briefdescription>
    </briefdescription>
    <detaileddescription>
    </detaileddescription>
    <location file="C:/Users/"/>
  </compounddef>
</doxygen>
