<?xml version='1.0' encoding='UTF-8' standalone='no'?>
<doxygen xmlns:xsi="http://www.w3.org/2001/XMLSchema-instance" xsi:noNamespaceSchemaLocation="compound.xsd" version="1.8.18">
  <compounddef id="dir_05f46890a29f28baba86d7ab6b168f1a" kind="dir">
    <compoundname>project_1_Hotel</compoundname>
    <innerfile refid="_date_8cpp">Date.cpp</innerfile>
    <innerfile refid="_date_8h">Date.h</innerfile>
    <innerfile refid="_hotel_8cpp">Hotel.cpp</innerfile>
    <innerfile refid="_hotel_8h">Hotel.h</innerfile>
    <innerfile refid="project__1___hotel_8cpp">project_1_Hotel.cpp</innerfile>
    <innerfile refid="_room_8cpp">Room.cpp</innerfile>
    <innerfile refid="_room_8h">Room.h</innerfile>
    <innerfile refid="stdafx_8cpp">stdafx.cpp</innerfile>
    <innerfile refid="stdafx_8h">stdafx.h</innerfile>
    <innerfile refid="targetver_8h">targetver.h</innerfile>
    <briefdescription>
    </briefdescription>
    <detaileddescription>
    </detaileddescription>
    <location file="C:/Users/Viktor/source/repos/project_1_Hotel/project_1_Hotel/"/>
  </compounddef>
</doxygen>
