<?xml version='1.0' encoding='UTF-8' standalone='no'?>
<doxygen xmlns:xsi="http://www.w3.org/2001/XMLSchema-instance" xsi:noNamespaceSchemaLocation="compound.xsd" version="1.8.18">
  <compounddef id="dir_a51fe43a66d2322215f4148df855da39" kind="dir">
    <compoundname>project_1_Hotel</compoundname>
    <innerdir refid="dir_05f46890a29f28baba86d7ab6b168f1a">project_1_Hotel</innerdir>
    <briefdescription>
    </briefdescription>
    <detaileddescription>
    </detaileddescription>
    <location file="C:/Users/Viktor/source/repos/project_1_Hotel/"/>
  </compounddef>
</doxygen>
