<?xml version='1.0' encoding='UTF-8' standalone='no'?>
<doxygenindex xmlns:xsi="http://www.w3.org/2001/XMLSchema-instance" xsi:noNamespaceSchemaLocation="index.xsd" version="1.8.18">
  <compound refid="class_date" kind="class"><name>Date</name>
    <member refid="class_date_1a5b192adcabf2b2871e3f0b76c1ec1601" kind="variable"><name>day</name></member>
    <member refid="class_date_1a533843e07c6ac8d19fee9b16f5336ba2" kind="variable"><name>month</name></member>
    <member refid="class_date_1a3eeced2ed56bc95d56782b9e738db8ea" kind="variable"><name>year</name></member>
    <member refid="class_date_1a4e59ed4ba66eec61c27460c5d09fa1bd" kind="function"><name>Date</name></member>
    <member refid="class_date_1ab1ad19969fa570605a6b0cd32b0da822" kind="function"><name>Date</name></member>
    <member refid="class_date_1afbed03b8e5f81cc205b4b183465e8115" kind="function"><name>operator=</name></member>
    <member refid="class_date_1ab5b9f0682e6285af51521159e7b65fdc" kind="function"><name>operator==</name></member>
    <member refid="class_date_1a2d9cc2faa8fedf1cc29d078c8c330424" kind="function"><name>operator!=</name></member>
    <member refid="class_date_1ab45910c75ae7ac2ae79b138730007882" kind="function"><name>operator&lt;</name></member>
    <member refid="class_date_1ab6ee13b33bb48680f1b0afa819ec178a" kind="function"><name>operator&gt;</name></member>
    <member refid="class_date_1a532290fc786f617aa5d5f55cd2159298" kind="function"><name>operator&lt;=</name></member>
    <member refid="class_date_1aa383aca21b89372e5ac8cdd0eb20daf6" kind="function"><name>operator&gt;=</name></member>
    <member refid="class_date_1a86208bd42da6587c4b45ed93d688d483" kind="function"><name>get_day</name></member>
    <member refid="class_date_1a89ae60bad421600e3ee901eb0df44975" kind="function"><name>get_month</name></member>
    <member refid="class_date_1a9e77e9f49890449fea9aeb8114da95ff" kind="function"><name>get_year</name></member>
    <member refid="class_date_1a38368873510ede78cdf2b95d94ed5184" kind="function"><name>set_day</name></member>
    <member refid="class_date_1af646936426b1ae00cf60eeb36003a397" kind="function"><name>set_month</name></member>
    <member refid="class_date_1afd39dbc0dfb19465585b6dcc20ffb206" kind="function"><name>set_year</name></member>
  </compound>
  <compound refid="class_hotel" kind="class"><name>Hotel</name>
    <member refid="class_hotel_1a16da8c14e35900d8455c97e6dd62b0fc" kind="variable"><name>rooms</name></member>
    <member refid="class_hotel_1aa32ea42a80c8af601b69d84056b7d6d3" kind="function"><name>sortRoomsByBedCount</name></member>
    <member refid="class_hotel_1a571420ca46d238c52737a19a9344fbfc" kind="function"><name>isFree</name></member>
    <member refid="class_hotel_1ab110fbdc0a4a56f963e6e215dfe83201" kind="function"><name>countLeapYears</name></member>
    <member refid="class_hotel_1a330f7b11dd6825eaa9aceb0c1c5aa351" kind="function"><name>daysBetweenTwoDates</name></member>
    <member refid="class_hotel_1a59cc2c3a373abece5a25d730524be2f0" kind="function"><name>Hotel</name></member>
    <member refid="class_hotel_1a1fc874696b0e47026a86845785d97b22" kind="function"><name>add_room</name></member>
    <member refid="class_hotel_1a6d5e124cd850b5351cc64e480cea2e3b" kind="function"><name>checkin</name></member>
    <member refid="class_hotel_1ac082f1210d6893bad0da55aa00edfce7" kind="function"><name>availability</name></member>
    <member refid="class_hotel_1a84edb71bffeec4ea16db39ba600dc46f" kind="function"><name>checkout</name></member>
    <member refid="class_hotel_1ad171c1a2aa955c10b16be3222b3b5602" kind="function"><name>report</name></member>
    <member refid="class_hotel_1a0e643c11bdbceb831df7f067d5e80d78" kind="function"><name>find</name></member>
    <member refid="class_hotel_1abff6901218c96643e4cdfad7e232f208" kind="function"><name>VIP_find</name></member>
    <member refid="class_hotel_1a0ae20bdccac171bd43f1c24e5687c645" kind="function"><name>unavailable</name></member>
    <member refid="class_hotel_1ae53b1ad03b24d52c98e47f296da07196" kind="function"><name>print</name></member>
  </compound>
  <compound refid="class_room" kind="class"><name>Room</name>
    <member refid="class_room_1ace0776823076279027a43e37096f44a2" kind="variable"><name>number</name></member>
    <member refid="class_room_1afe08419edb2d4512d60d498f752c4dbf" kind="variable"><name>bedCount</name></member>
    <member refid="class_room_1a50805c8f577d2c1f3fb41cb8fa48809a" kind="variable"><name>guests</name></member>
    <member refid="class_room_1a94e36881b70913044d32d703281efbce" kind="variable"><name>startDate</name></member>
    <member refid="class_room_1a6c81243823872a5ecd01634735d6148a" kind="variable"><name>endDate</name></member>
    <member refid="class_room_1ac6ef93a7d9c3e1d624e025058d5f16ff" kind="function"><name>Room</name></member>
    <member refid="class_room_1af463b43f585764f173874a2ea5388d07" kind="function"><name>Room</name></member>
    <member refid="class_room_1a31a78a6ad21b6552e59ee8e926706c24" kind="function"><name>get_number</name></member>
    <member refid="class_room_1a860f47bae97bdcd24d519e208cc64ef3" kind="function"><name>get_bedCount</name></member>
    <member refid="class_room_1a34a46af1773a41d22e9e925680709bd7" kind="function"><name>get_guests</name></member>
    <member refid="class_room_1afb791720af8989e818f41a9305534dfa" kind="function"><name>get_startDate</name></member>
    <member refid="class_room_1a63955d07afe48314a6b12afcd6312ad4" kind="function"><name>get_endDate</name></member>
    <member refid="class_room_1a99b5322aacd5b2572f878b36cf9513f1" kind="function"><name>set_number</name></member>
    <member refid="class_room_1af170f682d32dd29223055c18dcf7a83b" kind="function"><name>set_bedCount</name></member>
    <member refid="class_room_1a6d8c39f6db65fb858de316c30827e5fc" kind="function"><name>set_guest</name></member>
    <member refid="class_room_1a03cc7e48dc237ce20e41475ce951650d" kind="function"><name>set_startDate</name></member>
    <member refid="class_room_1afad380db116373e6fa067a65cf561787" kind="function"><name>set_endDate</name></member>
  </compound>
  <compound refid="_date_8cpp" kind="file"><name>Date.cpp</name>
  </compound>
  <compound refid="_date_8h" kind="file"><name>Date.h</name>
  </compound>
  <compound refid="here_8txt" kind="file"><name>here.txt</name>
  </compound>
  <compound refid="_hotel_8cpp" kind="file"><name>Hotel.cpp</name>
  </compound>
  <compound refid="_hotel_8h" kind="file"><name>Hotel.h</name>
  </compound>
  <compound refid="input__hotel_8txt" kind="file"><name>input_hotel.txt</name>
  </compound>
  <compound refid="project__1___hotel_8cpp" kind="file"><name>project_1_Hotel.cpp</name>
    <member refid="project__1___hotel_8cpp_1a7500059836dc1bccc7e9afc3b7fc9019" kind="function"><name>main</name></member>
  </compound>
  <compound refid="_room_8cpp" kind="file"><name>Room.cpp</name>
  </compound>
  <compound refid="_room_8h" kind="file"><name>Room.h</name>
  </compound>
  <compound refid="savemehere_8txt" kind="file"><name>savemehere.txt</name>
  </compound>
  <compound refid="stdafx_8cpp" kind="file"><name>stdafx.cpp</name>
  </compound>
  <compound refid="stdafx_8h" kind="file"><name>stdafx.h</name>
  </compound>
  <compound refid="targetver_8h" kind="file"><name>targetver.h</name>
  </compound>
  <compound refid="dir_e6bb53534ac0e427887cf7a94c0c004e" kind="dir"><name>C:</name>
  </compound>
  <compound refid="dir_05f46890a29f28baba86d7ab6b168f1a" kind="dir"><name>project_1_Hotel</name>
  </compound>
  <compound refid="dir_a51fe43a66d2322215f4148df855da39" kind="dir"><name>project_1_Hotel</name>
  </compound>
  <compound refid="dir_4565ddf8638606d9332c52f43546f779" kind="dir"><name>repos</name>
  </compound>
  <compound refid="dir_37dbe52584bc5185b1ea6e18a0e74963" kind="dir"><name>source</name>
  </compound>
  <compound refid="dir_8ceffd4ee35c3518d4e8bdc7e638efe8" kind="dir"><name>Users</name>
  </compound>
  <compound refid="dir_9fcd7739deede9e736f8d13fad406209" kind="dir"><name>Viktor</name>
  </compound>
</doxygenindex>
