<?xml version='1.0' encoding='UTF-8' standalone='no'?>
<doxygen xmlns:xsi="http://www.w3.org/2001/XMLSchema-instance" xsi:noNamespaceSchemaLocation="compound.xsd" version="1.8.18">
  <compounddef id="stdafx_8h" kind="file" language="C++">
    <compoundname>stdafx.h</compoundname>
    <includes refid="targetver_8h" local="yes">targetver.h</includes>
    <includes local="no">stdio.h</includes>
    <includes local="no">tchar.h</includes>
    <includedby refid="_date_8cpp" local="yes">Date.cpp</includedby>
    <includedby refid="_hotel_8cpp" local="yes">Hotel.cpp</includedby>
    <includedby refid="_room_8cpp" local="yes">Room.cpp</includedby>
    <includedby refid="stdafx_8cpp" local="yes">stdafx.cpp</includedby>
    <incdepgraph>
      <node id="3">
        <label>SDKDDKVer.h</label>
      </node>
      <node id="1">
        <label>stdafx.h</label>
        <link refid="stdafx_8h"/>
        <childnode refid="2" relation="include">
        </childnode>
        <childnode refid="4" relation="include">
        </childnode>
        <childnode refid="5" relation="include">
        </childnode>
      </node>
      <node id="2">
        <label>targetver.h</label>
        <link refid="targetver_8h"/>
        <childnode refid="3" relation="include">
        </childnode>
      </node>
      <node id="5">
        <label>tchar.h</label>
      </node>
      <node id="4">
        <label>stdio.h</label>
      </node>
    </incdepgraph>
    <invincdepgraph>
      <node id="5">
        <label>stdafx.cpp</label>
        <link refid="stdafx_8cpp"/>
      </node>
      <node id="1">
        <label>stdafx.h</label>
        <link refid="stdafx_8h"/>
        <childnode refid="2" relation="include">
        </childnode>
        <childnode refid="3" relation="include">
        </childnode>
        <childnode refid="4" relation="include">
        </childnode>
        <childnode refid="5" relation="include">
        </childnode>
      </node>
      <node id="2">
        <label>Date.cpp</label>
        <link refid="_date_8cpp"/>
      </node>
      <node id="4">
        <label>Room.cpp</label>
        <link refid="_room_8cpp"/>
      </node>
      <node id="3">
        <label>Hotel.cpp</label>
        <link refid="_hotel_8cpp"/>
      </node>
    </invincdepgraph>
    <briefdescription>
    </briefdescription>
    <detaileddescription>
    </detaileddescription>
    <programlisting>
<codeline lineno="1"><highlight class="normal">﻿</highlight><highlight class="comment">//<sp/>stdafx.h<sp/>:<sp/>include<sp/>file<sp/>for<sp/>standard<sp/>system<sp/>include<sp/>files,</highlight><highlight class="normal"></highlight></codeline>
<codeline lineno="2"><highlight class="normal"></highlight><highlight class="comment">//<sp/>or<sp/>project<sp/>specific<sp/>include<sp/>files<sp/>that<sp/>are<sp/>used<sp/>frequently,<sp/>but</highlight><highlight class="normal"></highlight></codeline>
<codeline lineno="3"><highlight class="normal"></highlight><highlight class="comment">//<sp/>are<sp/>changed<sp/>infrequently</highlight><highlight class="normal"></highlight></codeline>
<codeline lineno="4"><highlight class="normal"></highlight><highlight class="comment">//</highlight><highlight class="normal"></highlight></codeline>
<codeline lineno="5"><highlight class="normal"></highlight></codeline>
<codeline lineno="6"><highlight class="normal"></highlight><highlight class="preprocessor">#pragma<sp/>once</highlight><highlight class="normal"></highlight></codeline>
<codeline lineno="7"><highlight class="normal"></highlight></codeline>
<codeline lineno="8"><highlight class="normal"></highlight><highlight class="preprocessor">#include<sp/>&quot;<ref refid="targetver_8h" kindref="compound">targetver.h</ref>&quot;</highlight><highlight class="normal"></highlight></codeline>
<codeline lineno="9"><highlight class="normal"></highlight></codeline>
<codeline lineno="10"><highlight class="normal"></highlight><highlight class="preprocessor">#include<sp/>&lt;stdio.h&gt;</highlight><highlight class="normal"></highlight></codeline>
<codeline lineno="11"><highlight class="normal"></highlight><highlight class="preprocessor">#include<sp/>&lt;tchar.h&gt;</highlight><highlight class="normal"></highlight></codeline>
<codeline lineno="12"><highlight class="normal"></highlight></codeline>
<codeline lineno="13"><highlight class="normal"></highlight></codeline>
<codeline lineno="14"><highlight class="normal"></highlight></codeline>
<codeline lineno="15"><highlight class="normal"></highlight><highlight class="comment">//<sp/>TODO:<sp/>reference<sp/>additional<sp/>headers<sp/>your<sp/>program<sp/>requires<sp/>here</highlight><highlight class="normal"></highlight></codeline>
    </programlisting>
    <location file="C:/Users/Viktor/source/repos/project_1_Hotel/project_1_Hotel/stdafx.h"/>
  </compounddef>
</doxygen>
