<?xml version='1.0' encoding='UTF-8' standalone='no'?>
<doxygen xmlns:xsi="http://www.w3.org/2001/XMLSchema-instance" xsi:noNamespaceSchemaLocation="compound.xsd" version="1.8.18">
  <compounddef id="stdafx_8cpp" kind="file" language="C++">
    <compoundname>stdafx.cpp</compoundname>
    <includes refid="stdafx_8h" local="yes">stdafx.h</includes>
    <incdepgraph>
      <node id="4">
        <label>SDKDDKVer.h</label>
      </node>
      <node id="1">
        <label>stdafx.cpp</label>
        <link refid="stdafx_8cpp"/>
        <childnode refid="2" relation="include">
        </childnode>
      </node>
      <node id="2">
        <label>stdafx.h</label>
        <link refid="stdafx_8h"/>
        <childnode refid="3" relation="include">
        </childnode>
        <childnode refid="5" relation="include">
        </childnode>
        <childnode refid="6" relation="include">
        </childnode>
      </node>
      <node id="3">
        <label>targetver.h</label>
        <link refid="targetver_8h"/>
        <childnode refid="4" relation="include">
        </childnode>
      </node>
      <node id="6">
        <label>tchar.h</label>
      </node>
      <node id="5">
        <label>stdio.h</label>
      </node>
    </incdepgraph>
    <briefdescription>
    </briefdescription>
    <detaileddescription>
    </detaileddescription>
    <programlisting>
<codeline lineno="1"><highlight class="normal">﻿</highlight><highlight class="comment">//<sp/>stdafx.cpp<sp/>:<sp/>source<sp/>file<sp/>that<sp/>includes<sp/>just<sp/>the<sp/>standard<sp/>includes</highlight><highlight class="normal"></highlight></codeline>
<codeline lineno="2"><highlight class="normal"></highlight><highlight class="comment">//<sp/>project_1_Hotel.pch<sp/>will<sp/>be<sp/>the<sp/>pre-compiled<sp/>header</highlight><highlight class="normal"></highlight></codeline>
<codeline lineno="3"><highlight class="normal"></highlight><highlight class="comment">//<sp/>stdafx.obj<sp/>will<sp/>contain<sp/>the<sp/>pre-compiled<sp/>type<sp/>information</highlight><highlight class="normal"></highlight></codeline>
<codeline lineno="4"><highlight class="normal"></highlight></codeline>
<codeline lineno="5"><highlight class="normal"></highlight><highlight class="preprocessor">#include<sp/>&quot;<ref refid="stdafx_8h" kindref="compound">stdafx.h</ref>&quot;</highlight><highlight class="normal"></highlight></codeline>
<codeline lineno="6"><highlight class="normal"></highlight></codeline>
<codeline lineno="7"><highlight class="normal"></highlight><highlight class="comment">//<sp/>TODO:<sp/>reference<sp/>any<sp/>additional<sp/>headers<sp/>you<sp/>need<sp/>in<sp/>STDAFX.H</highlight><highlight class="normal"></highlight></codeline>
<codeline lineno="8"><highlight class="normal"></highlight><highlight class="comment">//<sp/>and<sp/>not<sp/>in<sp/>this<sp/>file</highlight><highlight class="normal"></highlight></codeline>
    </programlisting>
    <location file="C:/Users/Viktor/source/repos/project_1_Hotel/project_1_Hotel/stdafx.cpp"/>
  </compounddef>
</doxygen>
