<?xml version='1.0' encoding='UTF-8' standalone='no'?>
<doxygen xmlns:xsi="http://www.w3.org/2001/XMLSchema-instance" xsi:noNamespaceSchemaLocation="compound.xsd" version="1.8.18">
  <compounddef id="da/d45/a00011" kind="file" language="C++">
    <compoundname>Hotel.cpp</compoundname>
    <briefdescription>
    </briefdescription>
    <detaileddescription>
    </detaileddescription>
    <programlisting>
<codeline lineno="1"><highlight class="preprocessor">#include<sp/>&quot;<ref refid="d4/d8c/a00035" kindref="compound">stdafx.h</ref>&quot;</highlight><highlight class="normal"></highlight></codeline>
<codeline lineno="2"><highlight class="normal"></highlight><highlight class="preprocessor">#include<sp/>&quot;<ref refid="d2/de7/a00014" kindref="compound">Hotel.h</ref>&quot;</highlight><highlight class="normal"></highlight></codeline>
<codeline lineno="3"><highlight class="normal"></highlight><highlight class="preprocessor">#include&lt;iostream&gt;</highlight><highlight class="normal"></highlight></codeline>
<codeline lineno="4"><highlight class="normal"></highlight><highlight class="preprocessor">#include&lt;fstream&gt;</highlight><highlight class="normal"></highlight></codeline>
<codeline lineno="5"><highlight class="normal"></highlight></codeline>
<codeline lineno="7" refid="dd/dd5/a00861_1a21c9a33a3bd2749b16bacc868896c01d" refkind="member"><highlight class="normal"><ref refid="dd/dd5/a00861_1a21c9a33a3bd2749b16bacc868896c01d" kindref="member">Hotel::Hotel</ref>()<sp/>{}</highlight></codeline>
<codeline lineno="9"><highlight class="keywordtype">void</highlight><highlight class="normal"><sp/><ref refid="dd/dd5/a00861_1ac75dd352bfbef207b8bd78aa8ed32362" kindref="member">Hotel::add_room</ref>(</highlight><highlight class="keyword">const</highlight><highlight class="normal"><sp/><ref refid="dd/d7b/a00865" kindref="compound">Room</ref>&amp;<sp/>room)</highlight></codeline>
<codeline lineno="10"><highlight class="normal">{</highlight></codeline>
<codeline lineno="11"><highlight class="normal"><sp/><sp/><sp/><sp/><sp/><sp/>this-&gt;<ref refid="dd/dd5/a00861_1a9082f9b539870f5992c32d1484562a62" kindref="member">rooms</ref>.push_back(room);</highlight></codeline>
<codeline lineno="12"><highlight class="normal">}</highlight></codeline>
<codeline lineno="14" refid="dd/dd5/a00861_1aeac828a701105e76cd437d38dfdff240" refkind="member"><highlight class="keywordtype">void</highlight><highlight class="normal"><sp/><ref refid="dd/dd5/a00861_1aeac828a701105e76cd437d38dfdff240" kindref="member">Hotel::checkin</ref>(</highlight><highlight class="keywordtype">int</highlight><highlight class="normal"><sp/>room,<sp/></highlight><highlight class="keyword">const</highlight><highlight class="normal"><sp/><ref refid="d0/d82/a00857" kindref="compound">Date</ref><sp/>startingDate,<sp/></highlight><highlight class="keyword">const</highlight><highlight class="normal"><sp/><ref refid="d0/d82/a00857" kindref="compound">Date</ref><sp/>endDate,<sp/>std::string<sp/>guests)</highlight></codeline>
<codeline lineno="15"><highlight class="normal">{</highlight></codeline>
<codeline lineno="16"><highlight class="normal"><sp/><sp/><sp/><sp/><sp/><sp/></highlight><highlight class="keywordflow">for</highlight><highlight class="normal"><sp/>(</highlight><highlight class="keywordtype">size_t</highlight><highlight class="normal"><sp/>i<sp/>=<sp/>0;<sp/>i<sp/>&lt;<sp/>this-&gt;<ref refid="dd/dd5/a00861_1a9082f9b539870f5992c32d1484562a62" kindref="member">rooms</ref>.size();<sp/>i++)</highlight></codeline>
<codeline lineno="17"><highlight class="normal"><sp/><sp/><sp/><sp/><sp/><sp/>{</highlight></codeline>
<codeline lineno="18"><highlight class="normal"><sp/><sp/><sp/><sp/><sp/><sp/><sp/><sp/><sp/><sp/><sp/><sp/></highlight><highlight class="keywordflow">if</highlight><highlight class="normal"><sp/>(this-&gt;<ref refid="dd/dd5/a00861_1a9082f9b539870f5992c32d1484562a62" kindref="member">rooms</ref>[i].get_number()<sp/>==<sp/>room)</highlight></codeline>
<codeline lineno="19"><highlight class="normal"><sp/><sp/><sp/><sp/><sp/><sp/><sp/><sp/><sp/><sp/><sp/><sp/>{</highlight></codeline>
<codeline lineno="20"><highlight class="normal"><sp/><sp/><sp/><sp/><sp/><sp/><sp/><sp/><sp/><sp/><sp/><sp/><sp/><sp/><sp/><sp/><sp/><sp/></highlight><highlight class="keywordflow">if</highlight><highlight class="normal"><sp/>(this-&gt;<ref refid="dd/dd5/a00861_1a16f6bbc3369852ca579193434a8262e8" kindref="member">isFree</ref>(i,<sp/>startingDate,<sp/>endDate))<sp/></highlight></codeline>
<codeline lineno="21"><highlight class="normal"><sp/><sp/><sp/><sp/><sp/><sp/><sp/><sp/><sp/><sp/><sp/><sp/><sp/><sp/><sp/><sp/><sp/><sp/>{</highlight></codeline>
<codeline lineno="22"><highlight class="normal"><sp/><sp/><sp/><sp/><sp/><sp/><sp/><sp/><sp/><sp/><sp/><sp/><sp/><sp/><sp/><sp/><sp/><sp/><sp/><sp/><sp/><sp/><sp/><sp/>this-&gt;<ref refid="dd/dd5/a00861_1a9082f9b539870f5992c32d1484562a62" kindref="member">rooms</ref>[i].set_startDate(startingDate);</highlight></codeline>
<codeline lineno="23"><highlight class="normal"><sp/><sp/><sp/><sp/><sp/><sp/><sp/><sp/><sp/><sp/><sp/><sp/><sp/><sp/><sp/><sp/><sp/><sp/><sp/><sp/><sp/><sp/><sp/><sp/>this-&gt;<ref refid="dd/dd5/a00861_1a9082f9b539870f5992c32d1484562a62" kindref="member">rooms</ref>[i].set_endDate(endDate);</highlight></codeline>
<codeline lineno="25"><highlight class="normal"><sp/><sp/><sp/><sp/><sp/><sp/><sp/><sp/><sp/><sp/><sp/><sp/><sp/><sp/><sp/><sp/><sp/><sp/><sp/><sp/><sp/><sp/><sp/><sp/>this-&gt;<ref refid="dd/dd5/a00861_1a9082f9b539870f5992c32d1484562a62" kindref="member">rooms</ref>[i].set_guest(guests);</highlight></codeline>
<codeline lineno="26"><highlight class="normal"><sp/><sp/><sp/><sp/><sp/><sp/><sp/><sp/><sp/><sp/><sp/><sp/><sp/><sp/><sp/><sp/><sp/><sp/>}</highlight></codeline>
<codeline lineno="27"><highlight class="normal"><sp/><sp/><sp/><sp/><sp/><sp/><sp/><sp/><sp/><sp/><sp/><sp/>}</highlight></codeline>
<codeline lineno="28"><highlight class="normal"><sp/><sp/><sp/><sp/><sp/><sp/>}</highlight></codeline>
<codeline lineno="29"><highlight class="normal">}</highlight></codeline>
<codeline lineno="31" refid="dd/dd5/a00861_1aef9516b9959d1ca118924609d14690d8" refkind="member"><highlight class="keywordtype">void</highlight><highlight class="normal"><sp/><ref refid="dd/dd5/a00861_1aef9516b9959d1ca118924609d14690d8" kindref="member">Hotel::availability</ref>(<ref refid="d0/d82/a00857" kindref="compound">Date</ref><sp/>date)</highlight></codeline>
<codeline lineno="32"><highlight class="normal">{</highlight></codeline>
<codeline lineno="33"><highlight class="normal"><sp/><sp/><sp/><sp/><sp/><sp/></highlight><highlight class="keywordflow">for</highlight><highlight class="normal"><sp/>(</highlight><highlight class="keywordtype">size_t</highlight><highlight class="normal"><sp/>i<sp/>=<sp/>0;<sp/>i<sp/>&lt;<sp/>this-&gt;<ref refid="dd/dd5/a00861_1a9082f9b539870f5992c32d1484562a62" kindref="member">rooms</ref>.size();<sp/>i++)</highlight></codeline>
<codeline lineno="34"><highlight class="normal"><sp/><sp/><sp/><sp/><sp/><sp/>{<sp/><sp/><sp/><sp/><sp/><sp/><sp/><sp/><sp/><sp/><sp/><sp/><sp/><sp/><sp/><sp/><sp/></highlight></codeline>
<codeline lineno="35"><highlight class="normal"><sp/><sp/><sp/><sp/><sp/><sp/><sp/><sp/><sp/><sp/><sp/><sp/><ref refid="d0/d82/a00857" kindref="compound">Date</ref><sp/>roomStartingDate<sp/>=<sp/>this-&gt;<ref refid="dd/dd5/a00861_1a9082f9b539870f5992c32d1484562a62" kindref="member">rooms</ref>[i].get_startDate();</highlight></codeline>
<codeline lineno="36"><highlight class="normal"><sp/><sp/><sp/><sp/><sp/><sp/><sp/><sp/><sp/><sp/><sp/><sp/><ref refid="d0/d82/a00857" kindref="compound">Date</ref><sp/>roomEndDate<sp/>=<sp/>this-&gt;<ref refid="dd/dd5/a00861_1a9082f9b539870f5992c32d1484562a62" kindref="member">rooms</ref>[i].get_endDate();</highlight></codeline>
<codeline lineno="37"><highlight class="normal"></highlight></codeline>
<codeline lineno="38"><highlight class="normal"><sp/><sp/><sp/><sp/><sp/><sp/><sp/><sp/><sp/><sp/><sp/><sp/></highlight><highlight class="keywordflow">if</highlight><highlight class="normal"><sp/>(date<sp/>&lt;<sp/>roomStartingDate<sp/>||<sp/>date<sp/>&gt;<sp/>roomEndDate)</highlight></codeline>
<codeline lineno="39"><highlight class="normal"><sp/><sp/><sp/><sp/><sp/><sp/><sp/><sp/><sp/><sp/><sp/><sp/>{</highlight></codeline>
<codeline lineno="40"><highlight class="normal"><sp/><sp/><sp/><sp/><sp/><sp/><sp/><sp/><sp/><sp/><sp/><sp/><sp/><sp/><sp/><sp/><sp/><sp/>std::cout<sp/>&lt;&lt;<sp/>this-&gt;<ref refid="dd/dd5/a00861_1a9082f9b539870f5992c32d1484562a62" kindref="member">rooms</ref>[i].get_number()<sp/>&lt;&lt;<sp/>std::endl;</highlight></codeline>
<codeline lineno="41"><highlight class="normal"><sp/><sp/><sp/><sp/><sp/><sp/><sp/><sp/><sp/><sp/><sp/><sp/><sp/><sp/><sp/><sp/><sp/><sp/>std::cout<sp/>&lt;&lt;<sp/>this-&gt;<ref refid="dd/dd5/a00861_1a9082f9b539870f5992c32d1484562a62" kindref="member">rooms</ref>[i].get_bedCount()<sp/>&lt;&lt;<sp/>std::endl;</highlight></codeline>
<codeline lineno="42"><highlight class="normal"><sp/><sp/><sp/><sp/><sp/><sp/><sp/><sp/><sp/><sp/><sp/><sp/><sp/><sp/><sp/><sp/><sp/><sp/>std::cout<sp/>&lt;&lt;<sp/>std::endl;</highlight></codeline>
<codeline lineno="43"><highlight class="normal"><sp/><sp/><sp/><sp/><sp/><sp/><sp/><sp/><sp/><sp/><sp/><sp/>}</highlight></codeline>
<codeline lineno="44"><highlight class="normal"><sp/><sp/><sp/><sp/><sp/><sp/>}</highlight></codeline>
<codeline lineno="45"><highlight class="normal">}</highlight></codeline>
<codeline lineno="47" refid="dd/dd5/a00861_1a75101e30c7330012a0fc8d979efc673a" refkind="member"><highlight class="keywordtype">void</highlight><highlight class="normal"><sp/><ref refid="dd/dd5/a00861_1a75101e30c7330012a0fc8d979efc673a" kindref="member">Hotel::checkout</ref>(</highlight><highlight class="keywordtype">int</highlight><highlight class="normal"><sp/>room)</highlight></codeline>
<codeline lineno="48"><highlight class="normal">{</highlight></codeline>
<codeline lineno="49"><highlight class="normal"><sp/><sp/><sp/><sp/><sp/><sp/><ref refid="d0/d82/a00857" kindref="compound">Date</ref><sp/>baseDate;</highlight></codeline>
<codeline lineno="50"><highlight class="normal"><sp/><sp/><sp/><sp/><sp/><sp/></highlight><highlight class="keywordflow">for</highlight><highlight class="normal"><sp/>(</highlight><highlight class="keywordtype">size_t</highlight><highlight class="normal"><sp/>i<sp/>=<sp/>0;<sp/>i<sp/>&lt;<sp/>this-&gt;<ref refid="dd/dd5/a00861_1a9082f9b539870f5992c32d1484562a62" kindref="member">rooms</ref>.size();<sp/>i++)</highlight></codeline>
<codeline lineno="51"><highlight class="normal"><sp/><sp/><sp/><sp/><sp/><sp/>{</highlight></codeline>
<codeline lineno="52"><highlight class="normal"><sp/><sp/><sp/><sp/><sp/><sp/><sp/><sp/><sp/><sp/><sp/><sp/></highlight><highlight class="keywordflow">if</highlight><highlight class="normal"><sp/>(this-&gt;<ref refid="dd/dd5/a00861_1a9082f9b539870f5992c32d1484562a62" kindref="member">rooms</ref>[i].get_number()<sp/>==<sp/>room)</highlight></codeline>
<codeline lineno="53"><highlight class="normal"><sp/><sp/><sp/><sp/><sp/><sp/><sp/><sp/><sp/><sp/><sp/><sp/>{</highlight></codeline>
<codeline lineno="54"><highlight class="normal"><sp/><sp/><sp/><sp/><sp/><sp/><sp/><sp/><sp/><sp/><sp/><sp/><sp/><sp/><sp/><sp/><sp/><sp/>this-&gt;<ref refid="dd/dd5/a00861_1a9082f9b539870f5992c32d1484562a62" kindref="member">rooms</ref>[i].set_startDate(baseDate);</highlight></codeline>
<codeline lineno="55"><highlight class="normal"><sp/><sp/><sp/><sp/><sp/><sp/><sp/><sp/><sp/><sp/><sp/><sp/><sp/><sp/><sp/><sp/><sp/><sp/>this-&gt;<ref refid="dd/dd5/a00861_1a9082f9b539870f5992c32d1484562a62" kindref="member">rooms</ref>[i].set_endDate(baseDate);</highlight></codeline>
<codeline lineno="56"><highlight class="normal"><sp/><sp/><sp/><sp/><sp/><sp/><sp/><sp/><sp/><sp/><sp/><sp/><sp/><sp/><sp/><sp/><sp/><sp/>this-&gt;<ref refid="dd/dd5/a00861_1a9082f9b539870f5992c32d1484562a62" kindref="member">rooms</ref>[i].set_guest(</highlight><highlight class="stringliteral">&quot;&quot;</highlight><highlight class="normal">);</highlight></codeline>
<codeline lineno="57"><highlight class="normal"><sp/><sp/><sp/><sp/><sp/><sp/><sp/><sp/><sp/><sp/><sp/><sp/>}</highlight></codeline>
<codeline lineno="58"><highlight class="normal"><sp/><sp/><sp/><sp/><sp/><sp/>}</highlight></codeline>
<codeline lineno="59"><highlight class="normal">}</highlight></codeline>
<codeline lineno="61" refid="dd/dd5/a00861_1a669000024ceb6e7849af5a21038f70fc" refkind="member"><highlight class="keywordtype">void</highlight><highlight class="normal"><sp/><ref refid="dd/dd5/a00861_1a669000024ceb6e7849af5a21038f70fc" kindref="member">Hotel::report</ref>(<ref refid="d0/d82/a00857" kindref="compound">Date</ref><sp/>startingDate,<sp/><ref refid="d0/d82/a00857" kindref="compound">Date</ref><sp/>endDate)</highlight></codeline>
<codeline lineno="62"><highlight class="normal">{</highlight></codeline>
<codeline lineno="63"><highlight class="normal"><sp/><sp/><sp/><sp/><sp/><sp/></highlight><highlight class="keywordflow">for</highlight><highlight class="normal"><sp/>(</highlight><highlight class="keywordtype">size_t</highlight><highlight class="normal"><sp/>i<sp/>=<sp/>0;<sp/>i<sp/>&lt;<sp/>this-&gt;<ref refid="dd/dd5/a00861_1a9082f9b539870f5992c32d1484562a62" kindref="member">rooms</ref>.size();<sp/>i++)</highlight></codeline>
<codeline lineno="64"><highlight class="normal"><sp/><sp/><sp/><sp/><sp/><sp/>{</highlight></codeline>
<codeline lineno="65"><highlight class="normal"><sp/><sp/><sp/><sp/><sp/><sp/><sp/><sp/><sp/><sp/><sp/><sp/><ref refid="d0/d82/a00857" kindref="compound">Date</ref><sp/>roomStartingDate<sp/>=<sp/>this-&gt;<ref refid="dd/dd5/a00861_1a9082f9b539870f5992c32d1484562a62" kindref="member">rooms</ref>[i].get_startDate();</highlight></codeline>
<codeline lineno="66"><highlight class="normal"><sp/><sp/><sp/><sp/><sp/><sp/><sp/><sp/><sp/><sp/><sp/><sp/><ref refid="d0/d82/a00857" kindref="compound">Date</ref><sp/>roomEndDate<sp/>=<sp/>this-&gt;<ref refid="dd/dd5/a00861_1a9082f9b539870f5992c32d1484562a62" kindref="member">rooms</ref>[i].get_endDate();</highlight></codeline>
<codeline lineno="67"><highlight class="normal"></highlight></codeline>
<codeline lineno="68"><highlight class="normal"><sp/><sp/><sp/><sp/><sp/><sp/><sp/><sp/><sp/><sp/><sp/><sp/></highlight><highlight class="keywordflow">if</highlight><highlight class="normal"><sp/>(roomStartingDate<sp/>&lt;=<sp/>startingDate<sp/>&amp;&amp;<sp/>endDate<sp/>&lt;=<sp/>roomEndDate)</highlight></codeline>
<codeline lineno="69"><highlight class="normal"><sp/><sp/><sp/><sp/><sp/><sp/><sp/><sp/><sp/><sp/><sp/><sp/>{</highlight></codeline>
<codeline lineno="70"><highlight class="normal"><sp/><sp/><sp/><sp/><sp/><sp/><sp/><sp/><sp/><sp/><sp/><sp/><sp/><sp/><sp/><sp/><sp/><sp/>std::cout<sp/>&lt;&lt;<sp/>this-&gt;<ref refid="dd/dd5/a00861_1a84a3046ac54fc4db044fc1d23b496813" kindref="member">daysBetweenTwoDates</ref>(startingDate,<sp/>endDate)<sp/>&lt;&lt;<sp/>std::endl;</highlight></codeline>
<codeline lineno="71"><highlight class="normal"><sp/><sp/><sp/><sp/><sp/><sp/><sp/><sp/><sp/><sp/><sp/><sp/>}</highlight></codeline>
<codeline lineno="72"><highlight class="normal"><sp/><sp/><sp/><sp/><sp/><sp/><sp/><sp/><sp/><sp/><sp/><sp/></highlight><highlight class="keywordflow">else</highlight><highlight class="normal"><sp/></highlight><highlight class="keywordflow">if</highlight><highlight class="normal"><sp/>(roomStartingDate<sp/>&gt;=<sp/>startingDate<sp/>&amp;&amp;<sp/>endDate<sp/>&gt;=<sp/>roomStartingDate<sp/>&amp;&amp;<sp/>endDate<sp/>&lt;=<sp/>roomEndDate)</highlight></codeline>
<codeline lineno="73"><highlight class="normal"><sp/><sp/><sp/><sp/><sp/><sp/><sp/><sp/><sp/><sp/><sp/><sp/>{</highlight></codeline>
<codeline lineno="74"><highlight class="normal"><sp/><sp/><sp/><sp/><sp/><sp/><sp/><sp/><sp/><sp/><sp/><sp/><sp/><sp/><sp/><sp/><sp/><sp/>std::cout<sp/>&lt;&lt;<sp/>this-&gt;<ref refid="dd/dd5/a00861_1a84a3046ac54fc4db044fc1d23b496813" kindref="member">daysBetweenTwoDates</ref>(roomStartingDate,<sp/>endDate)<sp/>&lt;&lt;<sp/>std::endl;</highlight></codeline>
<codeline lineno="75"><highlight class="normal"><sp/><sp/><sp/><sp/><sp/><sp/><sp/><sp/><sp/><sp/><sp/><sp/>}</highlight></codeline>
<codeline lineno="76"><highlight class="normal"><sp/><sp/><sp/><sp/><sp/><sp/><sp/><sp/><sp/><sp/><sp/><sp/></highlight><highlight class="keywordflow">else</highlight><highlight class="normal"><sp/></highlight><highlight class="keywordflow">if</highlight><highlight class="normal"><sp/>(roomStartingDate<sp/>&gt;=<sp/>startingDate<sp/>&amp;&amp;<sp/>endDate<sp/>&gt;=<sp/>roomEndDate)</highlight></codeline>
<codeline lineno="77"><highlight class="normal"><sp/><sp/><sp/><sp/><sp/><sp/><sp/><sp/><sp/><sp/><sp/><sp/>{</highlight></codeline>
<codeline lineno="78"><highlight class="normal"><sp/><sp/><sp/><sp/><sp/><sp/><sp/><sp/><sp/><sp/><sp/><sp/><sp/><sp/><sp/><sp/><sp/><sp/>std::cout<sp/>&lt;&lt;<sp/>this-&gt;<ref refid="dd/dd5/a00861_1a84a3046ac54fc4db044fc1d23b496813" kindref="member">daysBetweenTwoDates</ref>(roomStartingDate,<sp/>roomEndDate)<sp/>&lt;&lt;<sp/>std::endl;</highlight></codeline>
<codeline lineno="79"><highlight class="normal"><sp/><sp/><sp/><sp/><sp/><sp/><sp/><sp/><sp/><sp/><sp/><sp/>}</highlight></codeline>
<codeline lineno="80"><highlight class="normal"><sp/><sp/><sp/><sp/><sp/><sp/><sp/><sp/><sp/><sp/><sp/><sp/></highlight><highlight class="keywordflow">else</highlight><highlight class="normal"><sp/></highlight><highlight class="keywordflow">if</highlight><highlight class="normal"><sp/>(roomStartingDate<sp/>&lt;=<sp/>startingDate<sp/>&amp;&amp;<sp/>startingDate<sp/>&lt;=<sp/><sp/>roomEndDate<sp/>&amp;&amp;<sp/>endDate<sp/>&gt;<sp/>roomEndDate)</highlight></codeline>
<codeline lineno="81"><highlight class="normal"><sp/><sp/><sp/><sp/><sp/><sp/><sp/><sp/><sp/><sp/><sp/><sp/>{</highlight></codeline>
<codeline lineno="82"><highlight class="normal"><sp/><sp/><sp/><sp/><sp/><sp/><sp/><sp/><sp/><sp/><sp/><sp/><sp/><sp/><sp/><sp/><sp/><sp/>std::cout<sp/>&lt;&lt;<sp/>this-&gt;<ref refid="dd/dd5/a00861_1a84a3046ac54fc4db044fc1d23b496813" kindref="member">daysBetweenTwoDates</ref>(startingDate,<sp/>roomEndDate)<sp/>&lt;&lt;<sp/>std::endl;</highlight></codeline>
<codeline lineno="83"><highlight class="normal"><sp/><sp/><sp/><sp/><sp/><sp/><sp/><sp/><sp/><sp/><sp/><sp/>}</highlight></codeline>
<codeline lineno="84"><highlight class="normal"><sp/><sp/><sp/><sp/><sp/><sp/><sp/><sp/><sp/><sp/><sp/><sp/></highlight><highlight class="keywordflow">else</highlight><highlight class="normal"></highlight></codeline>
<codeline lineno="85"><highlight class="normal"><sp/><sp/><sp/><sp/><sp/><sp/><sp/><sp/><sp/><sp/><sp/><sp/>{</highlight></codeline>
<codeline lineno="86"><highlight class="normal"><sp/><sp/><sp/><sp/><sp/><sp/><sp/><sp/><sp/><sp/><sp/><sp/><sp/><sp/><sp/><sp/><sp/><sp/>std::cout<sp/>&lt;&lt;<sp/></highlight><highlight class="stringliteral">&quot;Date<sp/>not<sp/>in<sp/>range&quot;</highlight><highlight class="normal"><sp/>&lt;&lt;<sp/>std::endl;</highlight></codeline>
<codeline lineno="87"><highlight class="normal"><sp/><sp/><sp/><sp/><sp/><sp/><sp/><sp/><sp/><sp/><sp/><sp/>}</highlight></codeline>
<codeline lineno="88"><highlight class="normal"><sp/><sp/><sp/><sp/><sp/><sp/>}</highlight></codeline>
<codeline lineno="89"><highlight class="normal">}</highlight></codeline>
<codeline lineno="91" refid="dd/dd5/a00861_1a0a49b7969e10575de37e8aba7c4dd937" refkind="member"><highlight class="keywordtype">void</highlight><highlight class="normal"><sp/><ref refid="dd/dd5/a00861_1a0a49b7969e10575de37e8aba7c4dd937" kindref="member">Hotel::find</ref>(</highlight><highlight class="keywordtype">int</highlight><highlight class="normal"><sp/>beds,<sp/></highlight><highlight class="keyword">const</highlight><highlight class="normal"><sp/><ref refid="d0/d82/a00857" kindref="compound">Date</ref><sp/>startingDate,<sp/></highlight><highlight class="keyword">const</highlight><highlight class="normal"><sp/><ref refid="d0/d82/a00857" kindref="compound">Date</ref><sp/>endDate)</highlight></codeline>
<codeline lineno="92"><highlight class="normal">{</highlight></codeline>
<codeline lineno="94"><highlight class="normal"><sp/><sp/><sp/><sp/><sp/><sp/>this-&gt;<ref refid="dd/dd5/a00861_1a170cf185f926dcea69eb90688cdffac3" kindref="member">sortRoomsByBedCount</ref>(this-&gt;<ref refid="dd/dd5/a00861_1a9082f9b539870f5992c32d1484562a62" kindref="member">rooms</ref>);</highlight></codeline>
<codeline lineno="95"><highlight class="normal"></highlight></codeline>
<codeline lineno="96"><highlight class="normal"><sp/><sp/><sp/><sp/><sp/><sp/></highlight><highlight class="keywordflow">for</highlight><highlight class="normal"><sp/>(</highlight><highlight class="keywordtype">size_t</highlight><highlight class="normal"><sp/>i<sp/>=<sp/>0;<sp/>i<sp/>&lt;<sp/>this-&gt;<ref refid="dd/dd5/a00861_1a9082f9b539870f5992c32d1484562a62" kindref="member">rooms</ref>.size();<sp/>i++)</highlight></codeline>
<codeline lineno="97"><highlight class="normal"><sp/><sp/><sp/><sp/><sp/><sp/>{</highlight></codeline>
<codeline lineno="98"><highlight class="normal"><sp/><sp/><sp/><sp/><sp/><sp/><sp/><sp/><sp/><sp/><sp/><sp/></highlight><highlight class="keywordflow">if</highlight><highlight class="normal"><sp/>(this-&gt;<ref refid="dd/dd5/a00861_1a9082f9b539870f5992c32d1484562a62" kindref="member">rooms</ref>[i].get_bedCount()<sp/>&lt;=<sp/>beds)</highlight></codeline>
<codeline lineno="99"><highlight class="normal"><sp/><sp/><sp/><sp/><sp/><sp/><sp/><sp/><sp/><sp/><sp/><sp/>{</highlight></codeline>
<codeline lineno="100"><highlight class="normal"><sp/><sp/><sp/><sp/><sp/><sp/><sp/><sp/><sp/><sp/><sp/><sp/><sp/><sp/><sp/><sp/><sp/><sp/></highlight><highlight class="keywordflow">if</highlight><highlight class="normal"><sp/>(this-&gt;<ref refid="dd/dd5/a00861_1a16f6bbc3369852ca579193434a8262e8" kindref="member">isFree</ref>(i,<sp/>startingDate,<sp/>endDate))</highlight></codeline>
<codeline lineno="101"><highlight class="normal"><sp/><sp/><sp/><sp/><sp/><sp/><sp/><sp/><sp/><sp/><sp/><sp/><sp/><sp/><sp/><sp/><sp/><sp/>{</highlight></codeline>
<codeline lineno="102"><highlight class="normal"><sp/><sp/><sp/><sp/><sp/><sp/><sp/><sp/><sp/><sp/><sp/><sp/><sp/><sp/><sp/><sp/><sp/><sp/><sp/><sp/><sp/><sp/><sp/><sp/>this-&gt;<ref refid="dd/dd5/a00861_1a9082f9b539870f5992c32d1484562a62" kindref="member">rooms</ref>[i].set_startDate(startingDate);</highlight></codeline>
<codeline lineno="103"><highlight class="normal"><sp/><sp/><sp/><sp/><sp/><sp/><sp/><sp/><sp/><sp/><sp/><sp/><sp/><sp/><sp/><sp/><sp/><sp/><sp/><sp/><sp/><sp/><sp/><sp/>this-&gt;<ref refid="dd/dd5/a00861_1a9082f9b539870f5992c32d1484562a62" kindref="member">rooms</ref>[i].set_endDate(endDate);</highlight></codeline>
<codeline lineno="104"><highlight class="normal"><sp/><sp/><sp/><sp/><sp/><sp/><sp/><sp/><sp/><sp/><sp/><sp/><sp/><sp/><sp/><sp/><sp/><sp/><sp/><sp/><sp/><sp/><sp/><sp/>this-&gt;<ref refid="dd/dd5/a00861_1a9082f9b539870f5992c32d1484562a62" kindref="member">rooms</ref>[i].set_guest(</highlight><highlight class="stringliteral">&quot;&quot;</highlight><highlight class="normal">);</highlight></codeline>
<codeline lineno="105"><highlight class="normal"><sp/><sp/><sp/><sp/><sp/><sp/><sp/><sp/><sp/><sp/><sp/><sp/><sp/><sp/><sp/><sp/><sp/><sp/><sp/><sp/><sp/><sp/><sp/><sp/></highlight><highlight class="keywordflow">break</highlight><highlight class="normal">;</highlight></codeline>
<codeline lineno="106"><highlight class="normal"><sp/><sp/><sp/><sp/><sp/><sp/><sp/><sp/><sp/><sp/><sp/><sp/><sp/><sp/><sp/><sp/><sp/><sp/>}</highlight></codeline>
<codeline lineno="107"><highlight class="normal"><sp/><sp/><sp/><sp/><sp/><sp/><sp/><sp/><sp/><sp/><sp/><sp/>}</highlight></codeline>
<codeline lineno="108"><highlight class="normal"><sp/><sp/><sp/><sp/><sp/><sp/>}</highlight></codeline>
<codeline lineno="109"><highlight class="normal">}</highlight></codeline>
<codeline lineno="111" refid="dd/dd5/a00861_1a20086835a2ab355edd9d113f216d5726" refkind="member"><highlight class="keywordtype">void</highlight><highlight class="normal"><sp/><ref refid="dd/dd5/a00861_1a20086835a2ab355edd9d113f216d5726" kindref="member">Hotel::VIP_find</ref>(</highlight><highlight class="keywordtype">int</highlight><highlight class="normal"><sp/>beds,<sp/></highlight><highlight class="keyword">const</highlight><highlight class="normal"><sp/><ref refid="d0/d82/a00857" kindref="compound">Date</ref><sp/>startingDate,<sp/></highlight><highlight class="keyword">const</highlight><highlight class="normal"><sp/><ref refid="d0/d82/a00857" kindref="compound">Date</ref><sp/>endDate)</highlight></codeline>
<codeline lineno="112"><highlight class="normal">{</highlight></codeline>
<codeline lineno="114"><highlight class="normal"><sp/><sp/><sp/><sp/><sp/><sp/>this-&gt;<ref refid="dd/dd5/a00861_1a170cf185f926dcea69eb90688cdffac3" kindref="member">sortRoomsByBedCount</ref>(this-&gt;<ref refid="dd/dd5/a00861_1a9082f9b539870f5992c32d1484562a62" kindref="member">rooms</ref>);</highlight></codeline>
<codeline lineno="115"><highlight class="normal"></highlight></codeline>
<codeline lineno="116"><highlight class="normal"><sp/><sp/><sp/><sp/><sp/><sp/></highlight><highlight class="keywordflow">for</highlight><highlight class="normal"><sp/>(</highlight><highlight class="keywordtype">size_t</highlight><highlight class="normal"><sp/>i<sp/>=<sp/>0;<sp/>i<sp/>&lt;<sp/>this-&gt;<ref refid="dd/dd5/a00861_1a9082f9b539870f5992c32d1484562a62" kindref="member">rooms</ref>.size();<sp/>i++)</highlight></codeline>
<codeline lineno="117"><highlight class="normal"><sp/><sp/><sp/><sp/><sp/><sp/>{</highlight></codeline>
<codeline lineno="118"><highlight class="normal"><sp/><sp/><sp/><sp/><sp/><sp/><sp/><sp/><sp/><sp/><sp/><sp/></highlight><highlight class="keywordflow">if</highlight><highlight class="normal"><sp/>(this-&gt;<ref refid="dd/dd5/a00861_1a9082f9b539870f5992c32d1484562a62" kindref="member">rooms</ref>[i].get_bedCount()<sp/>&gt;=<sp/>beds)</highlight></codeline>
<codeline lineno="119"><highlight class="normal"><sp/><sp/><sp/><sp/><sp/><sp/><sp/><sp/><sp/><sp/><sp/><sp/>{</highlight></codeline>
<codeline lineno="120"><highlight class="normal"><sp/><sp/><sp/><sp/><sp/><sp/><sp/><sp/><sp/><sp/><sp/><sp/><sp/><sp/><sp/><sp/><sp/><sp/>this-&gt;<ref refid="dd/dd5/a00861_1a9082f9b539870f5992c32d1484562a62" kindref="member">rooms</ref>[i].set_startDate(startingDate);</highlight></codeline>
<codeline lineno="121"><highlight class="normal"><sp/><sp/><sp/><sp/><sp/><sp/><sp/><sp/><sp/><sp/><sp/><sp/><sp/><sp/><sp/><sp/><sp/><sp/>this-&gt;<ref refid="dd/dd5/a00861_1a9082f9b539870f5992c32d1484562a62" kindref="member">rooms</ref>[i].set_endDate(endDate);</highlight></codeline>
<codeline lineno="122"><highlight class="normal"><sp/><sp/><sp/><sp/><sp/><sp/><sp/><sp/><sp/><sp/><sp/><sp/><sp/><sp/><sp/><sp/><sp/><sp/>this-&gt;<ref refid="dd/dd5/a00861_1a9082f9b539870f5992c32d1484562a62" kindref="member">rooms</ref>[i].set_guest(</highlight><highlight class="stringliteral">&quot;VIP&quot;</highlight><highlight class="normal">);</highlight></codeline>
<codeline lineno="123"><highlight class="normal"><sp/><sp/><sp/><sp/><sp/><sp/><sp/><sp/><sp/><sp/><sp/><sp/><sp/><sp/><sp/><sp/><sp/><sp/></highlight><highlight class="keywordflow">break</highlight><highlight class="normal">;</highlight></codeline>
<codeline lineno="124"><highlight class="normal"><sp/><sp/><sp/><sp/><sp/><sp/><sp/><sp/><sp/><sp/><sp/><sp/>}</highlight></codeline>
<codeline lineno="125"><highlight class="normal"><sp/><sp/><sp/><sp/><sp/><sp/><sp/><sp/><sp/><sp/><sp/><sp/></highlight><highlight class="keywordflow">else</highlight><highlight class="normal"><sp/></highlight><highlight class="keywordflow">if</highlight><highlight class="normal"><sp/>(this-&gt;<ref refid="dd/dd5/a00861_1a9082f9b539870f5992c32d1484562a62" kindref="member">rooms</ref>[i].get_bedCount()<sp/>&lt;<sp/>beds<sp/>&amp;&amp;<sp/>i<sp/>==<sp/>this-&gt;<ref refid="dd/dd5/a00861_1a9082f9b539870f5992c32d1484562a62" kindref="member">rooms</ref>.size()<sp/>-<sp/>1)</highlight></codeline>
<codeline lineno="126"><highlight class="normal"><sp/><sp/><sp/><sp/><sp/><sp/><sp/><sp/><sp/><sp/><sp/><sp/>{</highlight></codeline>
<codeline lineno="127"><highlight class="normal"><sp/><sp/><sp/><sp/><sp/><sp/><sp/><sp/><sp/><sp/><sp/><sp/><sp/><sp/><sp/><sp/><sp/><sp/></highlight><highlight class="keywordflow">for</highlight><highlight class="normal"><sp/>(</highlight><highlight class="keywordtype">size_t</highlight><highlight class="normal"><sp/>i<sp/>=<sp/>0;<sp/>i<sp/>&lt;<sp/>this-&gt;<ref refid="dd/dd5/a00861_1a9082f9b539870f5992c32d1484562a62" kindref="member">rooms</ref>.size();<sp/>i++)</highlight></codeline>
<codeline lineno="128"><highlight class="normal"><sp/><sp/><sp/><sp/><sp/><sp/><sp/><sp/><sp/><sp/><sp/><sp/><sp/><sp/><sp/><sp/><sp/><sp/>{</highlight></codeline>
<codeline lineno="129"><highlight class="normal"><sp/><sp/><sp/><sp/><sp/><sp/><sp/><sp/><sp/><sp/><sp/><sp/><sp/><sp/><sp/><sp/><sp/><sp/><sp/><sp/><sp/><sp/><sp/><sp/></highlight><highlight class="keywordtype">int</highlight><highlight class="normal"><sp/>sumBeds<sp/>=<sp/>this-&gt;<ref refid="dd/dd5/a00861_1a9082f9b539870f5992c32d1484562a62" kindref="member">rooms</ref>[i].get_bedCount()<sp/>+<sp/>this-&gt;<ref refid="dd/dd5/a00861_1a9082f9b539870f5992c32d1484562a62" kindref="member">rooms</ref>[i<sp/>+<sp/>1].get_bedCount();</highlight></codeline>
<codeline lineno="130"><highlight class="normal"><sp/><sp/><sp/><sp/><sp/><sp/><sp/><sp/><sp/><sp/><sp/><sp/><sp/><sp/><sp/><sp/><sp/><sp/><sp/><sp/><sp/><sp/><sp/><sp/></highlight><highlight class="keywordflow">if</highlight><highlight class="normal"><sp/>(sumBeds<sp/>&gt;=<sp/>beds)</highlight></codeline>
<codeline lineno="131"><highlight class="normal"><sp/><sp/><sp/><sp/><sp/><sp/><sp/><sp/><sp/><sp/><sp/><sp/><sp/><sp/><sp/><sp/><sp/><sp/><sp/><sp/><sp/><sp/><sp/><sp/>{</highlight></codeline>
<codeline lineno="132"><highlight class="normal"><sp/><sp/><sp/><sp/><sp/><sp/><sp/><sp/><sp/><sp/><sp/><sp/><sp/><sp/><sp/><sp/><sp/><sp/><sp/><sp/><sp/><sp/><sp/><sp/><sp/><sp/><sp/><sp/><sp/><sp/>this-&gt;<ref refid="dd/dd5/a00861_1a9082f9b539870f5992c32d1484562a62" kindref="member">rooms</ref>[i].set_startDate(startingDate);</highlight></codeline>
<codeline lineno="133"><highlight class="normal"><sp/><sp/><sp/><sp/><sp/><sp/><sp/><sp/><sp/><sp/><sp/><sp/><sp/><sp/><sp/><sp/><sp/><sp/><sp/><sp/><sp/><sp/><sp/><sp/><sp/><sp/><sp/><sp/><sp/><sp/>this-&gt;<ref refid="dd/dd5/a00861_1a9082f9b539870f5992c32d1484562a62" kindref="member">rooms</ref>[i].set_endDate(endDate);</highlight></codeline>
<codeline lineno="134"><highlight class="normal"><sp/><sp/><sp/><sp/><sp/><sp/><sp/><sp/><sp/><sp/><sp/><sp/><sp/><sp/><sp/><sp/><sp/><sp/><sp/><sp/><sp/><sp/><sp/><sp/><sp/><sp/><sp/><sp/><sp/><sp/>this-&gt;<ref refid="dd/dd5/a00861_1a9082f9b539870f5992c32d1484562a62" kindref="member">rooms</ref>[i].set_guest(</highlight><highlight class="stringliteral">&quot;VIP&quot;</highlight><highlight class="normal">);</highlight></codeline>
<codeline lineno="135"><highlight class="normal"><sp/><sp/><sp/><sp/><sp/><sp/><sp/><sp/><sp/><sp/><sp/><sp/><sp/><sp/><sp/><sp/><sp/><sp/><sp/><sp/><sp/><sp/><sp/><sp/><sp/><sp/><sp/><sp/><sp/><sp/>this-&gt;<ref refid="dd/dd5/a00861_1a9082f9b539870f5992c32d1484562a62" kindref="member">rooms</ref>[i<sp/>+<sp/>1].set_startDate(startingDate);</highlight></codeline>
<codeline lineno="136"><highlight class="normal"><sp/><sp/><sp/><sp/><sp/><sp/><sp/><sp/><sp/><sp/><sp/><sp/><sp/><sp/><sp/><sp/><sp/><sp/><sp/><sp/><sp/><sp/><sp/><sp/><sp/><sp/><sp/><sp/><sp/><sp/>this-&gt;<ref refid="dd/dd5/a00861_1a9082f9b539870f5992c32d1484562a62" kindref="member">rooms</ref>[i<sp/>+<sp/>1].set_endDate(endDate);</highlight></codeline>
<codeline lineno="137"><highlight class="normal"><sp/><sp/><sp/><sp/><sp/><sp/><sp/><sp/><sp/><sp/><sp/><sp/><sp/><sp/><sp/><sp/><sp/><sp/><sp/><sp/><sp/><sp/><sp/><sp/><sp/><sp/><sp/><sp/><sp/><sp/>this-&gt;<ref refid="dd/dd5/a00861_1a9082f9b539870f5992c32d1484562a62" kindref="member">rooms</ref>[i<sp/>+<sp/>1].set_guest(</highlight><highlight class="stringliteral">&quot;VIP&quot;</highlight><highlight class="normal">);</highlight></codeline>
<codeline lineno="138"><highlight class="normal"><sp/><sp/><sp/><sp/><sp/><sp/><sp/><sp/><sp/><sp/><sp/><sp/><sp/><sp/><sp/><sp/><sp/><sp/><sp/><sp/><sp/><sp/><sp/><sp/><sp/><sp/><sp/><sp/><sp/><sp/></highlight><highlight class="keywordflow">break</highlight><highlight class="normal">;</highlight></codeline>
<codeline lineno="139"><highlight class="normal"><sp/><sp/><sp/><sp/><sp/><sp/><sp/><sp/><sp/><sp/><sp/><sp/><sp/><sp/><sp/><sp/><sp/><sp/><sp/><sp/><sp/><sp/><sp/><sp/>}</highlight></codeline>
<codeline lineno="140"><highlight class="normal"><sp/><sp/><sp/><sp/><sp/><sp/><sp/><sp/><sp/><sp/><sp/><sp/><sp/><sp/><sp/><sp/><sp/><sp/>}</highlight></codeline>
<codeline lineno="141"><highlight class="normal"><sp/><sp/><sp/><sp/><sp/><sp/><sp/><sp/><sp/><sp/><sp/><sp/>}</highlight></codeline>
<codeline lineno="142"><highlight class="normal"><sp/><sp/><sp/><sp/><sp/><sp/>}<sp/><sp/><sp/><sp/><sp/></highlight></codeline>
<codeline lineno="143"><highlight class="normal">}</highlight></codeline>
<codeline lineno="145" refid="dd/dd5/a00861_1a8dc1fb5216d4613f733534d3966ef3c1" refkind="member"><highlight class="keywordtype">void</highlight><highlight class="normal"><sp/><ref refid="dd/dd5/a00861_1a8dc1fb5216d4613f733534d3966ef3c1" kindref="member">Hotel::unavailable</ref>(</highlight><highlight class="keywordtype">int</highlight><highlight class="normal"><sp/>room,<sp/></highlight><highlight class="keyword">const</highlight><highlight class="normal"><sp/><ref refid="d0/d82/a00857" kindref="compound">Date</ref><sp/>startingDate,<sp/></highlight><highlight class="keyword">const</highlight><highlight class="normal"><sp/><ref refid="d0/d82/a00857" kindref="compound">Date</ref><sp/>endDate,<sp/>std::string<sp/>note)</highlight></codeline>
<codeline lineno="146"><highlight class="normal">{</highlight></codeline>
<codeline lineno="147"><highlight class="normal"><sp/><sp/><sp/><sp/><sp/><sp/></highlight><highlight class="keywordflow">for</highlight><highlight class="normal"><sp/>(</highlight><highlight class="keywordtype">size_t</highlight><highlight class="normal"><sp/>i<sp/>=<sp/>0;<sp/>i<sp/>&lt;<sp/>this-&gt;<ref refid="dd/dd5/a00861_1a9082f9b539870f5992c32d1484562a62" kindref="member">rooms</ref>.size();<sp/>i++)</highlight></codeline>
<codeline lineno="148"><highlight class="normal"><sp/><sp/><sp/><sp/><sp/><sp/>{</highlight></codeline>
<codeline lineno="149"><highlight class="normal"><sp/><sp/><sp/><sp/><sp/><sp/><sp/><sp/><sp/><sp/><sp/><sp/></highlight><highlight class="keywordflow">if</highlight><highlight class="normal"><sp/>(this-&gt;<ref refid="dd/dd5/a00861_1a9082f9b539870f5992c32d1484562a62" kindref="member">rooms</ref>[i].get_number()<sp/>==<sp/>room)</highlight></codeline>
<codeline lineno="150"><highlight class="normal"><sp/><sp/><sp/><sp/><sp/><sp/><sp/><sp/><sp/><sp/><sp/><sp/>{</highlight></codeline>
<codeline lineno="151"><highlight class="normal"><sp/><sp/><sp/><sp/><sp/><sp/><sp/><sp/><sp/><sp/><sp/><sp/><sp/><sp/><sp/><sp/><sp/><sp/>this-&gt;<ref refid="dd/dd5/a00861_1a9082f9b539870f5992c32d1484562a62" kindref="member">rooms</ref>[i].set_startDate(startingDate);</highlight></codeline>
<codeline lineno="152"><highlight class="normal"><sp/><sp/><sp/><sp/><sp/><sp/><sp/><sp/><sp/><sp/><sp/><sp/><sp/><sp/><sp/><sp/><sp/><sp/>this-&gt;<ref refid="dd/dd5/a00861_1a9082f9b539870f5992c32d1484562a62" kindref="member">rooms</ref>[i].set_endDate(endDate);</highlight></codeline>
<codeline lineno="153"><highlight class="normal"><sp/><sp/><sp/><sp/><sp/><sp/><sp/><sp/><sp/><sp/><sp/><sp/><sp/><sp/><sp/><sp/><sp/><sp/>this-&gt;<ref refid="dd/dd5/a00861_1a9082f9b539870f5992c32d1484562a62" kindref="member">rooms</ref>[i].set_guest(note);</highlight></codeline>
<codeline lineno="154"><highlight class="normal"><sp/><sp/><sp/><sp/><sp/><sp/><sp/><sp/><sp/><sp/><sp/><sp/>}</highlight></codeline>
<codeline lineno="155"><highlight class="normal"><sp/><sp/><sp/><sp/><sp/><sp/>}</highlight></codeline>
<codeline lineno="156"><highlight class="normal">}</highlight></codeline>
<codeline lineno="158" refid="dd/dd5/a00861_1ae5cb5af1b77615794d50572367881333" refkind="member"><highlight class="keywordtype">void</highlight><highlight class="normal"><sp/><ref refid="dd/dd5/a00861_1ae5cb5af1b77615794d50572367881333" kindref="member">Hotel::print</ref>(std::ofstream<sp/>&amp;file)</highlight></codeline>
<codeline lineno="159"><highlight class="normal">{</highlight></codeline>
<codeline lineno="160"><highlight class="normal"><sp/><sp/><sp/><sp/><sp/><sp/></highlight><highlight class="keywordflow">for</highlight><highlight class="normal"><sp/>(</highlight><highlight class="keywordtype">int</highlight><highlight class="normal"><sp/>i<sp/>=<sp/>0;<sp/>i<sp/>&lt;<sp/>this-&gt;<ref refid="dd/dd5/a00861_1a9082f9b539870f5992c32d1484562a62" kindref="member">rooms</ref>.size();<sp/>i++)</highlight></codeline>
<codeline lineno="161"><highlight class="normal"><sp/><sp/><sp/><sp/><sp/><sp/>{</highlight></codeline>
<codeline lineno="162"><highlight class="normal"><sp/><sp/><sp/><sp/><sp/><sp/><sp/><sp/><sp/><sp/><sp/><sp/>file<sp/>&lt;&lt;<sp/>this-&gt;<ref refid="dd/dd5/a00861_1a9082f9b539870f5992c32d1484562a62" kindref="member">rooms</ref>[i].get_number()<sp/>&lt;&lt;<sp/></highlight><highlight class="stringliteral">&quot;<sp/>&quot;</highlight><highlight class="normal"><sp/>&lt;&lt;<sp/>this-&gt;<ref refid="dd/dd5/a00861_1a9082f9b539870f5992c32d1484562a62" kindref="member">rooms</ref>[i].get_bedCount()</highlight></codeline>
<codeline lineno="163"><highlight class="normal"><sp/><sp/><sp/><sp/><sp/><sp/><sp/><sp/><sp/><sp/><sp/><sp/><sp/><sp/><sp/><sp/><sp/><sp/>&lt;&lt;<sp/></highlight><highlight class="stringliteral">&quot;<sp/>&quot;</highlight><highlight class="normal"><sp/>&lt;&lt;<sp/>this-&gt;<ref refid="dd/dd5/a00861_1a9082f9b539870f5992c32d1484562a62" kindref="member">rooms</ref>[i].get_startDate().get_day()</highlight></codeline>
<codeline lineno="164"><highlight class="normal"><sp/><sp/><sp/><sp/><sp/><sp/><sp/><sp/><sp/><sp/><sp/><sp/><sp/><sp/><sp/><sp/><sp/><sp/>&lt;&lt;<sp/></highlight><highlight class="stringliteral">&quot;.&quot;</highlight><highlight class="normal"><sp/>&lt;&lt;<sp/>this-&gt;<ref refid="dd/dd5/a00861_1a9082f9b539870f5992c32d1484562a62" kindref="member">rooms</ref>[i].get_startDate().get_month()</highlight></codeline>
<codeline lineno="165"><highlight class="normal"><sp/><sp/><sp/><sp/><sp/><sp/><sp/><sp/><sp/><sp/><sp/><sp/><sp/><sp/><sp/><sp/><sp/><sp/>&lt;&lt;<sp/></highlight><highlight class="stringliteral">&quot;.&quot;</highlight><highlight class="normal"><sp/>&lt;&lt;<sp/>this-&gt;<ref refid="dd/dd5/a00861_1a9082f9b539870f5992c32d1484562a62" kindref="member">rooms</ref>[i].get_startDate().get_year()</highlight></codeline>
<codeline lineno="166"><highlight class="normal"><sp/><sp/><sp/><sp/><sp/><sp/><sp/><sp/><sp/><sp/><sp/><sp/><sp/><sp/><sp/><sp/><sp/><sp/>&lt;&lt;<sp/></highlight><highlight class="stringliteral">&quot;<sp/>&quot;</highlight><highlight class="normal"><sp/>&lt;&lt;<sp/>this-&gt;<ref refid="dd/dd5/a00861_1a9082f9b539870f5992c32d1484562a62" kindref="member">rooms</ref>[i].get_endDate().get_day()</highlight></codeline>
<codeline lineno="167"><highlight class="normal"><sp/><sp/><sp/><sp/><sp/><sp/><sp/><sp/><sp/><sp/><sp/><sp/><sp/><sp/><sp/><sp/><sp/><sp/>&lt;&lt;<sp/></highlight><highlight class="stringliteral">&quot;.&quot;</highlight><highlight class="normal"><sp/>&lt;&lt;<sp/>this-&gt;<ref refid="dd/dd5/a00861_1a9082f9b539870f5992c32d1484562a62" kindref="member">rooms</ref>[i].get_endDate().get_month()</highlight></codeline>
<codeline lineno="168"><highlight class="normal"><sp/><sp/><sp/><sp/><sp/><sp/><sp/><sp/><sp/><sp/><sp/><sp/><sp/><sp/><sp/><sp/><sp/><sp/>&lt;&lt;<sp/></highlight><highlight class="stringliteral">&quot;.&quot;</highlight><highlight class="normal"><sp/>&lt;&lt;<sp/>this-&gt;<ref refid="dd/dd5/a00861_1a9082f9b539870f5992c32d1484562a62" kindref="member">rooms</ref>[i].get_endDate().get_year()</highlight></codeline>
<codeline lineno="169"><highlight class="normal"><sp/><sp/><sp/><sp/><sp/><sp/><sp/><sp/><sp/><sp/><sp/><sp/><sp/><sp/><sp/><sp/><sp/><sp/>&lt;&lt;<sp/></highlight><highlight class="stringliteral">&quot;<sp/>&quot;</highlight><highlight class="normal"><sp/>&lt;&lt;<sp/>this-&gt;<ref refid="dd/dd5/a00861_1a9082f9b539870f5992c32d1484562a62" kindref="member">rooms</ref>[i].get_guests()<sp/>&lt;&lt;<sp/>std::endl;</highlight></codeline>
<codeline lineno="170"><highlight class="normal"><sp/><sp/><sp/><sp/><sp/><sp/>}</highlight></codeline>
<codeline lineno="171"><highlight class="normal">}</highlight></codeline>
    </programlisting>
    <location file="C:/Users/Viktor/source/repos/project_1_Hotel/project_1_Hotel/Hotel.cpp"/>
  </compounddef>
</doxygen>
