<?xml version='1.0' encoding='UTF-8' standalone='no'?>
<section xmlns="http://docbook.org/ns/docbook" version="5.0" xmlns:xlink="http://www.w3.org/1999/xlink" xml:id="_a00020">
<title>C:/Users/Viktor/source/repos/project_1_Hotel/project_1_Hotel/project_1_Hotel.cpp File Reference</title>
<indexterm><primary>C:/Users/Viktor/source/repos/project_1_Hotel/project_1_Hotel/project_1_Hotel.cpp</primary></indexterm>
<section>
<title>Function Documentation</title>
<anchor xml:id="_a00020_1a6ec02e3e4da946664d0d01369c82b150"/>    <section>
    <title>main()</title>
<indexterm><primary>main</primary><secondary>project_1_Hotel.cpp</secondary></indexterm>
<indexterm><primary>project_1_Hotel.cpp</primary><secondary>main</secondary></indexterm>
<para><computeroutput>﻿ int main ( )</computeroutput></para><programlisting>00020 {
00021 
</programlisting><para>
References <link linkend="_l00031">Hotel::availability()</link>, <link linkend="_l00047">Hotel::checkout()</link>, <link linkend="_l00011">Date::Date()</link>, <link linkend="_l00091">Hotel::find()</link>, <link linkend="_l00061">Hotel::report()</link>, and <link linkend="_l00111">Hotel::VIP_find()</link>.</para>
</section>
</section>
</section>
