<?xml version='1.0' encoding='UTF-8' standalone='no'?>
<doxygen xmlns:xsi="http://www.w3.org/2001/XMLSchema-instance" xsi:noNamespaceSchemaLocation="compound.xsd" version="1.8.18">
  <compounddef id="d3/d52/a00023" kind="file" language="C++">
    <compoundname>Room.cpp</compoundname>
    <briefdescription>
    </briefdescription>
    <detaileddescription>
    </detaileddescription>
    <programlisting>
<codeline lineno="1"><highlight class="preprocessor">#include<sp/>&quot;<ref refid="d4/d8c/a00035" kindref="compound">stdafx.h</ref>&quot;</highlight><highlight class="normal"></highlight></codeline>
<codeline lineno="2"><highlight class="normal"></highlight><highlight class="preprocessor">#include<sp/>&quot;<ref refid="d6/d5b/a00026" kindref="compound">Room.h</ref>&quot;</highlight><highlight class="normal"></highlight></codeline>
<codeline lineno="3"><highlight class="normal"></highlight></codeline>
<codeline lineno="4" refid="dd/d7b/a00865_1af41bd6b6febffb41834e9774b8909cf7" refkind="member"><highlight class="normal"><ref refid="dd/d7b/a00865_1af41bd6b6febffb41834e9774b8909cf7" kindref="member">Room::Room</ref>()</highlight></codeline>
<codeline lineno="5"><highlight class="normal">{<sp/><sp/><sp/><sp/><sp/></highlight></codeline>
<codeline lineno="6"><highlight class="normal"><sp/><sp/><sp/><sp/><sp/><sp/><ref refid="d0/d82/a00857" kindref="compound">Date</ref><sp/>token;</highlight></codeline>
<codeline lineno="7"><highlight class="normal"><sp/><sp/><sp/><sp/><sp/><sp/>this-&gt;<ref refid="dd/d7b/a00865_1a7106e2abc437ad981830d14176d15f09" kindref="member">number</ref><sp/>=<sp/>0;</highlight></codeline>
<codeline lineno="8"><highlight class="normal"><sp/><sp/><sp/><sp/><sp/><sp/>this-&gt;<ref refid="dd/d7b/a00865_1a123d068f409ad6407bffffd5b9665be0" kindref="member">bedCount</ref><sp/>=<sp/>1;</highlight></codeline>
<codeline lineno="9"><highlight class="normal"><sp/><sp/><sp/><sp/><sp/><sp/>this-&gt;<ref refid="dd/d7b/a00865_1a56e0806099e4d725aa1a206f336361e2" kindref="member">guests</ref><sp/>=<sp/></highlight><highlight class="stringliteral">&quot;----&quot;</highlight><highlight class="normal">;</highlight></codeline>
<codeline lineno="10"><highlight class="normal"><sp/><sp/><sp/><sp/><sp/><sp/>this-&gt;<ref refid="dd/d7b/a00865_1ae5c290f91cc89e7c25fb5f22f7a3f310" kindref="member">set_startDate</ref>(token);</highlight></codeline>
<codeline lineno="11"><highlight class="normal"><sp/><sp/><sp/><sp/><sp/><sp/>this-&gt;<ref refid="dd/d7b/a00865_1af4f1dccf65425107762521af6460b057" kindref="member">set_endDate</ref>(token);</highlight></codeline>
<codeline lineno="12"><highlight class="normal">}</highlight></codeline>
<codeline lineno="13" refid="dd/d7b/a00865_1a00fa7f1e5be5de7ba13ff6f65e8eec72" refkind="member"><highlight class="normal"><ref refid="dd/d7b/a00865_1af41bd6b6febffb41834e9774b8909cf7" kindref="member">Room::Room</ref>(</highlight><highlight class="keywordtype">int</highlight><highlight class="normal"><sp/>number,<sp/></highlight><highlight class="keywordtype">int</highlight><highlight class="normal"><sp/>bedCount,<sp/>std::string<sp/>guests,<sp/></highlight><highlight class="keyword">const</highlight><highlight class="normal"><sp/><ref refid="d0/d82/a00857" kindref="compound">Date</ref><sp/>startDate,<sp/></highlight><highlight class="keyword">const</highlight><highlight class="normal"><sp/><ref refid="d0/d82/a00857" kindref="compound">Date</ref><sp/>endDate)</highlight></codeline>
<codeline lineno="14"><highlight class="normal">{</highlight></codeline>
<codeline lineno="15"><highlight class="normal"><sp/><sp/><sp/><sp/><sp/><sp/>this-&gt;number<sp/>=<sp/><ref refid="dd/d7b/a00865_1a7106e2abc437ad981830d14176d15f09" kindref="member">number</ref>;</highlight></codeline>
<codeline lineno="16"><highlight class="normal"><sp/><sp/><sp/><sp/><sp/><sp/>this-&gt;bedCount<sp/>=<sp/><ref refid="dd/d7b/a00865_1a123d068f409ad6407bffffd5b9665be0" kindref="member">bedCount</ref>;</highlight></codeline>
<codeline lineno="17"><highlight class="normal"><sp/><sp/><sp/><sp/><sp/><sp/>this-&gt;guests<sp/>=<sp/><ref refid="dd/d7b/a00865_1a56e0806099e4d725aa1a206f336361e2" kindref="member">guests</ref>;</highlight></codeline>
<codeline lineno="18"><highlight class="normal"><sp/><sp/><sp/><sp/><sp/><sp/>this-&gt;startDate<sp/>=<sp/><ref refid="dd/d7b/a00865_1ab16240514dfa222811ef2fb14a72d4a8" kindref="member">startDate</ref>;</highlight></codeline>
<codeline lineno="19"><highlight class="normal"><sp/><sp/><sp/><sp/><sp/><sp/>this-&gt;endDate<sp/>=<sp/><ref refid="dd/d7b/a00865_1ac342ae2125b437a76ece3ac962e0d9a3" kindref="member">endDate</ref>;</highlight></codeline>
<codeline lineno="20"><highlight class="normal"></highlight></codeline>
<codeline lineno="21"><highlight class="normal">}</highlight></codeline>
<codeline lineno="22"><highlight class="normal"></highlight></codeline>
<codeline lineno="23" refid="dd/d7b/a00865_1aa3f92ded5aa57f99649c53f1a15e15dc" refkind="member"><highlight class="normal"></highlight><highlight class="keywordtype">int</highlight><highlight class="normal"><sp/><ref refid="dd/d7b/a00865_1aa3f92ded5aa57f99649c53f1a15e15dc" kindref="member">Room::get_number</ref>()</highlight><highlight class="keyword"><sp/>const</highlight></codeline>
<codeline lineno="24"><highlight class="keyword"></highlight><highlight class="normal">{</highlight></codeline>
<codeline lineno="25"><highlight class="normal"><sp/><sp/><sp/><sp/><sp/><sp/></highlight><highlight class="keywordflow">return</highlight><highlight class="normal"><sp/>this-&gt;<ref refid="dd/d7b/a00865_1a7106e2abc437ad981830d14176d15f09" kindref="member">number</ref>;</highlight></codeline>
<codeline lineno="26"><highlight class="normal">}</highlight></codeline>
<codeline lineno="27" refid="dd/d7b/a00865_1a7aaca4d4611744b793e4d80671ce88d1" refkind="member"><highlight class="normal"></highlight><highlight class="keywordtype">int</highlight><highlight class="normal"><sp/><ref refid="dd/d7b/a00865_1a7aaca4d4611744b793e4d80671ce88d1" kindref="member">Room::get_bedCount</ref>()</highlight><highlight class="keyword"><sp/>const</highlight></codeline>
<codeline lineno="28"><highlight class="keyword"></highlight><highlight class="normal">{</highlight></codeline>
<codeline lineno="29"><highlight class="normal"><sp/><sp/><sp/><sp/><sp/><sp/></highlight><highlight class="keywordflow">return</highlight><highlight class="normal"><sp/>this-&gt;<ref refid="dd/d7b/a00865_1a123d068f409ad6407bffffd5b9665be0" kindref="member">bedCount</ref>;</highlight></codeline>
<codeline lineno="30"><highlight class="normal">}</highlight></codeline>
<codeline lineno="31" refid="dd/d7b/a00865_1a10febb6f94da1b541f9a0df68414d8bf" refkind="member"><highlight class="normal"></highlight><highlight class="keyword">const</highlight><highlight class="normal"><sp/>std::string<sp/><ref refid="dd/d7b/a00865_1a10febb6f94da1b541f9a0df68414d8bf" kindref="member">Room::get_guests</ref>()</highlight><highlight class="keyword"><sp/>const</highlight></codeline>
<codeline lineno="32"><highlight class="keyword"></highlight><highlight class="normal">{</highlight></codeline>
<codeline lineno="33"><highlight class="normal"><sp/><sp/><sp/><sp/><sp/><sp/></highlight><highlight class="keywordflow">return</highlight><highlight class="normal"><sp/>this-&gt;<ref refid="dd/d7b/a00865_1a56e0806099e4d725aa1a206f336361e2" kindref="member">guests</ref>;</highlight></codeline>
<codeline lineno="34"><highlight class="normal">}</highlight></codeline>
<codeline lineno="35" refid="dd/d7b/a00865_1a4e132b5463e45ca6d6cbd3414a822ff3" refkind="member"><highlight class="normal"><ref refid="d0/d82/a00857" kindref="compound">Date</ref><sp/><ref refid="dd/d7b/a00865_1a4e132b5463e45ca6d6cbd3414a822ff3" kindref="member">Room::get_startDate</ref>()</highlight><highlight class="keyword"><sp/>const</highlight></codeline>
<codeline lineno="36"><highlight class="keyword"></highlight><highlight class="normal">{</highlight></codeline>
<codeline lineno="37"><highlight class="normal"><sp/><sp/><sp/><sp/><sp/><sp/></highlight><highlight class="keywordflow">return</highlight><highlight class="normal"><sp/>this-&gt;<ref refid="dd/d7b/a00865_1ab16240514dfa222811ef2fb14a72d4a8" kindref="member">startDate</ref>;</highlight></codeline>
<codeline lineno="38"><highlight class="normal">}</highlight></codeline>
<codeline lineno="39" refid="dd/d7b/a00865_1a3af9c504c7230e072643d1d4255ca173" refkind="member"><highlight class="normal"><ref refid="d0/d82/a00857" kindref="compound">Date</ref><sp/><ref refid="dd/d7b/a00865_1a3af9c504c7230e072643d1d4255ca173" kindref="member">Room::get_endDate</ref>()</highlight><highlight class="keyword"><sp/>const</highlight></codeline>
<codeline lineno="40"><highlight class="keyword"></highlight><highlight class="normal">{</highlight></codeline>
<codeline lineno="41"><highlight class="normal"><sp/><sp/><sp/><sp/><sp/><sp/></highlight><highlight class="keywordflow">return</highlight><highlight class="normal"><sp/>this-&gt;<ref refid="dd/d7b/a00865_1ac342ae2125b437a76ece3ac962e0d9a3" kindref="member">endDate</ref>;</highlight></codeline>
<codeline lineno="42"><highlight class="normal">}</highlight></codeline>
<codeline lineno="43"><highlight class="normal"></highlight></codeline>
<codeline lineno="44" refid="dd/d7b/a00865_1a334b2ad8c37175ba2dce847635917eab" refkind="member"><highlight class="normal"></highlight><highlight class="keywordtype">void</highlight><highlight class="normal"><sp/><ref refid="dd/d7b/a00865_1a334b2ad8c37175ba2dce847635917eab" kindref="member">Room::set_number</ref>(</highlight><highlight class="keywordtype">int</highlight><highlight class="normal"><sp/>number)</highlight></codeline>
<codeline lineno="45"><highlight class="normal">{</highlight></codeline>
<codeline lineno="46"><highlight class="normal"><sp/><sp/><sp/><sp/><sp/><sp/>this-&gt;number<sp/>=<sp/><ref refid="dd/d7b/a00865_1a7106e2abc437ad981830d14176d15f09" kindref="member">number</ref>;</highlight></codeline>
<codeline lineno="47"><highlight class="normal">}</highlight></codeline>
<codeline lineno="48" refid="dd/d7b/a00865_1a25d189b85dea6688a9068decfb869857" refkind="member"><highlight class="normal"></highlight><highlight class="keywordtype">void</highlight><highlight class="normal"><sp/><ref refid="dd/d7b/a00865_1a25d189b85dea6688a9068decfb869857" kindref="member">Room::set_bedCount</ref>(</highlight><highlight class="keywordtype">int</highlight><highlight class="normal"><sp/>bedCount)</highlight></codeline>
<codeline lineno="49"><highlight class="normal">{</highlight></codeline>
<codeline lineno="50"><highlight class="normal"><sp/><sp/><sp/><sp/><sp/><sp/>this-&gt;bedCount<sp/>=<sp/><ref refid="dd/d7b/a00865_1a123d068f409ad6407bffffd5b9665be0" kindref="member">bedCount</ref>;</highlight></codeline>
<codeline lineno="51"><highlight class="normal">}</highlight></codeline>
<codeline lineno="52" refid="dd/d7b/a00865_1aa1db582c10888424dbfa903edd07a141" refkind="member"><highlight class="normal"></highlight><highlight class="keywordtype">void</highlight><highlight class="normal"><sp/><ref refid="dd/d7b/a00865_1aa1db582c10888424dbfa903edd07a141" kindref="member">Room::set_guest</ref>(std::string<sp/>guests)</highlight></codeline>
<codeline lineno="53"><highlight class="normal">{</highlight></codeline>
<codeline lineno="54"><highlight class="normal"><sp/><sp/><sp/><sp/><sp/><sp/>this-&gt;guests<sp/>=<sp/><ref refid="dd/d7b/a00865_1a56e0806099e4d725aa1a206f336361e2" kindref="member">guests</ref>;</highlight></codeline>
<codeline lineno="55"><highlight class="normal">}</highlight></codeline>
<codeline lineno="56" refid="dd/d7b/a00865_1ae5c290f91cc89e7c25fb5f22f7a3f310" refkind="member"><highlight class="normal"></highlight><highlight class="keywordtype">void</highlight><highlight class="normal"><sp/><ref refid="dd/d7b/a00865_1ae5c290f91cc89e7c25fb5f22f7a3f310" kindref="member">Room::set_startDate</ref>(<ref refid="d0/d82/a00857" kindref="compound">Date</ref><sp/>other)</highlight></codeline>
<codeline lineno="57"><highlight class="normal">{</highlight></codeline>
<codeline lineno="58"><highlight class="normal"><sp/><sp/><sp/><sp/><sp/><sp/>this-&gt;<ref refid="dd/d7b/a00865_1ab16240514dfa222811ef2fb14a72d4a8" kindref="member">startDate</ref><sp/>=<sp/>other;</highlight></codeline>
<codeline lineno="59"><highlight class="normal">}</highlight></codeline>
<codeline lineno="60" refid="dd/d7b/a00865_1af4f1dccf65425107762521af6460b057" refkind="member"><highlight class="normal"></highlight><highlight class="keywordtype">void</highlight><highlight class="normal"><sp/><ref refid="dd/d7b/a00865_1af4f1dccf65425107762521af6460b057" kindref="member">Room::set_endDate</ref>(<ref refid="d0/d82/a00857" kindref="compound">Date</ref><sp/>other)</highlight></codeline>
<codeline lineno="61"><highlight class="normal">{</highlight></codeline>
<codeline lineno="62"><highlight class="normal"><sp/><sp/><sp/><sp/><sp/><sp/>this-&gt;<ref refid="dd/d7b/a00865_1ac342ae2125b437a76ece3ac962e0d9a3" kindref="member">endDate</ref><sp/>=<sp/>other;</highlight></codeline>
<codeline lineno="63"><highlight class="normal">}</highlight></codeline>
    </programlisting>
    <location file="C:/Users/Viktor/source/repos/project_1_Hotel/project_1_Hotel/Room.cpp"/>
  </compounddef>
</doxygen>
