<?xml version='1.0' encoding='UTF-8' standalone='no'?>
<section xmlns="http://docbook.org/ns/docbook" version="5.0" xmlns:xlink="http://www.w3.org/1999/xlink" xml:id="_a00861">
<title>Hotel</title>
<indexterm><primary>Hotel</primary></indexterm>
<para>

<para>Class that defines a <link linkend="_a00861">Hotel</link>. </para>
 
</para>
<para>
<computeroutput>#include &quot;Hotel.h&quot;</computeroutput>
</para>
<simplesect>
    <title>Public Member Functions    </title>
<simplesect>
    <title>Private Member Functions    </title>
<simplesect>
    <title>Private Attributes    </title>
</simplesect>
<section>
<title>Detailed Description</title>

<para>Class that defines a <link linkend="_a00861">Hotel</link>. </para>
</section>
<section>
<title>Constructor &amp; Destructor Documentation</title>
<anchor xml:id="_a00861_1a21c9a33a3bd2749b16bacc868896c01d"/>    <section>
    <title>Hotel()</title>
<indexterm><primary>Hotel</primary><secondary>Hotel</secondary></indexterm>
<indexterm><primary>Hotel</primary><secondary>Hotel</secondary></indexterm>
<para><computeroutput><link linkend="_a00861">Hotel</link> ( )</computeroutput></para><para>

<para>Default constructor. </para>
</para>
<programlisting>00007 {}
</programlisting></section>
</section>
<section>
<title>Member Function Documentation</title>
<anchor xml:id="_a00861_1ac75dd352bfbef207b8bd78aa8ed32362"/>    <section>
    <title>add_room()</title>
<indexterm><primary>add_room</primary><secondary>Hotel</secondary></indexterm>
<indexterm><primary>Hotel</primary><secondary>add_room</secondary></indexterm>
<para><computeroutput>void add_room (const <link linkend="_a00865">Room</link> &amp; room)</computeroutput></para>    </section><anchor xml:id="_a00861_1aef9516b9959d1ca118924609d14690d8"/>    <section>
    <title>availability()</title>
<indexterm><primary>availability</primary><secondary>Hotel</secondary></indexterm>
<indexterm><primary>Hotel</primary><secondary>availability</secondary></indexterm>
<para><computeroutput>void availability (const <link linkend="_a00857">Date</link> date)</computeroutput></para><para>

<para>Gives free rooms on a given date. </para>
</para>
<programlisting>00032 {
00033 &#32;&#32;&#32;&#32;&#32;&#32;<emphasis role="keywordflow">for</emphasis>&#32;(<emphasis role="keywordtype">size_t</emphasis>&#32;i&#32;=&#32;0;&#32;i&#32;&lt;&#32;this-&gt;<link linkend="_a00861_1a9082f9b539870f5992c32d1484562a62">rooms</link>.size();&#32;i++)
00034 &#32;&#32;&#32;&#32;&#32;&#32;{&#32;&#32;&#32;&#32;&#32;&#32;&#32;&#32;&#32;&#32;&#32;&#32;&#32;&#32;&#32;&#32;&#32;
00035 &#32;&#32;&#32;&#32;&#32;&#32;&#32;&#32;&#32;&#32;&#32;&#32;<link linkend="_a00857">Date</link>&#32;roomStartingDate&#32;=&#32;this-&gt;<link linkend="_a00861_1a9082f9b539870f5992c32d1484562a62">rooms</link>[i].get_startDate();
00036 &#32;&#32;&#32;&#32;&#32;&#32;&#32;&#32;&#32;&#32;&#32;&#32;<link linkend="_a00857">Date</link>&#32;roomEndDate&#32;=&#32;this-&gt;<link linkend="_a00861_1a9082f9b539870f5992c32d1484562a62">rooms</link>[i].get_endDate();
00037 
00038 &#32;&#32;&#32;&#32;&#32;&#32;&#32;&#32;&#32;&#32;&#32;&#32;<emphasis role="keywordflow">if</emphasis>&#32;(date&#32;&lt;&#32;roomStartingDate&#32;||&#32;date&#32;&gt;&#32;roomEndDate)
00039 &#32;&#32;&#32;&#32;&#32;&#32;&#32;&#32;&#32;&#32;&#32;&#32;{
00040 &#32;&#32;&#32;&#32;&#32;&#32;&#32;&#32;&#32;&#32;&#32;&#32;&#32;&#32;&#32;&#32;&#32;&#32;std::cout&#32;&lt;&lt;&#32;this-&gt;<link linkend="_a00861_1a9082f9b539870f5992c32d1484562a62">rooms</link>[i].get_number()&#32;&lt;&lt;&#32;std::endl;
00041 &#32;&#32;&#32;&#32;&#32;&#32;&#32;&#32;&#32;&#32;&#32;&#32;&#32;&#32;&#32;&#32;&#32;&#32;std::cout&#32;&lt;&lt;&#32;this-&gt;<link linkend="_a00861_1a9082f9b539870f5992c32d1484562a62">rooms</link>[i].get_bedCount()&#32;&lt;&lt;&#32;std::endl;
00042 &#32;&#32;&#32;&#32;&#32;&#32;&#32;&#32;&#32;&#32;&#32;&#32;&#32;&#32;&#32;&#32;&#32;&#32;std::cout&#32;&lt;&lt;&#32;std::endl;
00043 &#32;&#32;&#32;&#32;&#32;&#32;&#32;&#32;&#32;&#32;&#32;&#32;}
00044 &#32;&#32;&#32;&#32;&#32;&#32;}
00045 }
</programlisting><para>
Referenced by <link linkend="_l00010">main()</link>.</para>
    </section><anchor xml:id="_a00861_1aeac828a701105e76cd437d38dfdff240"/>    <section>
    <title>checkin()</title>
<indexterm><primary>checkin</primary><secondary>Hotel</secondary></indexterm>
<indexterm><primary>Hotel</primary><secondary>checkin</secondary></indexterm>
<para><computeroutput>void checkin (int room, const <link linkend="_a00857">Date</link> startingDate, const <link linkend="_a00857">Date</link> endDate, std::string guests)</computeroutput></para><para>

<para>Checks in a guest to the hotel if there is an appropriate room. </para>
</para>
<programlisting>00015 {
00016 &#32;&#32;&#32;&#32;&#32;&#32;<emphasis role="keywordflow">for</emphasis>&#32;(<emphasis role="keywordtype">size_t</emphasis>&#32;i&#32;=&#32;0;&#32;i&#32;&lt;&#32;this-&gt;<link linkend="_a00861_1a9082f9b539870f5992c32d1484562a62">rooms</link>.size();&#32;i++)
00017 &#32;&#32;&#32;&#32;&#32;&#32;{
00018 &#32;&#32;&#32;&#32;&#32;&#32;&#32;&#32;&#32;&#32;&#32;&#32;<emphasis role="keywordflow">if</emphasis>&#32;(this-&gt;<link linkend="_a00861_1a9082f9b539870f5992c32d1484562a62">rooms</link>[i].get_number()&#32;==&#32;room)
00019 &#32;&#32;&#32;&#32;&#32;&#32;&#32;&#32;&#32;&#32;&#32;&#32;{
00020 &#32;&#32;&#32;&#32;&#32;&#32;&#32;&#32;&#32;&#32;&#32;&#32;&#32;&#32;&#32;&#32;&#32;&#32;<emphasis role="keywordflow">if</emphasis>&#32;(this-&gt;<link linkend="_a00861_1a16f6bbc3369852ca579193434a8262e8">isFree</link>(i,&#32;startingDate,&#32;endDate))&#32;
00021 &#32;&#32;&#32;&#32;&#32;&#32;&#32;&#32;&#32;&#32;&#32;&#32;&#32;&#32;&#32;&#32;&#32;&#32;{
00022 &#32;&#32;&#32;&#32;&#32;&#32;&#32;&#32;&#32;&#32;&#32;&#32;&#32;&#32;&#32;&#32;&#32;&#32;&#32;&#32;&#32;&#32;&#32;&#32;this-&gt;<link linkend="_a00861_1a9082f9b539870f5992c32d1484562a62">rooms</link>[i].set_startDate(startingDate);
00023 &#32;&#32;&#32;&#32;&#32;&#32;&#32;&#32;&#32;&#32;&#32;&#32;&#32;&#32;&#32;&#32;&#32;&#32;&#32;&#32;&#32;&#32;&#32;&#32;this-&gt;<link linkend="_a00861_1a9082f9b539870f5992c32d1484562a62">rooms</link>[i].set_endDate(endDate);
00025 &#32;&#32;&#32;&#32;&#32;&#32;&#32;&#32;&#32;&#32;&#32;&#32;&#32;&#32;&#32;&#32;&#32;&#32;&#32;&#32;&#32;&#32;&#32;&#32;this-&gt;<link linkend="_a00861_1a9082f9b539870f5992c32d1484562a62">rooms</link>[i].set_guest(guests);
00026 &#32;&#32;&#32;&#32;&#32;&#32;&#32;&#32;&#32;&#32;&#32;&#32;&#32;&#32;&#32;&#32;&#32;&#32;}
00027 &#32;&#32;&#32;&#32;&#32;&#32;&#32;&#32;&#32;&#32;&#32;&#32;}
00028 &#32;&#32;&#32;&#32;&#32;&#32;}
00029 }
</programlisting>    </section><anchor xml:id="_a00861_1a75101e30c7330012a0fc8d979efc673a"/>    <section>
    <title>checkout()</title>
<indexterm><primary>checkout</primary><secondary>Hotel</secondary></indexterm>
<indexterm><primary>Hotel</primary><secondary>checkout</secondary></indexterm>
<para><computeroutput>void checkout (int rooms)</computeroutput></para><para>

<para>Frees up a foom. </para>
</para>
<programlisting>00048 {
00049 &#32;&#32;&#32;&#32;&#32;&#32;<link linkend="_a00857">Date</link>&#32;baseDate;
00050 &#32;&#32;&#32;&#32;&#32;&#32;<emphasis role="keywordflow">for</emphasis>&#32;(<emphasis role="keywordtype">size_t</emphasis>&#32;i&#32;=&#32;0;&#32;i&#32;&lt;&#32;this-&gt;<link linkend="_a00861_1a9082f9b539870f5992c32d1484562a62">rooms</link>.size();&#32;i++)
00051 &#32;&#32;&#32;&#32;&#32;&#32;{
00052 &#32;&#32;&#32;&#32;&#32;&#32;&#32;&#32;&#32;&#32;&#32;&#32;<emphasis role="keywordflow">if</emphasis>&#32;(this-&gt;<link linkend="_a00861_1a9082f9b539870f5992c32d1484562a62">rooms</link>[i].get_number()&#32;==&#32;room)
00053 &#32;&#32;&#32;&#32;&#32;&#32;&#32;&#32;&#32;&#32;&#32;&#32;{
00054 &#32;&#32;&#32;&#32;&#32;&#32;&#32;&#32;&#32;&#32;&#32;&#32;&#32;&#32;&#32;&#32;&#32;&#32;this-&gt;<link linkend="_a00861_1a9082f9b539870f5992c32d1484562a62">rooms</link>[i].set_startDate(baseDate);
00055 &#32;&#32;&#32;&#32;&#32;&#32;&#32;&#32;&#32;&#32;&#32;&#32;&#32;&#32;&#32;&#32;&#32;&#32;this-&gt;<link linkend="_a00861_1a9082f9b539870f5992c32d1484562a62">rooms</link>[i].set_endDate(baseDate);
00056 &#32;&#32;&#32;&#32;&#32;&#32;&#32;&#32;&#32;&#32;&#32;&#32;&#32;&#32;&#32;&#32;&#32;&#32;this-&gt;<link linkend="_a00861_1a9082f9b539870f5992c32d1484562a62">rooms</link>[i].set_guest(<emphasis role="stringliteral">&quot;&quot;</emphasis>);
00057 &#32;&#32;&#32;&#32;&#32;&#32;&#32;&#32;&#32;&#32;&#32;&#32;}
00058 &#32;&#32;&#32;&#32;&#32;&#32;}
00059 }
</programlisting><para>
Referenced by <link linkend="_l00010">main()</link>.</para>
    </section><anchor xml:id="_a00861_1a9975597c519911e07014a35c85c49306"/>    <section>
    <title>countLeapYears()</title>
<indexterm><primary>countLeapYears</primary><secondary>Hotel</secondary></indexterm>
<indexterm><primary>Hotel</primary><secondary>countLeapYears</secondary></indexterm>
<para><computeroutput>int countLeapYears (<link linkend="_a00857">Date</link> d)<computeroutput>[private]</computeroutput></computeroutput></para><para>

<para>counts leap years used in daysBetweenTwoDates method </para>
</para>
<programlisting>00056 &#32;&#32;&#32;&#32;&#32;&#32;{
00057 &#32;&#32;&#32;&#32;&#32;&#32;&#32;&#32;&#32;&#32;&#32;&#32;<emphasis role="keywordtype">int</emphasis>&#32;years&#32;=&#32;d.<link linkend="_a00857_1a455ecd1b695f6f576784f017eb4ebea5">get_year</link>();
00058 
00059 &#32;&#32;&#32;&#32;&#32;&#32;&#32;&#32;&#32;&#32;&#32;&#32;<emphasis role="keywordflow">if</emphasis>&#32;(d.<link linkend="_a00857_1a38348c8ae13daf6b8159d6c8bfa8af53">get_month</link>()&#32;&lt;=&#32;2)
00060 &#32;&#32;&#32;&#32;&#32;&#32;&#32;&#32;&#32;&#32;&#32;&#32;{
00061 &#32;&#32;&#32;&#32;&#32;&#32;&#32;&#32;&#32;&#32;&#32;&#32;&#32;&#32;&#32;&#32;&#32;&#32;years--;
00062 &#32;&#32;&#32;&#32;&#32;&#32;&#32;&#32;&#32;&#32;&#32;&#32;}
00063 
00064 &#32;&#32;&#32;&#32;&#32;&#32;&#32;&#32;&#32;&#32;&#32;&#32;<emphasis role="keywordflow">return</emphasis>&#32;years&#32;/&#32;4&#32;-&#32;years&#32;/&#32;100&#32;+&#32;years&#32;/&#32;400;
00065 &#32;&#32;&#32;&#32;&#32;&#32;}
</programlisting><para>
References <link linkend="_l00216">Date::get_month()</link>, and <link linkend="_l00220">Date::get_year()</link>.</para>
<para>
Referenced by <link linkend="_l00067">daysBetweenTwoDates()</link>.</para>
    </section><anchor xml:id="_a00861_1a84a3046ac54fc4db044fc1d23b496813"/>    <section>
    <title>daysBetweenTwoDates()</title>
<indexterm><primary>daysBetweenTwoDates</primary><secondary>Hotel</secondary></indexterm>
<indexterm><primary>Hotel</primary><secondary>daysBetweenTwoDates</secondary></indexterm>
<para><computeroutput>int daysBetweenTwoDates (<link linkend="_a00857">Date</link> firstDate, <link linkend="_a00857">Date</link> secondDate)<computeroutput>[private]</computeroutput></computeroutput></para><para>

<para>counts days between two dates </para>
</para>
<programlisting>00068 &#32;&#32;&#32;&#32;&#32;&#32;{
00069 &#32;&#32;&#32;&#32;&#32;&#32;&#32;&#32;&#32;&#32;&#32;&#32;<emphasis role="keyword">const</emphasis>&#32;<emphasis role="keywordtype">int</emphasis>&#32;monthDays[12]&#32;=&#32;{&#32;31,&#32;28,&#32;31,&#32;30,&#32;31,&#32;30,
00070 &#32;&#32;&#32;&#32;&#32;&#32;&#32;&#32;&#32;&#32;&#32;&#32;&#32;&#32;&#32;&#32;&#32;&#32;&#32;&#32;&#32;&#32;&#32;&#32;&#32;&#32;&#32;&#32;&#32;&#32;&#32;&#32;&#32;&#32;&#32;&#32;&#32;&#32;&#32;&#32;&#32;&#32;&#32;&#32;&#32;&#32;&#32;&#32;&#32;&#32;&#32;&#32;&#32;&#32;31,&#32;31,&#32;30,&#32;31,&#32;30,&#32;31&#32;};
00071 
00072 &#32;&#32;&#32;&#32;&#32;&#32;&#32;&#32;&#32;&#32;&#32;&#32;<emphasis role="keywordtype">long</emphasis>&#32;<emphasis role="keywordtype">int</emphasis>&#32;n1&#32;=&#32;firstDate.<link linkend="_a00857_1a455ecd1b695f6f576784f017eb4ebea5">get_year</link>()&#32;*&#32;365&#32;+&#32;firstDate.<link linkend="_a00857_1aec716c1565ef011d22b15d276337cc7c">get_day</link>();
00073 &#32;&#32;&#32;&#32;&#32;&#32;&#32;&#32;&#32;&#32;&#32;&#32;<emphasis role="keywordflow">for</emphasis>&#32;(<emphasis role="keywordtype">int</emphasis>&#32;i&#32;=&#32;0;&#32;i&#32;&lt;&#32;firstDate.<link linkend="_a00857_1a38348c8ae13daf6b8159d6c8bfa8af53">get_month</link>()&#32;-&#32;1;&#32;i++)
00074 &#32;&#32;&#32;&#32;&#32;&#32;&#32;&#32;&#32;&#32;&#32;&#32;{
00075 &#32;&#32;&#32;&#32;&#32;&#32;&#32;&#32;&#32;&#32;&#32;&#32;&#32;&#32;&#32;&#32;&#32;&#32;n1&#32;+=&#32;monthDays[i];
00076 &#32;&#32;&#32;&#32;&#32;&#32;&#32;&#32;&#32;&#32;&#32;&#32;}
00077 &#32;&#32;&#32;&#32;&#32;&#32;&#32;&#32;&#32;&#32;&#32;&#32;n1&#32;+=&#32;<link linkend="_a00861_1a9975597c519911e07014a35c85c49306">countLeapYears</link>(firstDate);
00078 
00079 &#32;&#32;&#32;&#32;&#32;&#32;&#32;&#32;&#32;&#32;&#32;&#32;<emphasis role="keywordtype">long</emphasis>&#32;<emphasis role="keywordtype">int</emphasis>&#32;n2&#32;=&#32;secondDate.<link linkend="_a00857_1a455ecd1b695f6f576784f017eb4ebea5">get_year</link>()&#32;*&#32;365&#32;+&#32;secondDate.<link linkend="_a00857_1aec716c1565ef011d22b15d276337cc7c">get_day</link>();
00080 &#32;&#32;&#32;&#32;&#32;&#32;&#32;&#32;&#32;&#32;&#32;&#32;<emphasis role="keywordflow">for</emphasis>&#32;(<emphasis role="keywordtype">int</emphasis>&#32;i&#32;=&#32;0;&#32;i&#32;&lt;&#32;secondDate.<link linkend="_a00857_1a38348c8ae13daf6b8159d6c8bfa8af53">get_month</link>()&#32;-&#32;1;&#32;i++)
00081 &#32;&#32;&#32;&#32;&#32;&#32;&#32;&#32;&#32;&#32;&#32;&#32;{
00082 &#32;&#32;&#32;&#32;&#32;&#32;&#32;&#32;&#32;&#32;&#32;&#32;&#32;&#32;&#32;&#32;&#32;&#32;n2&#32;+=&#32;monthDays[i];
00083 &#32;&#32;&#32;&#32;&#32;&#32;&#32;&#32;&#32;&#32;&#32;&#32;}
00084 &#32;&#32;&#32;&#32;&#32;&#32;&#32;&#32;&#32;&#32;&#32;&#32;n2&#32;+=&#32;<link linkend="_a00861_1a9975597c519911e07014a35c85c49306">countLeapYears</link>(secondDate);
00085 
00086 &#32;&#32;&#32;&#32;&#32;&#32;&#32;&#32;&#32;&#32;&#32;&#32;<emphasis role="keywordflow">return</emphasis>&#32;(n2&#32;-&#32;n1);
00087 &#32;&#32;&#32;&#32;&#32;&#32;}
</programlisting><para>
References <link linkend="_l00055">countLeapYears()</link>, <link linkend="_l00212">Date::get_day()</link>, <link linkend="_l00216">Date::get_month()</link>, and <link linkend="_l00220">Date::get_year()</link>.</para>
    </section><anchor xml:id="_a00861_1a0a49b7969e10575de37e8aba7c4dd937"/>    <section>
    <title>find()</title>
<indexterm><primary>find</primary><secondary>Hotel</secondary></indexterm>
<indexterm><primary>Hotel</primary><secondary>find</secondary></indexterm>
<para><computeroutput>void find (int beds, const <link linkend="_a00857">Date</link> startingDate, const <link linkend="_a00857">Date</link> endDate)</computeroutput></para><para>

<para>Returns a compatible room. </para>
</para>
<programlisting>00092 {
00094 &#32;&#32;&#32;&#32;&#32;&#32;this-&gt;<link linkend="_a00861_1a170cf185f926dcea69eb90688cdffac3">sortRoomsByBedCount</link>(this-&gt;<link linkend="_a00861_1a9082f9b539870f5992c32d1484562a62">rooms</link>);
00095 
00096 &#32;&#32;&#32;&#32;&#32;&#32;<emphasis role="keywordflow">for</emphasis>&#32;(<emphasis role="keywordtype">size_t</emphasis>&#32;i&#32;=&#32;0;&#32;i&#32;&lt;&#32;this-&gt;<link linkend="_a00861_1a9082f9b539870f5992c32d1484562a62">rooms</link>.size();&#32;i++)
00097 &#32;&#32;&#32;&#32;&#32;&#32;{
00098 &#32;&#32;&#32;&#32;&#32;&#32;&#32;&#32;&#32;&#32;&#32;&#32;<emphasis role="keywordflow">if</emphasis>&#32;(this-&gt;<link linkend="_a00861_1a9082f9b539870f5992c32d1484562a62">rooms</link>[i].get_bedCount()&#32;&lt;=&#32;beds)
00099 &#32;&#32;&#32;&#32;&#32;&#32;&#32;&#32;&#32;&#32;&#32;&#32;{
00100 &#32;&#32;&#32;&#32;&#32;&#32;&#32;&#32;&#32;&#32;&#32;&#32;&#32;&#32;&#32;&#32;&#32;&#32;<emphasis role="keywordflow">if</emphasis>&#32;(this-&gt;<link linkend="_a00861_1a16f6bbc3369852ca579193434a8262e8">isFree</link>(i,&#32;startingDate,&#32;endDate))
00101 &#32;&#32;&#32;&#32;&#32;&#32;&#32;&#32;&#32;&#32;&#32;&#32;&#32;&#32;&#32;&#32;&#32;&#32;{
00102 &#32;&#32;&#32;&#32;&#32;&#32;&#32;&#32;&#32;&#32;&#32;&#32;&#32;&#32;&#32;&#32;&#32;&#32;&#32;&#32;&#32;&#32;&#32;&#32;this-&gt;<link linkend="_a00861_1a9082f9b539870f5992c32d1484562a62">rooms</link>[i].set_startDate(startingDate);
00103 &#32;&#32;&#32;&#32;&#32;&#32;&#32;&#32;&#32;&#32;&#32;&#32;&#32;&#32;&#32;&#32;&#32;&#32;&#32;&#32;&#32;&#32;&#32;&#32;this-&gt;<link linkend="_a00861_1a9082f9b539870f5992c32d1484562a62">rooms</link>[i].set_endDate(endDate);
00104 &#32;&#32;&#32;&#32;&#32;&#32;&#32;&#32;&#32;&#32;&#32;&#32;&#32;&#32;&#32;&#32;&#32;&#32;&#32;&#32;&#32;&#32;&#32;&#32;this-&gt;<link linkend="_a00861_1a9082f9b539870f5992c32d1484562a62">rooms</link>[i].set_guest(<emphasis role="stringliteral">&quot;&quot;</emphasis>);
00105 &#32;&#32;&#32;&#32;&#32;&#32;&#32;&#32;&#32;&#32;&#32;&#32;&#32;&#32;&#32;&#32;&#32;&#32;&#32;&#32;&#32;&#32;&#32;&#32;<emphasis role="keywordflow">break</emphasis>;
00106 &#32;&#32;&#32;&#32;&#32;&#32;&#32;&#32;&#32;&#32;&#32;&#32;&#32;&#32;&#32;&#32;&#32;&#32;}
00107 &#32;&#32;&#32;&#32;&#32;&#32;&#32;&#32;&#32;&#32;&#32;&#32;}
00108 &#32;&#32;&#32;&#32;&#32;&#32;}
00109 }
</programlisting><para>
Referenced by <link linkend="_l00010">main()</link>.</para>
    </section><anchor xml:id="_a00861_1a16f6bbc3369852ca579193434a8262e8"/>    <section>
    <title>isFree()</title>
<indexterm><primary>isFree</primary><secondary>Hotel</secondary></indexterm>
<indexterm><primary>Hotel</primary><secondary>isFree</secondary></indexterm>
<para><computeroutput>bool isFree (int index, const <link linkend="_a00857">Date</link> startingDate, const <link linkend="_a00857">Date</link> endDate)<computeroutput>[private]</computeroutput></computeroutput></para><para>

<para>isFree check if input dates are compatible with the given room`s dates </para>
</para>
<programlisting>00035 &#32;&#32;&#32;&#32;&#32;&#32;{
00036 &#32;&#32;&#32;&#32;&#32;&#32;&#32;&#32;&#32;&#32;&#32;&#32;<link linkend="_a00857">Date</link>&#32;roomStartingDate&#32;=&#32;this-&gt;<link linkend="_a00861_1a9082f9b539870f5992c32d1484562a62">rooms</link>[index].get_startDate();
00037 &#32;&#32;&#32;&#32;&#32;&#32;&#32;&#32;&#32;&#32;&#32;&#32;<link linkend="_a00857">Date</link>&#32;roomEndDate&#32;=&#32;this-&gt;<link linkend="_a00861_1a9082f9b539870f5992c32d1484562a62">rooms</link>[index].get_endDate();
00038 
00039 &#32;&#32;&#32;&#32;&#32;&#32;&#32;&#32;&#32;&#32;&#32;&#32;<emphasis role="keywordflow">if</emphasis>&#32;(roomStartingDate&#32;&lt;=&#32;startingDate&#32;&amp;&amp;&#32;roomEndDate&#32;&gt;=&#32;endDate)
00040 &#32;&#32;&#32;&#32;&#32;&#32;&#32;&#32;&#32;&#32;&#32;&#32;{
00041 &#32;&#32;&#32;&#32;&#32;&#32;&#32;&#32;&#32;&#32;&#32;&#32;&#32;&#32;&#32;&#32;&#32;&#32;<emphasis role="keywordflow">return</emphasis>&#32;<emphasis role="keyword">false</emphasis>;
00042 &#32;&#32;&#32;&#32;&#32;&#32;&#32;&#32;&#32;&#32;&#32;&#32;}
00043 &#32;&#32;&#32;&#32;&#32;&#32;&#32;&#32;&#32;&#32;&#32;&#32;<emphasis role="keywordflow">else</emphasis>&#32;<emphasis role="keywordflow">if</emphasis>&#32;(roomStartingDate&#32;&lt;=&#32;startingDate&#32;&amp;&amp;&#32;roomEndDate&#32;&gt;=&#32;startingDate&#32;&amp;&amp;&#32;roomEndDate&#32;&lt;&#32;endDate)
00044 &#32;&#32;&#32;&#32;&#32;&#32;&#32;&#32;&#32;&#32;&#32;&#32;{
00045 &#32;&#32;&#32;&#32;&#32;&#32;&#32;&#32;&#32;&#32;&#32;&#32;&#32;&#32;&#32;&#32;&#32;&#32;<emphasis role="keywordflow">return</emphasis>&#32;<emphasis role="keyword">false</emphasis>;
00046 &#32;&#32;&#32;&#32;&#32;&#32;&#32;&#32;&#32;&#32;&#32;&#32;}
00047 &#32;&#32;&#32;&#32;&#32;&#32;&#32;&#32;&#32;&#32;&#32;&#32;<emphasis role="keywordflow">else</emphasis>&#32;<emphasis role="keywordflow">if</emphasis>&#32;(roomStartingDate&#32;&gt;&#32;startingDate&#32;&amp;&amp;&#32;roomStartingDate&#32;&lt;=&#32;endDate&#32;&amp;&amp;&#32;roomEndDate&#32;&gt;=&#32;endDate)
00048 &#32;&#32;&#32;&#32;&#32;&#32;&#32;&#32;&#32;&#32;&#32;&#32;{
00049 &#32;&#32;&#32;&#32;&#32;&#32;&#32;&#32;&#32;&#32;&#32;&#32;&#32;&#32;&#32;&#32;&#32;&#32;<emphasis role="keywordflow">return</emphasis>&#32;<emphasis role="keyword">false</emphasis>;
00050 &#32;&#32;&#32;&#32;&#32;&#32;&#32;&#32;&#32;&#32;&#32;&#32;}
00051 &#32;&#32;&#32;&#32;&#32;&#32;&#32;&#32;&#32;&#32;&#32;&#32;<emphasis role="keywordflow">return</emphasis>&#32;<emphasis role="keyword">true</emphasis>;
00052 
00053 &#32;&#32;&#32;&#32;&#32;&#32;}
</programlisting><para>
References <link linkend="_l00039">Room::get_endDate()</link>, <link linkend="_l00035">Room::get_startDate()</link>, <link linkend="_l00051">Date::operator&lt;()</link>, <link linkend="_l00116">Date::operator&lt;=()</link>, <link linkend="_l00084">Date::operator&gt;()</link>, <link linkend="_l00163">Date::operator&gt;=()</link>, and <link linkend="_l00012">rooms</link>.</para>
    </section><anchor xml:id="_a00861_1ae5cb5af1b77615794d50572367881333"/>    <section>
    <title>print()</title>
<indexterm><primary>print</primary><secondary>Hotel</secondary></indexterm>
<indexterm><primary>Hotel</primary><secondary>print</secondary></indexterm>
<para><computeroutput>void print (std::ofstream &amp; file)</computeroutput></para><para>

<para>prins information for each room of the hotel </para>
</para>
<programlisting>00159 {
00160 &#32;&#32;&#32;&#32;&#32;&#32;<emphasis role="keywordflow">for</emphasis>&#32;(<emphasis role="keywordtype">int</emphasis>&#32;i&#32;=&#32;0;&#32;i&#32;&lt;&#32;this-&gt;<link linkend="_a00861_1a9082f9b539870f5992c32d1484562a62">rooms</link>.size();&#32;i++)
00161 &#32;&#32;&#32;&#32;&#32;&#32;{
00162 &#32;&#32;&#32;&#32;&#32;&#32;&#32;&#32;&#32;&#32;&#32;&#32;file&#32;&lt;&lt;&#32;this-&gt;<link linkend="_a00861_1a9082f9b539870f5992c32d1484562a62">rooms</link>[i].get_number()&#32;&lt;&lt;&#32;<emphasis role="stringliteral">&quot;&#32;&quot;</emphasis>&#32;&lt;&lt;&#32;this-&gt;<link linkend="_a00861_1a9082f9b539870f5992c32d1484562a62">rooms</link>[i].get_bedCount()
00163 &#32;&#32;&#32;&#32;&#32;&#32;&#32;&#32;&#32;&#32;&#32;&#32;&#32;&#32;&#32;&#32;&#32;&#32;&lt;&lt;&#32;<emphasis role="stringliteral">&quot;&#32;&quot;</emphasis>&#32;&lt;&lt;&#32;this-&gt;<link linkend="_a00861_1a9082f9b539870f5992c32d1484562a62">rooms</link>[i].get_startDate().get_day()
00164 &#32;&#32;&#32;&#32;&#32;&#32;&#32;&#32;&#32;&#32;&#32;&#32;&#32;&#32;&#32;&#32;&#32;&#32;&lt;&lt;&#32;<emphasis role="stringliteral">&quot;.&quot;</emphasis>&#32;&lt;&lt;&#32;this-&gt;<link linkend="_a00861_1a9082f9b539870f5992c32d1484562a62">rooms</link>[i].get_startDate().get_month()
00165 &#32;&#32;&#32;&#32;&#32;&#32;&#32;&#32;&#32;&#32;&#32;&#32;&#32;&#32;&#32;&#32;&#32;&#32;&lt;&lt;&#32;<emphasis role="stringliteral">&quot;.&quot;</emphasis>&#32;&lt;&lt;&#32;this-&gt;<link linkend="_a00861_1a9082f9b539870f5992c32d1484562a62">rooms</link>[i].get_startDate().get_year()
00166 &#32;&#32;&#32;&#32;&#32;&#32;&#32;&#32;&#32;&#32;&#32;&#32;&#32;&#32;&#32;&#32;&#32;&#32;&lt;&lt;&#32;<emphasis role="stringliteral">&quot;&#32;&quot;</emphasis>&#32;&lt;&lt;&#32;this-&gt;<link linkend="_a00861_1a9082f9b539870f5992c32d1484562a62">rooms</link>[i].get_endDate().get_day()
00167 &#32;&#32;&#32;&#32;&#32;&#32;&#32;&#32;&#32;&#32;&#32;&#32;&#32;&#32;&#32;&#32;&#32;&#32;&lt;&lt;&#32;<emphasis role="stringliteral">&quot;.&quot;</emphasis>&#32;&lt;&lt;&#32;this-&gt;<link linkend="_a00861_1a9082f9b539870f5992c32d1484562a62">rooms</link>[i].get_endDate().get_month()
00168 &#32;&#32;&#32;&#32;&#32;&#32;&#32;&#32;&#32;&#32;&#32;&#32;&#32;&#32;&#32;&#32;&#32;&#32;&lt;&lt;&#32;<emphasis role="stringliteral">&quot;.&quot;</emphasis>&#32;&lt;&lt;&#32;this-&gt;<link linkend="_a00861_1a9082f9b539870f5992c32d1484562a62">rooms</link>[i].get_endDate().get_year()
00169 &#32;&#32;&#32;&#32;&#32;&#32;&#32;&#32;&#32;&#32;&#32;&#32;&#32;&#32;&#32;&#32;&#32;&#32;&lt;&lt;&#32;<emphasis role="stringliteral">&quot;&#32;&quot;</emphasis>&#32;&lt;&lt;&#32;this-&gt;<link linkend="_a00861_1a9082f9b539870f5992c32d1484562a62">rooms</link>[i].get_guests()&#32;&lt;&lt;&#32;std::endl;
00170 &#32;&#32;&#32;&#32;&#32;&#32;}
00171 }
</programlisting>    </section><anchor xml:id="_a00861_1a669000024ceb6e7849af5a21038f70fc"/>    <section>
    <title>report()</title>
<indexterm><primary>report</primary><secondary>Hotel</secondary></indexterm>
<indexterm><primary>Hotel</primary><secondary>report</secondary></indexterm>
<para><computeroutput>void report (const <link linkend="_a00857">Date</link> startingDate, const <link linkend="_a00857">Date</link> endDate)</computeroutput></para><para>

<para>Returns days of use for each room between two dates. </para>
</para>
<programlisting>00062 {
00063 &#32;&#32;&#32;&#32;&#32;&#32;<emphasis role="keywordflow">for</emphasis>&#32;(<emphasis role="keywordtype">size_t</emphasis>&#32;i&#32;=&#32;0;&#32;i&#32;&lt;&#32;this-&gt;<link linkend="_a00861_1a9082f9b539870f5992c32d1484562a62">rooms</link>.size();&#32;i++)
00064 &#32;&#32;&#32;&#32;&#32;&#32;{
00065 &#32;&#32;&#32;&#32;&#32;&#32;&#32;&#32;&#32;&#32;&#32;&#32;<link linkend="_a00857">Date</link>&#32;roomStartingDate&#32;=&#32;this-&gt;<link linkend="_a00861_1a9082f9b539870f5992c32d1484562a62">rooms</link>[i].get_startDate();
00066 &#32;&#32;&#32;&#32;&#32;&#32;&#32;&#32;&#32;&#32;&#32;&#32;<link linkend="_a00857">Date</link>&#32;roomEndDate&#32;=&#32;this-&gt;<link linkend="_a00861_1a9082f9b539870f5992c32d1484562a62">rooms</link>[i].get_endDate();
00067 
00068 &#32;&#32;&#32;&#32;&#32;&#32;&#32;&#32;&#32;&#32;&#32;&#32;<emphasis role="keywordflow">if</emphasis>&#32;(roomStartingDate&#32;&lt;=&#32;startingDate&#32;&amp;&amp;&#32;endDate&#32;&lt;=&#32;roomEndDate)
00069 &#32;&#32;&#32;&#32;&#32;&#32;&#32;&#32;&#32;&#32;&#32;&#32;{
00070 &#32;&#32;&#32;&#32;&#32;&#32;&#32;&#32;&#32;&#32;&#32;&#32;&#32;&#32;&#32;&#32;&#32;&#32;std::cout&#32;&lt;&lt;&#32;this-&gt;<link linkend="_a00861_1a84a3046ac54fc4db044fc1d23b496813">daysBetweenTwoDates</link>(startingDate,&#32;endDate)&#32;&lt;&lt;&#32;std::endl;
00071 &#32;&#32;&#32;&#32;&#32;&#32;&#32;&#32;&#32;&#32;&#32;&#32;}
00072 &#32;&#32;&#32;&#32;&#32;&#32;&#32;&#32;&#32;&#32;&#32;&#32;<emphasis role="keywordflow">else</emphasis>&#32;<emphasis role="keywordflow">if</emphasis>&#32;(roomStartingDate&#32;&gt;=&#32;startingDate&#32;&amp;&amp;&#32;endDate&#32;&gt;=&#32;roomStartingDate&#32;&amp;&amp;&#32;endDate&#32;&lt;=&#32;roomEndDate)
00073 &#32;&#32;&#32;&#32;&#32;&#32;&#32;&#32;&#32;&#32;&#32;&#32;{
00074 &#32;&#32;&#32;&#32;&#32;&#32;&#32;&#32;&#32;&#32;&#32;&#32;&#32;&#32;&#32;&#32;&#32;&#32;std::cout&#32;&lt;&lt;&#32;this-&gt;<link linkend="_a00861_1a84a3046ac54fc4db044fc1d23b496813">daysBetweenTwoDates</link>(roomStartingDate,&#32;endDate)&#32;&lt;&lt;&#32;std::endl;
00075 &#32;&#32;&#32;&#32;&#32;&#32;&#32;&#32;&#32;&#32;&#32;&#32;}
00076 &#32;&#32;&#32;&#32;&#32;&#32;&#32;&#32;&#32;&#32;&#32;&#32;<emphasis role="keywordflow">else</emphasis>&#32;<emphasis role="keywordflow">if</emphasis>&#32;(roomStartingDate&#32;&gt;=&#32;startingDate&#32;&amp;&amp;&#32;endDate&#32;&gt;=&#32;roomEndDate)
00077 &#32;&#32;&#32;&#32;&#32;&#32;&#32;&#32;&#32;&#32;&#32;&#32;{
00078 &#32;&#32;&#32;&#32;&#32;&#32;&#32;&#32;&#32;&#32;&#32;&#32;&#32;&#32;&#32;&#32;&#32;&#32;std::cout&#32;&lt;&lt;&#32;this-&gt;<link linkend="_a00861_1a84a3046ac54fc4db044fc1d23b496813">daysBetweenTwoDates</link>(roomStartingDate,&#32;roomEndDate)&#32;&lt;&lt;&#32;std::endl;
00079 &#32;&#32;&#32;&#32;&#32;&#32;&#32;&#32;&#32;&#32;&#32;&#32;}
00080 &#32;&#32;&#32;&#32;&#32;&#32;&#32;&#32;&#32;&#32;&#32;&#32;<emphasis role="keywordflow">else</emphasis>&#32;<emphasis role="keywordflow">if</emphasis>&#32;(roomStartingDate&#32;&lt;=&#32;startingDate&#32;&amp;&amp;&#32;startingDate&#32;&lt;=&#32;&#32;roomEndDate&#32;&amp;&amp;&#32;endDate&#32;&gt;&#32;roomEndDate)
00081 &#32;&#32;&#32;&#32;&#32;&#32;&#32;&#32;&#32;&#32;&#32;&#32;{
00082 &#32;&#32;&#32;&#32;&#32;&#32;&#32;&#32;&#32;&#32;&#32;&#32;&#32;&#32;&#32;&#32;&#32;&#32;std::cout&#32;&lt;&lt;&#32;this-&gt;<link linkend="_a00861_1a84a3046ac54fc4db044fc1d23b496813">daysBetweenTwoDates</link>(startingDate,&#32;roomEndDate)&#32;&lt;&lt;&#32;std::endl;
00083 &#32;&#32;&#32;&#32;&#32;&#32;&#32;&#32;&#32;&#32;&#32;&#32;}
00084 &#32;&#32;&#32;&#32;&#32;&#32;&#32;&#32;&#32;&#32;&#32;&#32;<emphasis role="keywordflow">else</emphasis>
00085 &#32;&#32;&#32;&#32;&#32;&#32;&#32;&#32;&#32;&#32;&#32;&#32;{
00086 &#32;&#32;&#32;&#32;&#32;&#32;&#32;&#32;&#32;&#32;&#32;&#32;&#32;&#32;&#32;&#32;&#32;&#32;std::cout&#32;&lt;&lt;&#32;<emphasis role="stringliteral">&quot;Date&#32;not&#32;in&#32;range&quot;</emphasis>&#32;&lt;&lt;&#32;std::endl;
00087 &#32;&#32;&#32;&#32;&#32;&#32;&#32;&#32;&#32;&#32;&#32;&#32;}
00088 &#32;&#32;&#32;&#32;&#32;&#32;}
00089 }
</programlisting><para>
Referenced by <link linkend="_l00010">main()</link>.</para>
    </section><anchor xml:id="_a00861_1a170cf185f926dcea69eb90688cdffac3"/>    <section>
    <title>sortRoomsByBedCount()</title>
<indexterm><primary>sortRoomsByBedCount</primary><secondary>Hotel</secondary></indexterm>
<indexterm><primary>Hotel</primary><secondary>sortRoomsByBedCount</secondary></indexterm>
<para><computeroutput>void sortRoomsByBedCount (std::vector&lt;<link linkend="_a00865">Room</link>&gt; rooms)<computeroutput>[private]</computeroutput></computeroutput></para><para>

<para>sorts the rooms in a hotel by their bed count </para>
</para>
<programlisting>00016 &#32;&#32;&#32;&#32;&#32;&#32;{
00017 &#32;&#32;&#32;&#32;&#32;&#32;&#32;&#32;&#32;&#32;&#32;&#32;<emphasis role="keywordtype">size_t</emphasis>&#32;i,&#32;j;
00018 &#32;&#32;&#32;&#32;&#32;&#32;&#32;&#32;&#32;&#32;&#32;&#32;<emphasis role="keywordflow">for</emphasis>&#32;(i&#32;=&#32;0;&#32;i&#32;&lt;&#32;this-&gt;rooms.size()&#32;-&#32;1;&#32;i++)
00019 &#32;&#32;&#32;&#32;&#32;&#32;&#32;&#32;&#32;&#32;&#32;&#32;{
00020 &#32;&#32;&#32;&#32;&#32;&#32;&#32;&#32;&#32;&#32;&#32;&#32;&#32;&#32;&#32;&#32;&#32;&#32;<emphasis role="keywordflow">for</emphasis>&#32;(j&#32;=&#32;0;&#32;j&#32;&lt;&#32;this-&gt;rooms.size()&#32;-&#32;i&#32;-&#32;1;&#32;j++)
00021 &#32;&#32;&#32;&#32;&#32;&#32;&#32;&#32;&#32;&#32;&#32;&#32;&#32;&#32;&#32;&#32;&#32;&#32;{
00022 &#32;&#32;&#32;&#32;&#32;&#32;&#32;&#32;&#32;&#32;&#32;&#32;&#32;&#32;&#32;&#32;&#32;&#32;&#32;&#32;&#32;&#32;&#32;&#32;<emphasis role="keywordflow">if</emphasis>&#32;(<link linkend="_a00861_1a9082f9b539870f5992c32d1484562a62">rooms</link>[j].get_bedCount()&#32;&gt;&#32;<link linkend="_a00861_1a9082f9b539870f5992c32d1484562a62">rooms</link>[j&#32;+&#32;1].get_bedCount())
00023 &#32;&#32;&#32;&#32;&#32;&#32;&#32;&#32;&#32;&#32;&#32;&#32;&#32;&#32;&#32;&#32;&#32;&#32;&#32;&#32;&#32;&#32;&#32;&#32;{
00024 &#32;&#32;&#32;&#32;&#32;&#32;&#32;&#32;&#32;&#32;&#32;&#32;&#32;&#32;&#32;&#32;&#32;&#32;&#32;&#32;&#32;&#32;&#32;&#32;&#32;&#32;&#32;&#32;&#32;&#32;<link linkend="_a00865">Room</link>&#32;temp&#32;=&#32;<link linkend="_a00861_1a9082f9b539870f5992c32d1484562a62">rooms</link>[j];
00025 &#32;&#32;&#32;&#32;&#32;&#32;&#32;&#32;&#32;&#32;&#32;&#32;&#32;&#32;&#32;&#32;&#32;&#32;&#32;&#32;&#32;&#32;&#32;&#32;&#32;&#32;&#32;&#32;&#32;&#32;<link linkend="_a00861_1a9082f9b539870f5992c32d1484562a62">rooms</link>[j]&#32;=&#32;<link linkend="_a00861_1a9082f9b539870f5992c32d1484562a62">rooms</link>[j&#32;+&#32;1];
00026 &#32;&#32;&#32;&#32;&#32;&#32;&#32;&#32;&#32;&#32;&#32;&#32;&#32;&#32;&#32;&#32;&#32;&#32;&#32;&#32;&#32;&#32;&#32;&#32;&#32;&#32;&#32;&#32;&#32;&#32;<link linkend="_a00861_1a9082f9b539870f5992c32d1484562a62">rooms</link>[j&#32;+&#32;1]&#32;=&#32;temp;
00027 &#32;&#32;&#32;&#32;&#32;&#32;&#32;&#32;&#32;&#32;&#32;&#32;&#32;&#32;&#32;&#32;&#32;&#32;&#32;&#32;&#32;&#32;&#32;&#32;}
00028 &#32;&#32;&#32;&#32;&#32;&#32;&#32;&#32;&#32;&#32;&#32;&#32;&#32;&#32;&#32;&#32;&#32;&#32;}&#32;&#32;&#32;&#32;&#32;&#32;&#32;&#32;&#32;&#32;&#32;&#32;&#32;&#32;&#32;&#32;&#32;
00029 &#32;&#32;&#32;&#32;&#32;&#32;&#32;&#32;&#32;&#32;&#32;&#32;}
00030 
00031 &#32;&#32;&#32;&#32;&#32;&#32;&#32;&#32;&#32;&#32;&#32;&#32;this-&gt;rooms&#32;=&#32;<link linkend="_a00861_1a9082f9b539870f5992c32d1484562a62">rooms</link>;
00032 &#32;&#32;&#32;&#32;&#32;&#32;}
</programlisting><para>
References <link linkend="_l00027">Room::get_bedCount()</link>, and <link linkend="_l00012">rooms</link>.</para>
    </section><anchor xml:id="_a00861_1a8dc1fb5216d4613f733534d3966ef3c1"/>    <section>
    <title>unavailable()</title>
<indexterm><primary>unavailable</primary><secondary>Hotel</secondary></indexterm>
<indexterm><primary>Hotel</primary><secondary>unavailable</secondary></indexterm>
<para><computeroutput>void unavailable (int room, const <link linkend="_a00857">Date</link> startingDate, const <link linkend="_a00857">Date</link> endDate, std::string note)</computeroutput></para><para>

<para>Makes a room unavailable. </para>
</para>
<programlisting>00146 {
00147 &#32;&#32;&#32;&#32;&#32;&#32;<emphasis role="keywordflow">for</emphasis>&#32;(<emphasis role="keywordtype">size_t</emphasis>&#32;i&#32;=&#32;0;&#32;i&#32;&lt;&#32;this-&gt;<link linkend="_a00861_1a9082f9b539870f5992c32d1484562a62">rooms</link>.size();&#32;i++)
00148 &#32;&#32;&#32;&#32;&#32;&#32;{
00149 &#32;&#32;&#32;&#32;&#32;&#32;&#32;&#32;&#32;&#32;&#32;&#32;<emphasis role="keywordflow">if</emphasis>&#32;(this-&gt;<link linkend="_a00861_1a9082f9b539870f5992c32d1484562a62">rooms</link>[i].get_number()&#32;==&#32;room)
00150 &#32;&#32;&#32;&#32;&#32;&#32;&#32;&#32;&#32;&#32;&#32;&#32;{
00151 &#32;&#32;&#32;&#32;&#32;&#32;&#32;&#32;&#32;&#32;&#32;&#32;&#32;&#32;&#32;&#32;&#32;&#32;this-&gt;<link linkend="_a00861_1a9082f9b539870f5992c32d1484562a62">rooms</link>[i].set_startDate(startingDate);
00152 &#32;&#32;&#32;&#32;&#32;&#32;&#32;&#32;&#32;&#32;&#32;&#32;&#32;&#32;&#32;&#32;&#32;&#32;this-&gt;<link linkend="_a00861_1a9082f9b539870f5992c32d1484562a62">rooms</link>[i].set_endDate(endDate);
00153 &#32;&#32;&#32;&#32;&#32;&#32;&#32;&#32;&#32;&#32;&#32;&#32;&#32;&#32;&#32;&#32;&#32;&#32;this-&gt;<link linkend="_a00861_1a9082f9b539870f5992c32d1484562a62">rooms</link>[i].set_guest(note);
00154 &#32;&#32;&#32;&#32;&#32;&#32;&#32;&#32;&#32;&#32;&#32;&#32;}
00155 &#32;&#32;&#32;&#32;&#32;&#32;}
00156 }
</programlisting>    </section><anchor xml:id="_a00861_1a20086835a2ab355edd9d113f216d5726"/>    <section>
    <title>VIP_find()</title>
<indexterm><primary>VIP_find</primary><secondary>Hotel</secondary></indexterm>
<indexterm><primary>Hotel</primary><secondary>VIP_find</secondary></indexterm>
<para><computeroutput>void VIP_find (int beds, const <link linkend="_a00857">Date</link> startingDate, const <link linkend="_a00857">Date</link> endDate)</computeroutput></para><para>

<para>Removes guests from rooms in case the hotel is full so that the VIP guests can be checked in. </para>
</para>
<programlisting>00112 {
00114 &#32;&#32;&#32;&#32;&#32;&#32;this-&gt;<link linkend="_a00861_1a170cf185f926dcea69eb90688cdffac3">sortRoomsByBedCount</link>(this-&gt;<link linkend="_a00861_1a9082f9b539870f5992c32d1484562a62">rooms</link>);
00115 
00116 &#32;&#32;&#32;&#32;&#32;&#32;<emphasis role="keywordflow">for</emphasis>&#32;(<emphasis role="keywordtype">size_t</emphasis>&#32;i&#32;=&#32;0;&#32;i&#32;&lt;&#32;this-&gt;<link linkend="_a00861_1a9082f9b539870f5992c32d1484562a62">rooms</link>.size();&#32;i++)
00117 &#32;&#32;&#32;&#32;&#32;&#32;{
00118 &#32;&#32;&#32;&#32;&#32;&#32;&#32;&#32;&#32;&#32;&#32;&#32;<emphasis role="keywordflow">if</emphasis>&#32;(this-&gt;<link linkend="_a00861_1a9082f9b539870f5992c32d1484562a62">rooms</link>[i].get_bedCount()&#32;&gt;=&#32;beds)
00119 &#32;&#32;&#32;&#32;&#32;&#32;&#32;&#32;&#32;&#32;&#32;&#32;{
00120 &#32;&#32;&#32;&#32;&#32;&#32;&#32;&#32;&#32;&#32;&#32;&#32;&#32;&#32;&#32;&#32;&#32;&#32;this-&gt;<link linkend="_a00861_1a9082f9b539870f5992c32d1484562a62">rooms</link>[i].set_startDate(startingDate);
00121 &#32;&#32;&#32;&#32;&#32;&#32;&#32;&#32;&#32;&#32;&#32;&#32;&#32;&#32;&#32;&#32;&#32;&#32;this-&gt;<link linkend="_a00861_1a9082f9b539870f5992c32d1484562a62">rooms</link>[i].set_endDate(endDate);
00122 &#32;&#32;&#32;&#32;&#32;&#32;&#32;&#32;&#32;&#32;&#32;&#32;&#32;&#32;&#32;&#32;&#32;&#32;this-&gt;<link linkend="_a00861_1a9082f9b539870f5992c32d1484562a62">rooms</link>[i].set_guest(<emphasis role="stringliteral">&quot;VIP&quot;</emphasis>);
00123 &#32;&#32;&#32;&#32;&#32;&#32;&#32;&#32;&#32;&#32;&#32;&#32;&#32;&#32;&#32;&#32;&#32;&#32;<emphasis role="keywordflow">break</emphasis>;
00124 &#32;&#32;&#32;&#32;&#32;&#32;&#32;&#32;&#32;&#32;&#32;&#32;}
00125 &#32;&#32;&#32;&#32;&#32;&#32;&#32;&#32;&#32;&#32;&#32;&#32;<emphasis role="keywordflow">else</emphasis>&#32;<emphasis role="keywordflow">if</emphasis>&#32;(this-&gt;<link linkend="_a00861_1a9082f9b539870f5992c32d1484562a62">rooms</link>[i].get_bedCount()&#32;&lt;&#32;beds&#32;&amp;&amp;&#32;i&#32;==&#32;this-&gt;<link linkend="_a00861_1a9082f9b539870f5992c32d1484562a62">rooms</link>.size()&#32;-&#32;1)
00126 &#32;&#32;&#32;&#32;&#32;&#32;&#32;&#32;&#32;&#32;&#32;&#32;{
00127 &#32;&#32;&#32;&#32;&#32;&#32;&#32;&#32;&#32;&#32;&#32;&#32;&#32;&#32;&#32;&#32;&#32;&#32;<emphasis role="keywordflow">for</emphasis>&#32;(<emphasis role="keywordtype">size_t</emphasis>&#32;i&#32;=&#32;0;&#32;i&#32;&lt;&#32;this-&gt;<link linkend="_a00861_1a9082f9b539870f5992c32d1484562a62">rooms</link>.size();&#32;i++)
00128 &#32;&#32;&#32;&#32;&#32;&#32;&#32;&#32;&#32;&#32;&#32;&#32;&#32;&#32;&#32;&#32;&#32;&#32;{
00129 &#32;&#32;&#32;&#32;&#32;&#32;&#32;&#32;&#32;&#32;&#32;&#32;&#32;&#32;&#32;&#32;&#32;&#32;&#32;&#32;&#32;&#32;&#32;&#32;<emphasis role="keywordtype">int</emphasis>&#32;sumBeds&#32;=&#32;this-&gt;<link linkend="_a00861_1a9082f9b539870f5992c32d1484562a62">rooms</link>[i].get_bedCount()&#32;+&#32;this-&gt;<link linkend="_a00861_1a9082f9b539870f5992c32d1484562a62">rooms</link>[i&#32;+&#32;1].get_bedCount();
00130 &#32;&#32;&#32;&#32;&#32;&#32;&#32;&#32;&#32;&#32;&#32;&#32;&#32;&#32;&#32;&#32;&#32;&#32;&#32;&#32;&#32;&#32;&#32;&#32;<emphasis role="keywordflow">if</emphasis>&#32;(sumBeds&#32;&gt;=&#32;beds)
00131 &#32;&#32;&#32;&#32;&#32;&#32;&#32;&#32;&#32;&#32;&#32;&#32;&#32;&#32;&#32;&#32;&#32;&#32;&#32;&#32;&#32;&#32;&#32;&#32;{
00132 &#32;&#32;&#32;&#32;&#32;&#32;&#32;&#32;&#32;&#32;&#32;&#32;&#32;&#32;&#32;&#32;&#32;&#32;&#32;&#32;&#32;&#32;&#32;&#32;&#32;&#32;&#32;&#32;&#32;&#32;this-&gt;<link linkend="_a00861_1a9082f9b539870f5992c32d1484562a62">rooms</link>[i].set_startDate(startingDate);
00133 &#32;&#32;&#32;&#32;&#32;&#32;&#32;&#32;&#32;&#32;&#32;&#32;&#32;&#32;&#32;&#32;&#32;&#32;&#32;&#32;&#32;&#32;&#32;&#32;&#32;&#32;&#32;&#32;&#32;&#32;this-&gt;<link linkend="_a00861_1a9082f9b539870f5992c32d1484562a62">rooms</link>[i].set_endDate(endDate);
00134 &#32;&#32;&#32;&#32;&#32;&#32;&#32;&#32;&#32;&#32;&#32;&#32;&#32;&#32;&#32;&#32;&#32;&#32;&#32;&#32;&#32;&#32;&#32;&#32;&#32;&#32;&#32;&#32;&#32;&#32;this-&gt;<link linkend="_a00861_1a9082f9b539870f5992c32d1484562a62">rooms</link>[i].set_guest(<emphasis role="stringliteral">&quot;VIP&quot;</emphasis>);
00135 &#32;&#32;&#32;&#32;&#32;&#32;&#32;&#32;&#32;&#32;&#32;&#32;&#32;&#32;&#32;&#32;&#32;&#32;&#32;&#32;&#32;&#32;&#32;&#32;&#32;&#32;&#32;&#32;&#32;&#32;this-&gt;<link linkend="_a00861_1a9082f9b539870f5992c32d1484562a62">rooms</link>[i&#32;+&#32;1].set_startDate(startingDate);
00136 &#32;&#32;&#32;&#32;&#32;&#32;&#32;&#32;&#32;&#32;&#32;&#32;&#32;&#32;&#32;&#32;&#32;&#32;&#32;&#32;&#32;&#32;&#32;&#32;&#32;&#32;&#32;&#32;&#32;&#32;this-&gt;<link linkend="_a00861_1a9082f9b539870f5992c32d1484562a62">rooms</link>[i&#32;+&#32;1].set_endDate(endDate);
00137 &#32;&#32;&#32;&#32;&#32;&#32;&#32;&#32;&#32;&#32;&#32;&#32;&#32;&#32;&#32;&#32;&#32;&#32;&#32;&#32;&#32;&#32;&#32;&#32;&#32;&#32;&#32;&#32;&#32;&#32;this-&gt;<link linkend="_a00861_1a9082f9b539870f5992c32d1484562a62">rooms</link>[i&#32;+&#32;1].set_guest(<emphasis role="stringliteral">&quot;VIP&quot;</emphasis>);
00138 &#32;&#32;&#32;&#32;&#32;&#32;&#32;&#32;&#32;&#32;&#32;&#32;&#32;&#32;&#32;&#32;&#32;&#32;&#32;&#32;&#32;&#32;&#32;&#32;&#32;&#32;&#32;&#32;&#32;&#32;<emphasis role="keywordflow">break</emphasis>;
00139 &#32;&#32;&#32;&#32;&#32;&#32;&#32;&#32;&#32;&#32;&#32;&#32;&#32;&#32;&#32;&#32;&#32;&#32;&#32;&#32;&#32;&#32;&#32;&#32;}
00140 &#32;&#32;&#32;&#32;&#32;&#32;&#32;&#32;&#32;&#32;&#32;&#32;&#32;&#32;&#32;&#32;&#32;&#32;}
00141 &#32;&#32;&#32;&#32;&#32;&#32;&#32;&#32;&#32;&#32;&#32;&#32;}
00142 &#32;&#32;&#32;&#32;&#32;&#32;}&#32;&#32;&#32;&#32;&#32;
00143 }
</programlisting><para>
Referenced by <link linkend="_l00010">main()</link>.</para>
</section>
</section>
<section>
<title>Field Documentation</title>
<anchor xml:id="_a00861_1a9082f9b539870f5992c32d1484562a62"/>    <section>
    <title>rooms</title>
<indexterm><primary>rooms</primary><secondary>Hotel</secondary></indexterm>
<indexterm><primary>Hotel</primary><secondary>rooms</secondary></indexterm>
<para><computeroutput>std::vector&lt;<link linkend="_a00865">Room</link>&gt; rooms<computeroutput>[private]</computeroutput></computeroutput></para><para>
Referenced by <link linkend="_l00034">isFree()</link>, and <link linkend="_l00015">sortRoomsByBedCount()</link>.</para>
</section>
<para>
The documentation for this class was generated from the following files:</para>
C:/Users/Viktor/source/repos/project_1_Hotel/project_1_Hotel/<link linkend="_a00014">Hotel.h</link>C:/Users/Viktor/source/repos/project_1_Hotel/project_1_Hotel/<link linkend="_a00011">Hotel.cpp</link></section>
</section>
