<?xml version='1.0' encoding='UTF-8' standalone='no'?>
<doxygen xmlns:xsi="http://www.w3.org/2001/XMLSchema-instance" xsi:noNamespaceSchemaLocation="compound.xsd" version="1.8.18">
  <compounddef id="d5/d16/a00029" kind="file" language="C++">
    <compoundname>savemehere.txt</compoundname>
    <briefdescription>
    </briefdescription>
    <detaileddescription>
    </detaileddescription>
    <programlisting>
<codeline lineno="1"><highlight class="normal">101<sp/>4<sp/>11.11.2020<sp/>13.11.2020<sp/>dfksdnf</highlight></codeline>
<codeline lineno="2"><highlight class="normal">101<sp/>4<sp/>11.11.2020<sp/>13.11.2020<sp/>dfksdnf</highlight></codeline>
    </programlisting>
    <location file="C:/Users/Viktor/source/repos/project_1_Hotel/project_1_Hotel/savemehere.txt"/>
  </compounddef>
</doxygen>
