<?xml version='1.0' encoding='UTF-8' standalone='no'?>
<section xmlns="http://docbook.org/ns/docbook" version="5.0" xmlns:xlink="http://www.w3.org/1999/xlink" xml:id="__date_8cpp_source">
<title>Date.cpp</title>
<indexterm><primary>Date.cpp</primary></indexterm>
<programlisting>00001 <emphasis role="preprocessor">#include&#32;&quot;<link linkend="_stdafx_8h">stdafx.h</link>&quot;</emphasis>
00002 <emphasis role="preprocessor">#include&#32;&quot;<link linkend="__date_8h">Date.h</link>&quot;</emphasis>
00003 
00004 
<anchor xml:id="__date_8cpp_source_1l00005"/><link linkend="_class_date_1a4e59ed4ba66eec61c27460c5d09fa1bd">00005</link> <link linkend="_class_date_1a4e59ed4ba66eec61c27460c5d09fa1bd">Date::Date</link>()
00006 {
00007 &#32;&#32;&#32;&#32;&#32;&#32;this-&gt;<link linkend="_class_date_1a5b192adcabf2b2871e3f0b76c1ec1601">day</link>&#32;=&#32;1;
00008 &#32;&#32;&#32;&#32;&#32;&#32;this-&gt;<link linkend="_class_date_1a533843e07c6ac8d19fee9b16f5336ba2">month</link>&#32;=&#32;1;
00009 &#32;&#32;&#32;&#32;&#32;&#32;this-&gt;<link linkend="_class_date_1a3eeced2ed56bc95d56782b9e738db8ea">year</link>&#32;=&#32;1;
00010 }
<anchor xml:id="__date_8cpp_source_1l00011"/><link linkend="_class_date_1ab1ad19969fa570605a6b0cd32b0da822">00011</link> <link linkend="_class_date_1a4e59ed4ba66eec61c27460c5d09fa1bd">Date::Date</link>(<emphasis role="keywordtype">int</emphasis>&#32;day,&#32;<emphasis role="keywordtype">int</emphasis>&#32;month,&#32;<emphasis role="keywordtype">int</emphasis>&#32;year)
00012 {
00013 &#32;&#32;&#32;&#32;&#32;&#32;this-&gt;<link linkend="_class_date_1afd39dbc0dfb19465585b6dcc20ffb206">set_year</link>(year);
00014 &#32;&#32;&#32;&#32;&#32;&#32;this-&gt;<link linkend="_class_date_1af646936426b1ae00cf60eeb36003a397">set_month</link>(month);
00015 &#32;&#32;&#32;&#32;&#32;&#32;this-&gt;<link linkend="_class_date_1a38368873510ede78cdf2b95d94ed5184">set_day</link>(day);
00016 }
<anchor xml:id="__date_8cpp_source_1l00017"/><link linkend="_class_date_1afbed03b8e5f81cc205b4b183465e8115">00017</link> <link linkend="_class_date">Date</link>&amp;&#32;<link linkend="_class_date_1afbed03b8e5f81cc205b4b183465e8115">Date::operator=</link>(<emphasis role="keyword">const</emphasis>&#32;<link linkend="_class_date">Date</link>&amp;&#32;other)
00018 {
00019 &#32;&#32;&#32;&#32;&#32;&#32;<emphasis role="keywordflow">if</emphasis>&#32;(<emphasis role="keyword">this</emphasis>&#32;!=&#32;&amp;other)
00020 &#32;&#32;&#32;&#32;&#32;&#32;{
00021 &#32;&#32;&#32;&#32;&#32;&#32;&#32;&#32;&#32;&#32;&#32;&#32;this-&gt;<link linkend="_class_date_1a5b192adcabf2b2871e3f0b76c1ec1601">day</link>&#32;=&#32;other.<link linkend="_class_date_1a5b192adcabf2b2871e3f0b76c1ec1601">day</link>;
00022 &#32;&#32;&#32;&#32;&#32;&#32;&#32;&#32;&#32;&#32;&#32;&#32;this-&gt;<link linkend="_class_date_1a533843e07c6ac8d19fee9b16f5336ba2">month</link>&#32;=&#32;other.<link linkend="_class_date_1a533843e07c6ac8d19fee9b16f5336ba2">month</link>;
00023 &#32;&#32;&#32;&#32;&#32;&#32;&#32;&#32;&#32;&#32;&#32;&#32;this-&gt;<link linkend="_class_date_1a3eeced2ed56bc95d56782b9e738db8ea">year</link>&#32;=&#32;other.<link linkend="_class_date_1a3eeced2ed56bc95d56782b9e738db8ea">year</link>;
00024 &#32;&#32;&#32;&#32;&#32;&#32;}
00025 &#32;&#32;&#32;&#32;&#32;&#32;<emphasis role="keywordflow">return</emphasis>&#32;*<emphasis role="keyword">this</emphasis>;
00026 }
<anchor xml:id="__date_8cpp_source_1l00027"/><link linkend="_class_date_1ab5b9f0682e6285af51521159e7b65fdc">00027</link> <emphasis role="keywordtype">bool</emphasis>&#32;<link linkend="_class_date_1ab5b9f0682e6285af51521159e7b65fdc">Date::operator==</link>(<emphasis role="keyword">const</emphasis>&#32;<link linkend="_class_date">Date</link>&amp;&#32;other)
00028 {
00029 &#32;&#32;&#32;&#32;&#32;&#32;<emphasis role="keywordflow">if</emphasis>&#32;(<emphasis role="keyword">this</emphasis>&#32;!=&#32;&amp;other)
00030 &#32;&#32;&#32;&#32;&#32;&#32;{
00031 &#32;&#32;&#32;&#32;&#32;&#32;&#32;&#32;&#32;&#32;&#32;&#32;<emphasis role="keywordflow">if</emphasis>&#32;(this-&gt;<link linkend="_class_date_1a5b192adcabf2b2871e3f0b76c1ec1601">day</link>&#32;==&#32;other.<link linkend="_class_date_1a5b192adcabf2b2871e3f0b76c1ec1601">day</link>
00032 &#32;&#32;&#32;&#32;&#32;&#32;&#32;&#32;&#32;&#32;&#32;&#32;&#32;&#32;&#32;&#32;&#32;&#32;&amp;&amp;&#32;this-&gt;month&#32;==&#32;other.<link linkend="_class_date_1a533843e07c6ac8d19fee9b16f5336ba2">month</link>
00033 &#32;&#32;&#32;&#32;&#32;&#32;&#32;&#32;&#32;&#32;&#32;&#32;&#32;&#32;&#32;&#32;&#32;&#32;&amp;&amp;&#32;this-&gt;year&#32;==&#32;other.<link linkend="_class_date_1a3eeced2ed56bc95d56782b9e738db8ea">year</link>)
00034 &#32;&#32;&#32;&#32;&#32;&#32;&#32;&#32;&#32;&#32;&#32;&#32;{
00035 &#32;&#32;&#32;&#32;&#32;&#32;&#32;&#32;&#32;&#32;&#32;&#32;&#32;&#32;&#32;&#32;&#32;&#32;<emphasis role="keywordflow">return</emphasis>&#32;<emphasis role="keyword">true</emphasis>;
00036 &#32;&#32;&#32;&#32;&#32;&#32;&#32;&#32;&#32;&#32;&#32;&#32;}
00037 &#32;&#32;&#32;&#32;&#32;&#32;&#32;&#32;&#32;&#32;&#32;&#32;<emphasis role="keywordflow">else</emphasis>
00038 &#32;&#32;&#32;&#32;&#32;&#32;&#32;&#32;&#32;&#32;&#32;&#32;{
00039 &#32;&#32;&#32;&#32;&#32;&#32;&#32;&#32;&#32;&#32;&#32;&#32;&#32;&#32;&#32;&#32;&#32;&#32;<emphasis role="keywordflow">return</emphasis>&#32;<emphasis role="keyword">false</emphasis>;
00040 &#32;&#32;&#32;&#32;&#32;&#32;&#32;&#32;&#32;&#32;&#32;&#32;}
00041 &#32;&#32;&#32;&#32;&#32;&#32;}
00042 &#32;&#32;&#32;&#32;&#32;&#32;<emphasis role="keywordflow">else</emphasis>
00043 &#32;&#32;&#32;&#32;&#32;&#32;{
00044 &#32;&#32;&#32;&#32;&#32;&#32;&#32;&#32;&#32;&#32;&#32;&#32;<emphasis role="keywordflow">return</emphasis>&#32;<emphasis role="keyword">true</emphasis>;
00045 &#32;&#32;&#32;&#32;&#32;&#32;}
00046 }
<anchor xml:id="__date_8cpp_source_1l00047"/><link linkend="_class_date_1a2d9cc2faa8fedf1cc29d078c8c330424">00047</link> <emphasis role="keywordtype">bool</emphasis>&#32;<link linkend="_class_date_1a2d9cc2faa8fedf1cc29d078c8c330424">Date::operator!=</link>(<emphasis role="keyword">const</emphasis>&#32;<link linkend="_class_date">Date</link>&amp;&#32;other)
00048 {
00049 &#32;&#32;&#32;&#32;&#32;&#32;<emphasis role="keywordflow">return</emphasis>&#32;!(*<emphasis role="keyword">this</emphasis>&#32;==&#32;other);
00050 }
<anchor xml:id="__date_8cpp_source_1l00051"/><link linkend="_class_date_1ab45910c75ae7ac2ae79b138730007882">00051</link> <emphasis role="keywordtype">bool</emphasis>&#32;<link linkend="_class_date_1ab45910c75ae7ac2ae79b138730007882">Date::operator&lt;</link>(<emphasis role="keyword">const</emphasis>&#32;<link linkend="_class_date">Date</link>&amp;&#32;other)
00052 {
00053 &#32;&#32;&#32;&#32;&#32;&#32;<emphasis role="keywordflow">if</emphasis>&#32;(<emphasis role="keyword">this</emphasis>&#32;!=&#32;&amp;other)
00054 &#32;&#32;&#32;&#32;&#32;&#32;{
00055 &#32;&#32;&#32;&#32;&#32;&#32;&#32;&#32;&#32;&#32;&#32;&#32;<emphasis role="keywordflow">if</emphasis>&#32;(this-&gt;<link linkend="_class_date_1a3eeced2ed56bc95d56782b9e738db8ea">year</link>&#32;&lt;&#32;other.<link linkend="_class_date_1a3eeced2ed56bc95d56782b9e738db8ea">year</link>)
00056 &#32;&#32;&#32;&#32;&#32;&#32;&#32;&#32;&#32;&#32;&#32;&#32;{
00057 &#32;&#32;&#32;&#32;&#32;&#32;&#32;&#32;&#32;&#32;&#32;&#32;&#32;&#32;&#32;&#32;&#32;&#32;<emphasis role="keywordflow">return</emphasis>&#32;<emphasis role="keyword">true</emphasis>;
00058 &#32;&#32;&#32;&#32;&#32;&#32;&#32;&#32;&#32;&#32;&#32;&#32;}
00059 &#32;&#32;&#32;&#32;&#32;&#32;&#32;&#32;&#32;&#32;&#32;&#32;<emphasis role="keywordflow">else</emphasis>
00060 &#32;&#32;&#32;&#32;&#32;&#32;&#32;&#32;&#32;&#32;&#32;&#32;{
00061 &#32;&#32;&#32;&#32;&#32;&#32;&#32;&#32;&#32;&#32;&#32;&#32;&#32;&#32;&#32;&#32;&#32;&#32;<emphasis role="keywordflow">if</emphasis>&#32;(this-&gt;<link linkend="_class_date_1a533843e07c6ac8d19fee9b16f5336ba2">month</link>&#32;&lt;&#32;other.<link linkend="_class_date_1a533843e07c6ac8d19fee9b16f5336ba2">month</link>)
00062 &#32;&#32;&#32;&#32;&#32;&#32;&#32;&#32;&#32;&#32;&#32;&#32;&#32;&#32;&#32;&#32;&#32;&#32;{
00063 &#32;&#32;&#32;&#32;&#32;&#32;&#32;&#32;&#32;&#32;&#32;&#32;&#32;&#32;&#32;&#32;&#32;&#32;&#32;&#32;&#32;&#32;&#32;&#32;<emphasis role="keywordflow">return</emphasis>&#32;<emphasis role="keyword">true</emphasis>;
00064 &#32;&#32;&#32;&#32;&#32;&#32;&#32;&#32;&#32;&#32;&#32;&#32;&#32;&#32;&#32;&#32;&#32;&#32;}
00065 &#32;&#32;&#32;&#32;&#32;&#32;&#32;&#32;&#32;&#32;&#32;&#32;&#32;&#32;&#32;&#32;&#32;&#32;<emphasis role="keywordflow">else</emphasis>
00066 &#32;&#32;&#32;&#32;&#32;&#32;&#32;&#32;&#32;&#32;&#32;&#32;&#32;&#32;&#32;&#32;&#32;&#32;{
00067 &#32;&#32;&#32;&#32;&#32;&#32;&#32;&#32;&#32;&#32;&#32;&#32;&#32;&#32;&#32;&#32;&#32;&#32;&#32;&#32;&#32;&#32;&#32;&#32;<emphasis role="keywordflow">if</emphasis>&#32;(this-&gt;<link linkend="_class_date_1a5b192adcabf2b2871e3f0b76c1ec1601">day</link>&#32;&lt;&#32;other.<link linkend="_class_date_1a5b192adcabf2b2871e3f0b76c1ec1601">day</link>)
00068 &#32;&#32;&#32;&#32;&#32;&#32;&#32;&#32;&#32;&#32;&#32;&#32;&#32;&#32;&#32;&#32;&#32;&#32;&#32;&#32;&#32;&#32;&#32;&#32;{
00069 &#32;&#32;&#32;&#32;&#32;&#32;&#32;&#32;&#32;&#32;&#32;&#32;&#32;&#32;&#32;&#32;&#32;&#32;&#32;&#32;&#32;&#32;&#32;&#32;&#32;&#32;&#32;&#32;&#32;&#32;<emphasis role="keywordflow">return</emphasis>&#32;<emphasis role="keyword">true</emphasis>;
00070 &#32;&#32;&#32;&#32;&#32;&#32;&#32;&#32;&#32;&#32;&#32;&#32;&#32;&#32;&#32;&#32;&#32;&#32;&#32;&#32;&#32;&#32;&#32;&#32;}
00071 &#32;&#32;&#32;&#32;&#32;&#32;&#32;&#32;&#32;&#32;&#32;&#32;&#32;&#32;&#32;&#32;&#32;&#32;&#32;&#32;&#32;&#32;&#32;&#32;<emphasis role="keywordflow">else</emphasis>
00072 &#32;&#32;&#32;&#32;&#32;&#32;&#32;&#32;&#32;&#32;&#32;&#32;&#32;&#32;&#32;&#32;&#32;&#32;&#32;&#32;&#32;&#32;&#32;&#32;{
00073 &#32;&#32;&#32;&#32;&#32;&#32;&#32;&#32;&#32;&#32;&#32;&#32;&#32;&#32;&#32;&#32;&#32;&#32;&#32;&#32;&#32;&#32;&#32;&#32;&#32;&#32;&#32;&#32;&#32;&#32;<emphasis role="keywordflow">return</emphasis>&#32;<emphasis role="keyword">false</emphasis>;
00074 &#32;&#32;&#32;&#32;&#32;&#32;&#32;&#32;&#32;&#32;&#32;&#32;&#32;&#32;&#32;&#32;&#32;&#32;&#32;&#32;&#32;&#32;&#32;&#32;}
00075 &#32;&#32;&#32;&#32;&#32;&#32;&#32;&#32;&#32;&#32;&#32;&#32;&#32;&#32;&#32;&#32;&#32;&#32;}
00076 &#32;&#32;&#32;&#32;&#32;&#32;&#32;&#32;&#32;&#32;&#32;&#32;}
00077 &#32;&#32;&#32;&#32;&#32;&#32;}
00078 &#32;&#32;&#32;&#32;&#32;&#32;<emphasis role="keywordflow">else</emphasis>
00079 &#32;&#32;&#32;&#32;&#32;&#32;{
00080 &#32;&#32;&#32;&#32;&#32;&#32;&#32;&#32;&#32;&#32;&#32;&#32;<emphasis role="keywordflow">return</emphasis>&#32;<emphasis role="keyword">false</emphasis>;
00081 &#32;&#32;&#32;&#32;&#32;&#32;}
00082 
00083 }
<anchor xml:id="__date_8cpp_source_1l00084"/><link linkend="_class_date_1ab6ee13b33bb48680f1b0afa819ec178a">00084</link> <emphasis role="keywordtype">bool</emphasis>&#32;<link linkend="_class_date_1ab6ee13b33bb48680f1b0afa819ec178a">Date::operator&gt;</link>(<emphasis role="keyword">const</emphasis>&#32;<link linkend="_class_date">Date</link>&amp;&#32;other)
00085 {
00086 &#32;&#32;&#32;&#32;&#32;&#32;<emphasis role="keywordflow">if</emphasis>&#32;(<emphasis role="keyword">this</emphasis>&#32;!=&#32;&amp;other)
00087 &#32;&#32;&#32;&#32;&#32;&#32;{
00088 &#32;&#32;&#32;&#32;&#32;&#32;&#32;&#32;&#32;&#32;&#32;&#32;<emphasis role="keywordflow">if</emphasis>&#32;(this-&gt;<link linkend="_class_date_1a3eeced2ed56bc95d56782b9e738db8ea">year</link>&#32;&gt;&#32;other.<link linkend="_class_date_1a3eeced2ed56bc95d56782b9e738db8ea">year</link>)
00089 &#32;&#32;&#32;&#32;&#32;&#32;&#32;&#32;&#32;&#32;&#32;&#32;{
00090 &#32;&#32;&#32;&#32;&#32;&#32;&#32;&#32;&#32;&#32;&#32;&#32;&#32;&#32;&#32;&#32;&#32;&#32;<emphasis role="keywordflow">return</emphasis>&#32;<emphasis role="keyword">true</emphasis>;
00091 &#32;&#32;&#32;&#32;&#32;&#32;&#32;&#32;&#32;&#32;&#32;&#32;}
00092 &#32;&#32;&#32;&#32;&#32;&#32;&#32;&#32;&#32;&#32;&#32;&#32;<emphasis role="keywordflow">else</emphasis>
00093 &#32;&#32;&#32;&#32;&#32;&#32;&#32;&#32;&#32;&#32;&#32;&#32;{
00094 &#32;&#32;&#32;&#32;&#32;&#32;&#32;&#32;&#32;&#32;&#32;&#32;&#32;&#32;&#32;&#32;&#32;&#32;<emphasis role="keywordflow">if</emphasis>&#32;(this-&gt;<link linkend="_class_date_1a533843e07c6ac8d19fee9b16f5336ba2">month</link>&#32;&gt;&#32;other.<link linkend="_class_date_1a533843e07c6ac8d19fee9b16f5336ba2">month</link>)
00095 &#32;&#32;&#32;&#32;&#32;&#32;&#32;&#32;&#32;&#32;&#32;&#32;&#32;&#32;&#32;&#32;&#32;&#32;{
00096 &#32;&#32;&#32;&#32;&#32;&#32;&#32;&#32;&#32;&#32;&#32;&#32;&#32;&#32;&#32;&#32;&#32;&#32;&#32;&#32;&#32;&#32;&#32;&#32;<emphasis role="keywordflow">return</emphasis>&#32;<emphasis role="keyword">true</emphasis>;
00097 &#32;&#32;&#32;&#32;&#32;&#32;&#32;&#32;&#32;&#32;&#32;&#32;&#32;&#32;&#32;&#32;&#32;&#32;}
00098 &#32;&#32;&#32;&#32;&#32;&#32;&#32;&#32;&#32;&#32;&#32;&#32;&#32;&#32;&#32;&#32;&#32;&#32;<emphasis role="keywordflow">else</emphasis>
00099 &#32;&#32;&#32;&#32;&#32;&#32;&#32;&#32;&#32;&#32;&#32;&#32;&#32;&#32;&#32;&#32;&#32;&#32;{
00100 &#32;&#32;&#32;&#32;&#32;&#32;&#32;&#32;&#32;&#32;&#32;&#32;&#32;&#32;&#32;&#32;&#32;&#32;&#32;&#32;&#32;&#32;&#32;&#32;<emphasis role="keywordflow">if</emphasis>&#32;(this-&gt;<link linkend="_class_date_1a5b192adcabf2b2871e3f0b76c1ec1601">day</link>&#32;&gt;&#32;other.<link linkend="_class_date_1a5b192adcabf2b2871e3f0b76c1ec1601">day</link>)
00101 &#32;&#32;&#32;&#32;&#32;&#32;&#32;&#32;&#32;&#32;&#32;&#32;&#32;&#32;&#32;&#32;&#32;&#32;&#32;&#32;&#32;&#32;&#32;&#32;{
00102 &#32;&#32;&#32;&#32;&#32;&#32;&#32;&#32;&#32;&#32;&#32;&#32;&#32;&#32;&#32;&#32;&#32;&#32;&#32;&#32;&#32;&#32;&#32;&#32;&#32;&#32;&#32;&#32;&#32;&#32;<emphasis role="keywordflow">return</emphasis>&#32;<emphasis role="keyword">true</emphasis>;
00103 &#32;&#32;&#32;&#32;&#32;&#32;&#32;&#32;&#32;&#32;&#32;&#32;&#32;&#32;&#32;&#32;&#32;&#32;&#32;&#32;&#32;&#32;&#32;&#32;}
00104 &#32;&#32;&#32;&#32;&#32;&#32;&#32;&#32;&#32;&#32;&#32;&#32;&#32;&#32;&#32;&#32;&#32;&#32;&#32;&#32;&#32;&#32;&#32;&#32;<emphasis role="keywordflow">else</emphasis>
00105 &#32;&#32;&#32;&#32;&#32;&#32;&#32;&#32;&#32;&#32;&#32;&#32;&#32;&#32;&#32;&#32;&#32;&#32;&#32;&#32;&#32;&#32;&#32;&#32;{
00106 &#32;&#32;&#32;&#32;&#32;&#32;&#32;&#32;&#32;&#32;&#32;&#32;&#32;&#32;&#32;&#32;&#32;&#32;&#32;&#32;&#32;&#32;&#32;&#32;&#32;&#32;&#32;&#32;&#32;&#32;<emphasis role="keywordflow">return</emphasis>&#32;<emphasis role="keyword">false</emphasis>;
00107 &#32;&#32;&#32;&#32;&#32;&#32;&#32;&#32;&#32;&#32;&#32;&#32;&#32;&#32;&#32;&#32;&#32;&#32;&#32;&#32;&#32;&#32;&#32;&#32;}
00108 &#32;&#32;&#32;&#32;&#32;&#32;&#32;&#32;&#32;&#32;&#32;&#32;&#32;&#32;&#32;&#32;&#32;&#32;}
00109 &#32;&#32;&#32;&#32;&#32;&#32;&#32;&#32;&#32;&#32;&#32;&#32;}
00110 &#32;&#32;&#32;&#32;&#32;&#32;}
00111 &#32;&#32;&#32;&#32;&#32;&#32;<emphasis role="keywordflow">else</emphasis>
00112 &#32;&#32;&#32;&#32;&#32;&#32;{
00113 &#32;&#32;&#32;&#32;&#32;&#32;&#32;&#32;&#32;&#32;&#32;&#32;<emphasis role="keywordflow">return</emphasis>&#32;<emphasis role="keyword">false</emphasis>;
00114 &#32;&#32;&#32;&#32;&#32;&#32;}
00115 }
<anchor xml:id="__date_8cpp_source_1l00116"/><link linkend="_class_date_1a532290fc786f617aa5d5f55cd2159298">00116</link> <emphasis role="keywordtype">bool</emphasis>&#32;<link linkend="_class_date_1a532290fc786f617aa5d5f55cd2159298">Date::operator&lt;=</link>(<emphasis role="keyword">const</emphasis>&#32;<link linkend="_class_date">Date</link>&amp;&#32;other)
00117 {
00118 &#32;&#32;&#32;&#32;&#32;&#32;<emphasis role="keywordflow">if</emphasis>&#32;(<emphasis role="keyword">this</emphasis>&#32;!=&#32;&amp;other)
00119 &#32;&#32;&#32;&#32;&#32;&#32;{
00120 &#32;&#32;&#32;&#32;&#32;&#32;&#32;&#32;&#32;&#32;&#32;&#32;<emphasis role="keywordflow">if</emphasis>&#32;(this-&gt;<link linkend="_class_date_1a3eeced2ed56bc95d56782b9e738db8ea">year</link>&#32;&lt;&#32;other.<link linkend="_class_date_1a3eeced2ed56bc95d56782b9e738db8ea">year</link>)
00121 &#32;&#32;&#32;&#32;&#32;&#32;&#32;&#32;&#32;&#32;&#32;&#32;{
00122 &#32;&#32;&#32;&#32;&#32;&#32;&#32;&#32;&#32;&#32;&#32;&#32;&#32;&#32;&#32;&#32;&#32;&#32;<emphasis role="keywordflow">return</emphasis>&#32;<emphasis role="keyword">true</emphasis>;
00123 &#32;&#32;&#32;&#32;&#32;&#32;&#32;&#32;&#32;&#32;&#32;&#32;}
00124 &#32;&#32;&#32;&#32;&#32;&#32;&#32;&#32;&#32;&#32;&#32;&#32;<emphasis role="keywordflow">else</emphasis>&#32;<emphasis role="keywordflow">if</emphasis>&#32;(this-&gt;<link linkend="_class_date_1a3eeced2ed56bc95d56782b9e738db8ea">year</link>&#32;==&#32;other.<link linkend="_class_date_1a3eeced2ed56bc95d56782b9e738db8ea">year</link>)
00125 &#32;&#32;&#32;&#32;&#32;&#32;&#32;&#32;&#32;&#32;&#32;&#32;{
00126 &#32;&#32;&#32;&#32;&#32;&#32;&#32;&#32;&#32;&#32;&#32;&#32;&#32;&#32;&#32;&#32;&#32;&#32;<emphasis role="keywordflow">if</emphasis>&#32;(this-&gt;<link linkend="_class_date_1a533843e07c6ac8d19fee9b16f5336ba2">month</link>&#32;==&#32;other.<link linkend="_class_date_1a533843e07c6ac8d19fee9b16f5336ba2">month</link>)
00127 &#32;&#32;&#32;&#32;&#32;&#32;&#32;&#32;&#32;&#32;&#32;&#32;&#32;&#32;&#32;&#32;&#32;&#32;{
00128 &#32;&#32;&#32;&#32;&#32;&#32;&#32;&#32;&#32;&#32;&#32;&#32;&#32;&#32;&#32;&#32;&#32;&#32;&#32;&#32;&#32;&#32;&#32;&#32;<emphasis role="keywordflow">if</emphasis>&#32;(this-&gt;<link linkend="_class_date_1a5b192adcabf2b2871e3f0b76c1ec1601">day</link>&#32;&lt;=&#32;other.<link linkend="_class_date_1a5b192adcabf2b2871e3f0b76c1ec1601">day</link>)
00129 &#32;&#32;&#32;&#32;&#32;&#32;&#32;&#32;&#32;&#32;&#32;&#32;&#32;&#32;&#32;&#32;&#32;&#32;&#32;&#32;&#32;&#32;&#32;&#32;{
00130 &#32;&#32;&#32;&#32;&#32;&#32;&#32;&#32;&#32;&#32;&#32;&#32;&#32;&#32;&#32;&#32;&#32;&#32;&#32;&#32;&#32;&#32;&#32;&#32;&#32;&#32;&#32;&#32;&#32;&#32;<emphasis role="keywordflow">return</emphasis>&#32;<emphasis role="keyword">true</emphasis>;
00131 &#32;&#32;&#32;&#32;&#32;&#32;&#32;&#32;&#32;&#32;&#32;&#32;&#32;&#32;&#32;&#32;&#32;&#32;&#32;&#32;&#32;&#32;&#32;&#32;}
00132 &#32;&#32;&#32;&#32;&#32;&#32;&#32;&#32;&#32;&#32;&#32;&#32;&#32;&#32;&#32;&#32;&#32;&#32;&#32;&#32;&#32;&#32;&#32;&#32;<emphasis role="keywordflow">else</emphasis>
00133 &#32;&#32;&#32;&#32;&#32;&#32;&#32;&#32;&#32;&#32;&#32;&#32;&#32;&#32;&#32;&#32;&#32;&#32;&#32;&#32;&#32;&#32;&#32;&#32;{
00134 &#32;&#32;&#32;&#32;&#32;&#32;&#32;&#32;&#32;&#32;&#32;&#32;&#32;&#32;&#32;&#32;&#32;&#32;&#32;&#32;&#32;&#32;&#32;&#32;&#32;&#32;&#32;&#32;&#32;&#32;<emphasis role="keywordflow">return</emphasis>&#32;<emphasis role="keyword">false</emphasis>;
00135 &#32;&#32;&#32;&#32;&#32;&#32;&#32;&#32;&#32;&#32;&#32;&#32;&#32;&#32;&#32;&#32;&#32;&#32;&#32;&#32;&#32;&#32;&#32;&#32;}
00136 &#32;&#32;&#32;&#32;&#32;&#32;&#32;&#32;&#32;&#32;&#32;&#32;&#32;&#32;&#32;&#32;&#32;&#32;}
00137 &#32;&#32;&#32;&#32;&#32;&#32;&#32;&#32;&#32;&#32;&#32;&#32;&#32;&#32;&#32;&#32;&#32;&#32;<emphasis role="keywordflow">else</emphasis>&#32;<emphasis role="keywordflow">if</emphasis>&#32;(this-&gt;<link linkend="_class_date_1a533843e07c6ac8d19fee9b16f5336ba2">month</link>&#32;&lt;&#32;other.<link linkend="_class_date_1a533843e07c6ac8d19fee9b16f5336ba2">month</link>)
00138 &#32;&#32;&#32;&#32;&#32;&#32;&#32;&#32;&#32;&#32;&#32;&#32;&#32;&#32;&#32;&#32;&#32;&#32;{
00139 &#32;&#32;&#32;&#32;&#32;&#32;&#32;&#32;&#32;&#32;&#32;&#32;&#32;&#32;&#32;&#32;&#32;&#32;&#32;&#32;&#32;&#32;&#32;&#32;<emphasis role="keywordflow">if</emphasis>&#32;(this-&gt;<link linkend="_class_date_1a5b192adcabf2b2871e3f0b76c1ec1601">day</link>&#32;&lt;=&#32;other.<link linkend="_class_date_1a5b192adcabf2b2871e3f0b76c1ec1601">day</link>)
00140 &#32;&#32;&#32;&#32;&#32;&#32;&#32;&#32;&#32;&#32;&#32;&#32;&#32;&#32;&#32;&#32;&#32;&#32;&#32;&#32;&#32;&#32;&#32;&#32;{
00141 &#32;&#32;&#32;&#32;&#32;&#32;&#32;&#32;&#32;&#32;&#32;&#32;&#32;&#32;&#32;&#32;&#32;&#32;&#32;&#32;&#32;&#32;&#32;&#32;&#32;&#32;&#32;&#32;&#32;&#32;<emphasis role="keywordflow">return</emphasis>&#32;<emphasis role="keyword">true</emphasis>;
00142 &#32;&#32;&#32;&#32;&#32;&#32;&#32;&#32;&#32;&#32;&#32;&#32;&#32;&#32;&#32;&#32;&#32;&#32;&#32;&#32;&#32;&#32;&#32;&#32;}
00143 &#32;&#32;&#32;&#32;&#32;&#32;&#32;&#32;&#32;&#32;&#32;&#32;&#32;&#32;&#32;&#32;&#32;&#32;&#32;&#32;&#32;&#32;&#32;&#32;<emphasis role="keywordflow">else</emphasis>
00144 &#32;&#32;&#32;&#32;&#32;&#32;&#32;&#32;&#32;&#32;&#32;&#32;&#32;&#32;&#32;&#32;&#32;&#32;&#32;&#32;&#32;&#32;&#32;&#32;{
00145 &#32;&#32;&#32;&#32;&#32;&#32;&#32;&#32;&#32;&#32;&#32;&#32;&#32;&#32;&#32;&#32;&#32;&#32;&#32;&#32;&#32;&#32;&#32;&#32;&#32;&#32;&#32;&#32;&#32;&#32;<emphasis role="keywordflow">return</emphasis>&#32;<emphasis role="keyword">false</emphasis>;
00146 &#32;&#32;&#32;&#32;&#32;&#32;&#32;&#32;&#32;&#32;&#32;&#32;&#32;&#32;&#32;&#32;&#32;&#32;&#32;&#32;&#32;&#32;&#32;&#32;}
00147 &#32;&#32;&#32;&#32;&#32;&#32;&#32;&#32;&#32;&#32;&#32;&#32;&#32;&#32;&#32;&#32;&#32;&#32;}
00148 &#32;&#32;&#32;&#32;&#32;&#32;&#32;&#32;&#32;&#32;&#32;&#32;&#32;&#32;&#32;&#32;&#32;&#32;<emphasis role="keywordflow">else</emphasis>
00149 &#32;&#32;&#32;&#32;&#32;&#32;&#32;&#32;&#32;&#32;&#32;&#32;&#32;&#32;&#32;&#32;&#32;&#32;{
00150 &#32;&#32;&#32;&#32;&#32;&#32;&#32;&#32;&#32;&#32;&#32;&#32;&#32;&#32;&#32;&#32;&#32;&#32;&#32;&#32;&#32;&#32;&#32;&#32;<emphasis role="keywordflow">return</emphasis>&#32;<emphasis role="keyword">false</emphasis>;
00151 &#32;&#32;&#32;&#32;&#32;&#32;&#32;&#32;&#32;&#32;&#32;&#32;&#32;&#32;&#32;&#32;&#32;&#32;}
00152 &#32;&#32;&#32;&#32;&#32;&#32;&#32;&#32;&#32;&#32;&#32;&#32;}
00153 &#32;&#32;&#32;&#32;&#32;&#32;&#32;&#32;&#32;&#32;&#32;&#32;<emphasis role="keywordflow">else</emphasis>
00154 &#32;&#32;&#32;&#32;&#32;&#32;&#32;&#32;&#32;&#32;&#32;&#32;{
00155 &#32;&#32;&#32;&#32;&#32;&#32;&#32;&#32;&#32;&#32;&#32;&#32;&#32;&#32;&#32;&#32;&#32;&#32;<emphasis role="keywordflow">return</emphasis>&#32;<emphasis role="keyword">false</emphasis>;
00156 &#32;&#32;&#32;&#32;&#32;&#32;&#32;&#32;&#32;&#32;&#32;&#32;}
00157 &#32;&#32;&#32;&#32;&#32;&#32;}
00158 &#32;&#32;&#32;&#32;&#32;&#32;<emphasis role="keywordflow">else</emphasis>
00159 &#32;&#32;&#32;&#32;&#32;&#32;{
00160 &#32;&#32;&#32;&#32;&#32;&#32;&#32;&#32;&#32;&#32;&#32;&#32;<emphasis role="keywordflow">return</emphasis>&#32;<emphasis role="keyword">true</emphasis>;
00161 &#32;&#32;&#32;&#32;&#32;&#32;}
00162 }
<anchor xml:id="__date_8cpp_source_1l00163"/><link linkend="_class_date_1aa383aca21b89372e5ac8cdd0eb20daf6">00163</link> <emphasis role="keywordtype">bool</emphasis>&#32;<link linkend="_class_date_1aa383aca21b89372e5ac8cdd0eb20daf6">Date::operator&gt;=</link>(<emphasis role="keyword">const</emphasis>&#32;<link linkend="_class_date">Date</link>&amp;&#32;other)
00164 {
00165 &#32;&#32;&#32;&#32;&#32;&#32;<emphasis role="keywordflow">if</emphasis>&#32;(<emphasis role="keyword">this</emphasis>&#32;!=&#32;&amp;other)
00166 &#32;&#32;&#32;&#32;&#32;&#32;{
00167 &#32;&#32;&#32;&#32;&#32;&#32;&#32;&#32;&#32;&#32;&#32;&#32;<emphasis role="keywordflow">if</emphasis>&#32;(this-&gt;<link linkend="_class_date_1a3eeced2ed56bc95d56782b9e738db8ea">year</link>&#32;&gt;&#32;other.<link linkend="_class_date_1a3eeced2ed56bc95d56782b9e738db8ea">year</link>)
00168 &#32;&#32;&#32;&#32;&#32;&#32;&#32;&#32;&#32;&#32;&#32;&#32;{
00169 &#32;&#32;&#32;&#32;&#32;&#32;&#32;&#32;&#32;&#32;&#32;&#32;&#32;&#32;&#32;&#32;&#32;&#32;<emphasis role="keywordflow">return</emphasis>&#32;<emphasis role="keyword">true</emphasis>;
00170 &#32;&#32;&#32;&#32;&#32;&#32;&#32;&#32;&#32;&#32;&#32;&#32;}
00171 &#32;&#32;&#32;&#32;&#32;&#32;&#32;&#32;&#32;&#32;&#32;&#32;<emphasis role="keywordflow">else</emphasis>&#32;<emphasis role="keywordflow">if</emphasis>&#32;(this-&gt;<link linkend="_class_date_1a3eeced2ed56bc95d56782b9e738db8ea">year</link>&#32;==&#32;other.<link linkend="_class_date_1a3eeced2ed56bc95d56782b9e738db8ea">year</link>)
00172 &#32;&#32;&#32;&#32;&#32;&#32;&#32;&#32;&#32;&#32;&#32;&#32;{
00173 &#32;&#32;&#32;&#32;&#32;&#32;&#32;&#32;&#32;&#32;&#32;&#32;&#32;&#32;&#32;&#32;&#32;&#32;<emphasis role="keywordflow">if</emphasis>&#32;(this-&gt;<link linkend="_class_date_1a533843e07c6ac8d19fee9b16f5336ba2">month</link>&#32;==&#32;other.<link linkend="_class_date_1a533843e07c6ac8d19fee9b16f5336ba2">month</link>)
00174 &#32;&#32;&#32;&#32;&#32;&#32;&#32;&#32;&#32;&#32;&#32;&#32;&#32;&#32;&#32;&#32;&#32;&#32;{
00175 &#32;&#32;&#32;&#32;&#32;&#32;&#32;&#32;&#32;&#32;&#32;&#32;&#32;&#32;&#32;&#32;&#32;&#32;&#32;&#32;&#32;&#32;&#32;&#32;<emphasis role="keywordflow">if</emphasis>&#32;(this-&gt;<link linkend="_class_date_1a5b192adcabf2b2871e3f0b76c1ec1601">day</link>&#32;&gt;=&#32;other.<link linkend="_class_date_1a5b192adcabf2b2871e3f0b76c1ec1601">day</link>)
00176 &#32;&#32;&#32;&#32;&#32;&#32;&#32;&#32;&#32;&#32;&#32;&#32;&#32;&#32;&#32;&#32;&#32;&#32;&#32;&#32;&#32;&#32;&#32;&#32;{
00177 &#32;&#32;&#32;&#32;&#32;&#32;&#32;&#32;&#32;&#32;&#32;&#32;&#32;&#32;&#32;&#32;&#32;&#32;&#32;&#32;&#32;&#32;&#32;&#32;&#32;&#32;&#32;&#32;&#32;&#32;<emphasis role="keywordflow">return</emphasis>&#32;<emphasis role="keyword">true</emphasis>;
00178 &#32;&#32;&#32;&#32;&#32;&#32;&#32;&#32;&#32;&#32;&#32;&#32;&#32;&#32;&#32;&#32;&#32;&#32;&#32;&#32;&#32;&#32;&#32;&#32;}
00179 &#32;&#32;&#32;&#32;&#32;&#32;&#32;&#32;&#32;&#32;&#32;&#32;&#32;&#32;&#32;&#32;&#32;&#32;&#32;&#32;&#32;&#32;&#32;&#32;<emphasis role="keywordflow">else</emphasis>
00180 &#32;&#32;&#32;&#32;&#32;&#32;&#32;&#32;&#32;&#32;&#32;&#32;&#32;&#32;&#32;&#32;&#32;&#32;&#32;&#32;&#32;&#32;&#32;&#32;{
00181 &#32;&#32;&#32;&#32;&#32;&#32;&#32;&#32;&#32;&#32;&#32;&#32;&#32;&#32;&#32;&#32;&#32;&#32;&#32;&#32;&#32;&#32;&#32;&#32;&#32;&#32;&#32;&#32;&#32;&#32;<emphasis role="keywordflow">return</emphasis>&#32;<emphasis role="keyword">false</emphasis>;
00182 &#32;&#32;&#32;&#32;&#32;&#32;&#32;&#32;&#32;&#32;&#32;&#32;&#32;&#32;&#32;&#32;&#32;&#32;&#32;&#32;&#32;&#32;&#32;&#32;}
00183 &#32;&#32;&#32;&#32;&#32;&#32;&#32;&#32;&#32;&#32;&#32;&#32;&#32;&#32;&#32;&#32;&#32;&#32;}
00184 &#32;&#32;&#32;&#32;&#32;&#32;&#32;&#32;&#32;&#32;&#32;&#32;&#32;&#32;&#32;&#32;&#32;&#32;<emphasis role="keywordflow">else</emphasis>&#32;<emphasis role="keywordflow">if</emphasis>&#32;(this-&gt;<link linkend="_class_date_1a533843e07c6ac8d19fee9b16f5336ba2">month</link>&#32;&gt;&#32;other.<link linkend="_class_date_1a533843e07c6ac8d19fee9b16f5336ba2">month</link>)
00185 &#32;&#32;&#32;&#32;&#32;&#32;&#32;&#32;&#32;&#32;&#32;&#32;&#32;&#32;&#32;&#32;&#32;&#32;{
00186 &#32;&#32;&#32;&#32;&#32;&#32;&#32;&#32;&#32;&#32;&#32;&#32;&#32;&#32;&#32;&#32;&#32;&#32;&#32;&#32;&#32;&#32;&#32;&#32;<emphasis role="keywordflow">if</emphasis>&#32;(this-&gt;<link linkend="_class_date_1a5b192adcabf2b2871e3f0b76c1ec1601">day</link>&#32;&gt;=&#32;other.<link linkend="_class_date_1a5b192adcabf2b2871e3f0b76c1ec1601">day</link>)
00187 &#32;&#32;&#32;&#32;&#32;&#32;&#32;&#32;&#32;&#32;&#32;&#32;&#32;&#32;&#32;&#32;&#32;&#32;&#32;&#32;&#32;&#32;&#32;&#32;{
00188 &#32;&#32;&#32;&#32;&#32;&#32;&#32;&#32;&#32;&#32;&#32;&#32;&#32;&#32;&#32;&#32;&#32;&#32;&#32;&#32;&#32;&#32;&#32;&#32;&#32;&#32;&#32;&#32;&#32;&#32;<emphasis role="keywordflow">return</emphasis>&#32;<emphasis role="keyword">true</emphasis>;
00189 &#32;&#32;&#32;&#32;&#32;&#32;&#32;&#32;&#32;&#32;&#32;&#32;&#32;&#32;&#32;&#32;&#32;&#32;&#32;&#32;&#32;&#32;&#32;&#32;}
00190 &#32;&#32;&#32;&#32;&#32;&#32;&#32;&#32;&#32;&#32;&#32;&#32;&#32;&#32;&#32;&#32;&#32;&#32;&#32;&#32;&#32;&#32;&#32;&#32;<emphasis role="keywordflow">else</emphasis>
00191 &#32;&#32;&#32;&#32;&#32;&#32;&#32;&#32;&#32;&#32;&#32;&#32;&#32;&#32;&#32;&#32;&#32;&#32;&#32;&#32;&#32;&#32;&#32;&#32;{
00192 &#32;&#32;&#32;&#32;&#32;&#32;&#32;&#32;&#32;&#32;&#32;&#32;&#32;&#32;&#32;&#32;&#32;&#32;&#32;&#32;&#32;&#32;&#32;&#32;&#32;&#32;&#32;&#32;&#32;&#32;<emphasis role="keywordflow">return</emphasis>&#32;<emphasis role="keyword">false</emphasis>;
00193 &#32;&#32;&#32;&#32;&#32;&#32;&#32;&#32;&#32;&#32;&#32;&#32;&#32;&#32;&#32;&#32;&#32;&#32;&#32;&#32;&#32;&#32;&#32;&#32;}
00194 &#32;&#32;&#32;&#32;&#32;&#32;&#32;&#32;&#32;&#32;&#32;&#32;&#32;&#32;&#32;&#32;&#32;&#32;}
00195 &#32;&#32;&#32;&#32;&#32;&#32;&#32;&#32;&#32;&#32;&#32;&#32;&#32;&#32;&#32;&#32;&#32;&#32;<emphasis role="keywordflow">else</emphasis>
00196 &#32;&#32;&#32;&#32;&#32;&#32;&#32;&#32;&#32;&#32;&#32;&#32;&#32;&#32;&#32;&#32;&#32;&#32;{
00197 &#32;&#32;&#32;&#32;&#32;&#32;&#32;&#32;&#32;&#32;&#32;&#32;&#32;&#32;&#32;&#32;&#32;&#32;&#32;&#32;&#32;&#32;&#32;&#32;<emphasis role="keywordflow">return</emphasis>&#32;<emphasis role="keyword">false</emphasis>;
00198 &#32;&#32;&#32;&#32;&#32;&#32;&#32;&#32;&#32;&#32;&#32;&#32;&#32;&#32;&#32;&#32;&#32;&#32;}
00199 &#32;&#32;&#32;&#32;&#32;&#32;&#32;&#32;&#32;&#32;&#32;&#32;}
00200 &#32;&#32;&#32;&#32;&#32;&#32;&#32;&#32;&#32;&#32;&#32;&#32;<emphasis role="keywordflow">else</emphasis>
00201 &#32;&#32;&#32;&#32;&#32;&#32;&#32;&#32;&#32;&#32;&#32;&#32;{
00202 &#32;&#32;&#32;&#32;&#32;&#32;&#32;&#32;&#32;&#32;&#32;&#32;&#32;&#32;&#32;&#32;&#32;&#32;<emphasis role="keywordflow">return</emphasis>&#32;<emphasis role="keyword">false</emphasis>;
00203 &#32;&#32;&#32;&#32;&#32;&#32;&#32;&#32;&#32;&#32;&#32;&#32;}
00204 &#32;&#32;&#32;&#32;&#32;&#32;}
00205 &#32;&#32;&#32;&#32;&#32;&#32;<emphasis role="keywordflow">else</emphasis>
00206 &#32;&#32;&#32;&#32;&#32;&#32;{
00207 &#32;&#32;&#32;&#32;&#32;&#32;&#32;&#32;&#32;&#32;&#32;&#32;<emphasis role="keywordflow">return</emphasis>&#32;<emphasis role="keyword">true</emphasis>;
00208 &#32;&#32;&#32;&#32;&#32;&#32;}
00209 }
00210 
00211 
<anchor xml:id="__date_8cpp_source_1l00212"/><link linkend="_class_date_1a86208bd42da6587c4b45ed93d688d483">00212</link> <emphasis role="keywordtype">int</emphasis>&#32;<link linkend="_class_date_1a86208bd42da6587c4b45ed93d688d483">Date::get_day</link>()<emphasis role="keyword">&#32;const</emphasis>
00213 <emphasis role="keyword"></emphasis>{
00214 &#32;&#32;&#32;&#32;&#32;&#32;<emphasis role="keywordflow">return</emphasis>&#32;this-&gt;<link linkend="_class_date_1a5b192adcabf2b2871e3f0b76c1ec1601">day</link>;
00215 }
<anchor xml:id="__date_8cpp_source_1l00216"/><link linkend="_class_date_1a89ae60bad421600e3ee901eb0df44975">00216</link> <emphasis role="keywordtype">int</emphasis>&#32;<link linkend="_class_date_1a89ae60bad421600e3ee901eb0df44975">Date::get_month</link>()<emphasis role="keyword">&#32;const</emphasis>
00217 <emphasis role="keyword"></emphasis>{
00218 &#32;&#32;&#32;&#32;&#32;&#32;<emphasis role="keywordflow">return</emphasis>&#32;this-&gt;<link linkend="_class_date_1a533843e07c6ac8d19fee9b16f5336ba2">month</link>;
00219 }
<anchor xml:id="__date_8cpp_source_1l00220"/><link linkend="_class_date_1a9e77e9f49890449fea9aeb8114da95ff">00220</link> <emphasis role="keywordtype">int</emphasis>&#32;<link linkend="_class_date_1a9e77e9f49890449fea9aeb8114da95ff">Date::get_year</link>()<emphasis role="keyword">&#32;const</emphasis>
00221 <emphasis role="keyword"></emphasis>{
00222 &#32;&#32;&#32;&#32;&#32;&#32;<emphasis role="keywordflow">return</emphasis>&#32;this-&gt;<link linkend="_class_date_1a3eeced2ed56bc95d56782b9e738db8ea">year</link>;
00223 }
00224 
<anchor xml:id="__date_8cpp_source_1l00225"/><link linkend="_class_date_1a38368873510ede78cdf2b95d94ed5184">00225</link> <emphasis role="keywordtype">void</emphasis>&#32;<link linkend="_class_date_1a38368873510ede78cdf2b95d94ed5184">Date::set_day</link>(<emphasis role="keywordtype">int</emphasis>&#32;day)
00226 {
00227 &#32;&#32;&#32;&#32;&#32;&#32;<emphasis role="keywordflow">if</emphasis>&#32;(this-&gt;<link linkend="_class_date_1a533843e07c6ac8d19fee9b16f5336ba2">month</link>&#32;==&#32;2)
00228 &#32;&#32;&#32;&#32;&#32;&#32;{
00229 &#32;&#32;&#32;&#32;&#32;&#32;&#32;&#32;&#32;&#32;&#32;&#32;<emphasis role="keywordflow">if</emphasis>&#32;(this-&gt;<link linkend="_class_date_1a3eeced2ed56bc95d56782b9e738db8ea">year</link>&#32;%&#32;4&#32;==&#32;0)
00230 &#32;&#32;&#32;&#32;&#32;&#32;&#32;&#32;&#32;&#32;&#32;&#32;{
00231 &#32;&#32;&#32;&#32;&#32;&#32;&#32;&#32;&#32;&#32;&#32;&#32;&#32;&#32;&#32;&#32;&#32;&#32;<emphasis role="keywordflow">if</emphasis>&#32;(day&#32;&gt;=&#32;1&#32;&amp;&amp;&#32;<link linkend="_class_date_1a5b192adcabf2b2871e3f0b76c1ec1601">day</link>&#32;&lt;=&#32;29)
00232 &#32;&#32;&#32;&#32;&#32;&#32;&#32;&#32;&#32;&#32;&#32;&#32;&#32;&#32;&#32;&#32;&#32;&#32;{
00233 &#32;&#32;&#32;&#32;&#32;&#32;&#32;&#32;&#32;&#32;&#32;&#32;&#32;&#32;&#32;&#32;&#32;&#32;&#32;&#32;&#32;&#32;&#32;&#32;this-&gt;day&#32;=&#32;<link linkend="_class_date_1a5b192adcabf2b2871e3f0b76c1ec1601">day</link>;
00234 &#32;&#32;&#32;&#32;&#32;&#32;&#32;&#32;&#32;&#32;&#32;&#32;&#32;&#32;&#32;&#32;&#32;&#32;}
00235 &#32;&#32;&#32;&#32;&#32;&#32;&#32;&#32;&#32;&#32;&#32;&#32;}
00236 &#32;&#32;&#32;&#32;&#32;&#32;&#32;&#32;&#32;&#32;&#32;&#32;<emphasis role="keywordflow">else</emphasis>
00237 &#32;&#32;&#32;&#32;&#32;&#32;&#32;&#32;&#32;&#32;&#32;&#32;{
00238 &#32;&#32;&#32;&#32;&#32;&#32;&#32;&#32;&#32;&#32;&#32;&#32;&#32;&#32;&#32;&#32;&#32;&#32;<emphasis role="keywordflow">if</emphasis>&#32;(<link linkend="_class_date_1a5b192adcabf2b2871e3f0b76c1ec1601">day</link>&#32;&gt;=&#32;1&#32;&amp;&amp;&#32;<link linkend="_class_date_1a5b192adcabf2b2871e3f0b76c1ec1601">day</link>&#32;&lt;=&#32;28)
00239 &#32;&#32;&#32;&#32;&#32;&#32;&#32;&#32;&#32;&#32;&#32;&#32;&#32;&#32;&#32;&#32;&#32;&#32;{
00240 &#32;&#32;&#32;&#32;&#32;&#32;&#32;&#32;&#32;&#32;&#32;&#32;&#32;&#32;&#32;&#32;&#32;&#32;&#32;&#32;&#32;&#32;&#32;&#32;this-&gt;day&#32;=&#32;<link linkend="_class_date_1a5b192adcabf2b2871e3f0b76c1ec1601">day</link>;
00241 &#32;&#32;&#32;&#32;&#32;&#32;&#32;&#32;&#32;&#32;&#32;&#32;&#32;&#32;&#32;&#32;&#32;&#32;}
00242 &#32;&#32;&#32;&#32;&#32;&#32;&#32;&#32;&#32;&#32;&#32;&#32;}
00243 &#32;&#32;&#32;&#32;&#32;&#32;}
00244 &#32;&#32;&#32;&#32;&#32;&#32;<emphasis role="keywordflow">else</emphasis>&#32;<emphasis role="keywordflow">if</emphasis>&#32;(this-&gt;<link linkend="_class_date_1a533843e07c6ac8d19fee9b16f5336ba2">month</link>&#32;==&#32;1&#32;||&#32;this-&gt;<link linkend="_class_date_1a533843e07c6ac8d19fee9b16f5336ba2">month</link>&#32;==&#32;3&#32;
00245 &#32;&#32;&#32;&#32;&#32;&#32;&#32;&#32;&#32;&#32;&#32;&#32;||&#32;this-&gt;<link linkend="_class_date_1a533843e07c6ac8d19fee9b16f5336ba2">month</link>&#32;==&#32;5&#32;||&#32;this-&gt;<link linkend="_class_date_1a533843e07c6ac8d19fee9b16f5336ba2">month</link>&#32;==&#32;7&#32;
00246 &#32;&#32;&#32;&#32;&#32;&#32;&#32;&#32;&#32;&#32;&#32;&#32;||&#32;this-&gt;<link linkend="_class_date_1a533843e07c6ac8d19fee9b16f5336ba2">month</link>&#32;==&#32;8&#32;||&#32;this-&gt;<link linkend="_class_date_1a533843e07c6ac8d19fee9b16f5336ba2">month</link>&#32;==&#32;10&#32;
00247 &#32;&#32;&#32;&#32;&#32;&#32;&#32;&#32;&#32;&#32;&#32;&#32;||&#32;this-&gt;<link linkend="_class_date_1a533843e07c6ac8d19fee9b16f5336ba2">month</link>&#32;==&#32;12)
00248 &#32;&#32;&#32;&#32;&#32;&#32;{
00249 &#32;&#32;&#32;&#32;&#32;&#32;&#32;&#32;&#32;&#32;&#32;&#32;<emphasis role="keywordflow">if</emphasis>&#32;(day&#32;&gt;=&#32;1&#32;&amp;&amp;&#32;<link linkend="_class_date_1a5b192adcabf2b2871e3f0b76c1ec1601">day</link>&#32;&lt;=&#32;31)
00250 &#32;&#32;&#32;&#32;&#32;&#32;&#32;&#32;&#32;&#32;&#32;&#32;{
00251 &#32;&#32;&#32;&#32;&#32;&#32;&#32;&#32;&#32;&#32;&#32;&#32;&#32;&#32;&#32;&#32;&#32;&#32;this-&gt;day&#32;=&#32;<link linkend="_class_date_1a5b192adcabf2b2871e3f0b76c1ec1601">day</link>;
00252 &#32;&#32;&#32;&#32;&#32;&#32;&#32;&#32;&#32;&#32;&#32;&#32;}
00253 &#32;&#32;&#32;&#32;&#32;&#32;}
00254 &#32;&#32;&#32;&#32;&#32;&#32;<emphasis role="keywordflow">else</emphasis>
00255 &#32;&#32;&#32;&#32;&#32;&#32;{
00256 &#32;&#32;&#32;&#32;&#32;&#32;&#32;&#32;&#32;&#32;&#32;&#32;<emphasis role="keywordflow">if</emphasis>&#32;(<link linkend="_class_date_1a5b192adcabf2b2871e3f0b76c1ec1601">day</link>&#32;&gt;=&#32;1&#32;&amp;&amp;&#32;<link linkend="_class_date_1a5b192adcabf2b2871e3f0b76c1ec1601">day</link>&#32;&lt;=&#32;30)
00257 &#32;&#32;&#32;&#32;&#32;&#32;&#32;&#32;&#32;&#32;&#32;&#32;{
00258 &#32;&#32;&#32;&#32;&#32;&#32;&#32;&#32;&#32;&#32;&#32;&#32;&#32;&#32;&#32;&#32;&#32;&#32;this-&gt;day&#32;=&#32;<link linkend="_class_date_1a5b192adcabf2b2871e3f0b76c1ec1601">day</link>;
00259 &#32;&#32;&#32;&#32;&#32;&#32;&#32;&#32;&#32;&#32;&#32;&#32;}
00260 &#32;&#32;&#32;&#32;&#32;&#32;}
00261 }
<anchor xml:id="__date_8cpp_source_1l00262"/><link linkend="_class_date_1af646936426b1ae00cf60eeb36003a397">00262</link> <emphasis role="keywordtype">void</emphasis>&#32;<link linkend="_class_date_1af646936426b1ae00cf60eeb36003a397">Date::set_month</link>(<emphasis role="keywordtype">int</emphasis>&#32;month)
00263 {
00264 &#32;&#32;&#32;&#32;&#32;&#32;<emphasis role="keywordflow">if</emphasis>&#32;(<link linkend="_class_date_1a533843e07c6ac8d19fee9b16f5336ba2">month</link>&#32;&gt;=&#32;1&#32;&amp;&amp;&#32;<link linkend="_class_date_1a533843e07c6ac8d19fee9b16f5336ba2">month</link>&#32;&lt;=&#32;12)
00265 &#32;&#32;&#32;&#32;&#32;&#32;{
00266 &#32;&#32;&#32;&#32;&#32;&#32;&#32;&#32;&#32;&#32;&#32;&#32;this-&gt;month&#32;=&#32;<link linkend="_class_date_1a533843e07c6ac8d19fee9b16f5336ba2">month</link>;
00267 &#32;&#32;&#32;&#32;&#32;&#32;}
00268 }
<anchor xml:id="__date_8cpp_source_1l00269"/><link linkend="_class_date_1afd39dbc0dfb19465585b6dcc20ffb206">00269</link> <emphasis role="keywordtype">void</emphasis>&#32;<link linkend="_class_date_1afd39dbc0dfb19465585b6dcc20ffb206">Date::set_year</link>(<emphasis role="keywordtype">int</emphasis>&#32;year)
00270 {
00271 &#32;&#32;&#32;&#32;&#32;&#32;this-&gt;year&#32;=&#32;<link linkend="_class_date_1a3eeced2ed56bc95d56782b9e738db8ea">year</link>;
00272 }
</programlisting></section>
