<?xml version='1.0' encoding='UTF-8' standalone='no'?>
<section xmlns="http://docbook.org/ns/docbook" version="5.0" xmlns:xlink="http://www.w3.org/1999/xlink" xml:id="__date_8h_source">
<title>Date.h</title>
<indexterm><primary>Date.h</primary></indexterm>
<programlisting>00001 <emphasis role="preprocessor">#pragma&#32;once</emphasis>
00002 
<anchor xml:id="__date_8h_source_1l00005"/><link linkend="_class_date">00005</link> <emphasis role="keyword">class&#32;</emphasis><link linkend="_class_date">Date</link>
00006 {
00007 <emphasis role="keyword">private</emphasis>:
<anchor xml:id="__date_8h_source_1l00008"/><link linkend="_class_date_1a5b192adcabf2b2871e3f0b76c1ec1601">00008</link> &#32;&#32;&#32;&#32;&#32;&#32;<emphasis role="keywordtype">int</emphasis>&#32;<link linkend="_class_date_1a5b192adcabf2b2871e3f0b76c1ec1601">day</link>;
<anchor xml:id="__date_8h_source_1l00009"/><link linkend="_class_date_1a533843e07c6ac8d19fee9b16f5336ba2">00009</link> &#32;&#32;&#32;&#32;&#32;&#32;<emphasis role="keywordtype">int</emphasis>&#32;<link linkend="_class_date_1a533843e07c6ac8d19fee9b16f5336ba2">month</link>;
<anchor xml:id="__date_8h_source_1l00010"/><link linkend="_class_date_1a3eeced2ed56bc95d56782b9e738db8ea">00010</link> &#32;&#32;&#32;&#32;&#32;&#32;<emphasis role="keywordtype">int</emphasis>&#32;<link linkend="_class_date_1a3eeced2ed56bc95d56782b9e738db8ea">year</link>;
00011 <emphasis role="keyword">public</emphasis>:
00012 &#32;&#32;&#32;&#32;&#32;&#32;<link linkend="_class_date_1a4e59ed4ba66eec61c27460c5d09fa1bd">Date</link>();
00013 &#32;&#32;&#32;&#32;&#32;&#32;<link linkend="_class_date_1a4e59ed4ba66eec61c27460c5d09fa1bd">Date</link>(<emphasis role="keywordtype">int</emphasis>&#32;<link linkend="_class_date_1a5b192adcabf2b2871e3f0b76c1ec1601">day</link>,&#32;<emphasis role="keywordtype">int</emphasis>&#32;<link linkend="_class_date_1a533843e07c6ac8d19fee9b16f5336ba2">month</link>,&#32;<emphasis role="keywordtype">int</emphasis>&#32;<link linkend="_class_date_1a3eeced2ed56bc95d56782b9e738db8ea">year</link>);
00014 
00015 &#32;&#32;&#32;&#32;&#32;&#32;<link linkend="_class_date">Date</link>&amp;&#32;<link linkend="_class_date_1afbed03b8e5f81cc205b4b183465e8115">operator=</link>(<emphasis role="keyword">const</emphasis>&#32;<link linkend="_class_date">Date</link>&amp;&#32;other);
00016 &#32;&#32;&#32;&#32;&#32;&#32;<emphasis role="keywordtype">bool</emphasis>&#32;<link linkend="_class_date_1ab5b9f0682e6285af51521159e7b65fdc">operator==</link>(<emphasis role="keyword">const</emphasis>&#32;<link linkend="_class_date">Date</link>&amp;&#32;other);
00017 &#32;&#32;&#32;&#32;&#32;&#32;<emphasis role="keywordtype">bool</emphasis>&#32;<link linkend="_class_date_1a2d9cc2faa8fedf1cc29d078c8c330424">operator!=</link>(<emphasis role="keyword">const</emphasis>&#32;<link linkend="_class_date">Date</link>&amp;&#32;other);
00018 &#32;&#32;&#32;&#32;&#32;&#32;<emphasis role="keywordtype">bool</emphasis>&#32;<link linkend="_class_date_1ab45910c75ae7ac2ae79b138730007882">operator&lt;</link>(<emphasis role="keyword">const</emphasis>&#32;<link linkend="_class_date">Date</link>&amp;&#32;other);
00019 &#32;&#32;&#32;&#32;&#32;&#32;<emphasis role="keywordtype">bool</emphasis>&#32;<link linkend="_class_date_1ab6ee13b33bb48680f1b0afa819ec178a">operator&gt;</link>(<emphasis role="keyword">const</emphasis>&#32;<link linkend="_class_date">Date</link>&amp;&#32;other);
00020 &#32;&#32;&#32;&#32;&#32;&#32;<emphasis role="keywordtype">bool</emphasis>&#32;<link linkend="_class_date_1a532290fc786f617aa5d5f55cd2159298">operator&lt;=</link>(<emphasis role="keyword">const</emphasis>&#32;<link linkend="_class_date">Date</link>&amp;&#32;other);
00021 &#32;&#32;&#32;&#32;&#32;&#32;<emphasis role="keywordtype">bool</emphasis>&#32;<link linkend="_class_date_1aa383aca21b89372e5ac8cdd0eb20daf6">operator&gt;=</link>(<emphasis role="keyword">const</emphasis>&#32;<link linkend="_class_date">Date</link>&amp;&#32;other);
00022 
00023 &#32;&#32;&#32;&#32;&#32;&#32;<emphasis role="keywordtype">int</emphasis>&#32;<link linkend="_class_date_1a86208bd42da6587c4b45ed93d688d483">get_day</link>()&#32;<emphasis role="keyword">const</emphasis>;
00024 &#32;&#32;&#32;&#32;&#32;&#32;<emphasis role="keywordtype">int</emphasis>&#32;<link linkend="_class_date_1a89ae60bad421600e3ee901eb0df44975">get_month</link>()&#32;<emphasis role="keyword">const</emphasis>;
00025 &#32;&#32;&#32;&#32;&#32;&#32;<emphasis role="keywordtype">int</emphasis>&#32;<link linkend="_class_date_1a9e77e9f49890449fea9aeb8114da95ff">get_year</link>()&#32;<emphasis role="keyword">const</emphasis>;
00026 &#32;&#32;&#32;&#32;&#32;&#32;<emphasis role="keywordtype">void</emphasis>&#32;<link linkend="_class_date_1a38368873510ede78cdf2b95d94ed5184">set_day</link>(<emphasis role="keywordtype">int</emphasis>&#32;<link linkend="_class_date_1a5b192adcabf2b2871e3f0b76c1ec1601">day</link>);
00027 &#32;&#32;&#32;&#32;&#32;&#32;<emphasis role="keywordtype">void</emphasis>&#32;<link linkend="_class_date_1af646936426b1ae00cf60eeb36003a397">set_month</link>(<emphasis role="keywordtype">int</emphasis>&#32;<link linkend="_class_date_1a533843e07c6ac8d19fee9b16f5336ba2">month</link>);
00028 &#32;&#32;&#32;&#32;&#32;&#32;<emphasis role="keywordtype">void</emphasis>&#32;<link linkend="_class_date_1afd39dbc0dfb19465585b6dcc20ffb206">set_year</link>(<emphasis role="keywordtype">int</emphasis>&#32;<link linkend="_class_date_1a3eeced2ed56bc95d56782b9e738db8ea">year</link>);
00029 };
00030 
00031 
00032 
</programlisting></section>
