<?xml version='1.0' encoding='UTF-8' standalone='no'?>
<section xmlns="http://docbook.org/ns/docbook" version="5.0" xmlns:xlink="http://www.w3.org/1999/xlink" xml:id="__hotel_8h">
<title>Hotel.h File Reference</title>
<indexterm><primary>Hotel.h</primary></indexterm>
<programlisting>#include &quot;Room.h&quot;
#include &lt;iostream&gt;
#include &lt;vector&gt;
</programlisting><simplesect>
    <title>Classes    </title>
        <itemizedlist>
            <listitem><para>class <link linkend="_class_hotel">Hotel</link></para>
</listitem>
        </itemizedlist>
</simplesect>
</section>
