<?xml version='1.0' encoding='UTF-8' standalone='no'?>
<section xmlns="http://docbook.org/ns/docbook" version="5.0" xmlns:xlink="http://www.w3.org/1999/xlink" xml:id="__hotel_8h_source">
<title>Hotel.h</title>
<indexterm><primary>Hotel.h</primary></indexterm>
<programlisting>00001 <emphasis role="preprocessor">#pragma&#32;once</emphasis>
00002 <emphasis role="preprocessor">#include&#32;&quot;<link linkend="__room_8h">Room.h</link>&quot;</emphasis>
00003 <emphasis role="preprocessor">#include&lt;iostream&gt;</emphasis>
00004 <emphasis role="preprocessor">#include&lt;vector&gt;</emphasis>
00005 
<anchor xml:id="__hotel_8h_source_1l00009"/><link linkend="_class_hotel">00009</link> <emphasis role="keyword">class&#32;</emphasis><link linkend="_class_hotel">Hotel</link>
00010 {
00011 <emphasis role="keyword">private</emphasis>:
<anchor xml:id="__hotel_8h_source_1l00012"/><link linkend="_class_hotel_1a16da8c14e35900d8455c97e6dd62b0fc">00012</link> &#32;&#32;&#32;&#32;&#32;&#32;std::vector&lt;Room&gt;&#32;<link linkend="_class_hotel_1a16da8c14e35900d8455c97e6dd62b0fc">rooms</link>;
00013 
<anchor xml:id="__hotel_8h_source_1l00015"/><link linkend="_class_hotel_1aa32ea42a80c8af601b69d84056b7d6d3">00015</link> &#32;&#32;&#32;&#32;&#32;&#32;<emphasis role="keywordtype">void</emphasis>&#32;<link linkend="_class_hotel_1aa32ea42a80c8af601b69d84056b7d6d3">sortRoomsByBedCount</link>(std::vector&lt;Room&gt;&#32;<link linkend="_class_hotel_1a16da8c14e35900d8455c97e6dd62b0fc">rooms</link>)
00016 &#32;&#32;&#32;&#32;&#32;&#32;{
00017 &#32;&#32;&#32;&#32;&#32;&#32;&#32;&#32;&#32;&#32;&#32;&#32;<emphasis role="keywordtype">size_t</emphasis>&#32;i,&#32;j;
00018 &#32;&#32;&#32;&#32;&#32;&#32;&#32;&#32;&#32;&#32;&#32;&#32;<emphasis role="keywordflow">for</emphasis>&#32;(i&#32;=&#32;0;&#32;i&#32;&lt;&#32;this-&gt;rooms.size()&#32;-&#32;1;&#32;i++)
00019 &#32;&#32;&#32;&#32;&#32;&#32;&#32;&#32;&#32;&#32;&#32;&#32;{
00020 &#32;&#32;&#32;&#32;&#32;&#32;&#32;&#32;&#32;&#32;&#32;&#32;&#32;&#32;&#32;&#32;&#32;&#32;<emphasis role="keywordflow">for</emphasis>&#32;(j&#32;=&#32;0;&#32;j&#32;&lt;&#32;this-&gt;rooms.size()&#32;-&#32;i&#32;-&#32;1;&#32;j++)
00021 &#32;&#32;&#32;&#32;&#32;&#32;&#32;&#32;&#32;&#32;&#32;&#32;&#32;&#32;&#32;&#32;&#32;&#32;{
00022 &#32;&#32;&#32;&#32;&#32;&#32;&#32;&#32;&#32;&#32;&#32;&#32;&#32;&#32;&#32;&#32;&#32;&#32;&#32;&#32;&#32;&#32;&#32;&#32;<emphasis role="keywordflow">if</emphasis>&#32;(<link linkend="_class_hotel_1a16da8c14e35900d8455c97e6dd62b0fc">rooms</link>[j].get_bedCount()&#32;&gt;&#32;<link linkend="_class_hotel_1a16da8c14e35900d8455c97e6dd62b0fc">rooms</link>[j&#32;+&#32;1].get_bedCount())
00023 &#32;&#32;&#32;&#32;&#32;&#32;&#32;&#32;&#32;&#32;&#32;&#32;&#32;&#32;&#32;&#32;&#32;&#32;&#32;&#32;&#32;&#32;&#32;&#32;{
00024 &#32;&#32;&#32;&#32;&#32;&#32;&#32;&#32;&#32;&#32;&#32;&#32;&#32;&#32;&#32;&#32;&#32;&#32;&#32;&#32;&#32;&#32;&#32;&#32;&#32;&#32;&#32;&#32;&#32;&#32;<link linkend="_class_room">Room</link>&#32;temp&#32;=&#32;<link linkend="_class_hotel_1a16da8c14e35900d8455c97e6dd62b0fc">rooms</link>[j];
00025 &#32;&#32;&#32;&#32;&#32;&#32;&#32;&#32;&#32;&#32;&#32;&#32;&#32;&#32;&#32;&#32;&#32;&#32;&#32;&#32;&#32;&#32;&#32;&#32;&#32;&#32;&#32;&#32;&#32;&#32;<link linkend="_class_hotel_1a16da8c14e35900d8455c97e6dd62b0fc">rooms</link>[j]&#32;=&#32;<link linkend="_class_hotel_1a16da8c14e35900d8455c97e6dd62b0fc">rooms</link>[j&#32;+&#32;1];
00026 &#32;&#32;&#32;&#32;&#32;&#32;&#32;&#32;&#32;&#32;&#32;&#32;&#32;&#32;&#32;&#32;&#32;&#32;&#32;&#32;&#32;&#32;&#32;&#32;&#32;&#32;&#32;&#32;&#32;&#32;<link linkend="_class_hotel_1a16da8c14e35900d8455c97e6dd62b0fc">rooms</link>[j&#32;+&#32;1]&#32;=&#32;temp;
00027 &#32;&#32;&#32;&#32;&#32;&#32;&#32;&#32;&#32;&#32;&#32;&#32;&#32;&#32;&#32;&#32;&#32;&#32;&#32;&#32;&#32;&#32;&#32;&#32;}
00028 &#32;&#32;&#32;&#32;&#32;&#32;&#32;&#32;&#32;&#32;&#32;&#32;&#32;&#32;&#32;&#32;&#32;&#32;}&#32;&#32;&#32;&#32;&#32;&#32;&#32;&#32;&#32;&#32;&#32;&#32;&#32;&#32;&#32;&#32;&#32;
00029 &#32;&#32;&#32;&#32;&#32;&#32;&#32;&#32;&#32;&#32;&#32;&#32;}
00030 
00031 &#32;&#32;&#32;&#32;&#32;&#32;&#32;&#32;&#32;&#32;&#32;&#32;this-&gt;rooms&#32;=&#32;<link linkend="_class_hotel_1a16da8c14e35900d8455c97e6dd62b0fc">rooms</link>;
00032 &#32;&#32;&#32;&#32;&#32;&#32;}
<anchor xml:id="__hotel_8h_source_1l00034"/><link linkend="_class_hotel_1a571420ca46d238c52737a19a9344fbfc">00034</link> &#32;&#32;&#32;&#32;&#32;&#32;<emphasis role="keywordtype">bool</emphasis>&#32;<link linkend="_class_hotel_1a571420ca46d238c52737a19a9344fbfc">isFree</link>(<emphasis role="keywordtype">int</emphasis>&#32;index,&#32;<emphasis role="keyword">const</emphasis>&#32;<link linkend="_class_date">Date</link>&#32;&amp;startingDate,&#32;<emphasis role="keyword">const</emphasis>&#32;<link linkend="_class_date">Date</link>&#32;&amp;endDate)
00035 &#32;&#32;&#32;&#32;&#32;&#32;{
00036 &#32;&#32;&#32;&#32;&#32;&#32;&#32;&#32;&#32;&#32;&#32;&#32;<link linkend="_class_date">Date</link>&#32;roomStartingDate&#32;=&#32;this-&gt;rooms[index].get_startDate();
00037 &#32;&#32;&#32;&#32;&#32;&#32;&#32;&#32;&#32;&#32;&#32;&#32;<link linkend="_class_date">Date</link>&#32;roomEndDate&#32;=&#32;this-&gt;rooms[index].get_endDate();
00038 
00039 &#32;&#32;&#32;&#32;&#32;&#32;&#32;&#32;&#32;&#32;&#32;&#32;<emphasis role="keywordflow">if</emphasis>&#32;(roomStartingDate&#32;&lt;=&#32;startingDate&#32;&amp;&amp;&#32;roomEndDate&#32;&gt;=&#32;endDate)
00040 &#32;&#32;&#32;&#32;&#32;&#32;&#32;&#32;&#32;&#32;&#32;&#32;{
00041 &#32;&#32;&#32;&#32;&#32;&#32;&#32;&#32;&#32;&#32;&#32;&#32;&#32;&#32;&#32;&#32;&#32;&#32;<emphasis role="keywordflow">return</emphasis>&#32;<emphasis role="keyword">false</emphasis>;
00042 &#32;&#32;&#32;&#32;&#32;&#32;&#32;&#32;&#32;&#32;&#32;&#32;}
00043 &#32;&#32;&#32;&#32;&#32;&#32;&#32;&#32;&#32;&#32;&#32;&#32;<emphasis role="keywordflow">else</emphasis>&#32;<emphasis role="keywordflow">if</emphasis>&#32;(roomStartingDate&#32;&lt;=&#32;startingDate&#32;&amp;&amp;&#32;roomEndDate&#32;&gt;=&#32;startingDate&#32;&amp;&amp;&#32;roomEndDate&#32;&lt;&#32;endDate)
00044 &#32;&#32;&#32;&#32;&#32;&#32;&#32;&#32;&#32;&#32;&#32;&#32;{
00045 &#32;&#32;&#32;&#32;&#32;&#32;&#32;&#32;&#32;&#32;&#32;&#32;&#32;&#32;&#32;&#32;&#32;&#32;<emphasis role="keywordflow">return</emphasis>&#32;<emphasis role="keyword">false</emphasis>;
00046 &#32;&#32;&#32;&#32;&#32;&#32;&#32;&#32;&#32;&#32;&#32;&#32;}
00047 &#32;&#32;&#32;&#32;&#32;&#32;&#32;&#32;&#32;&#32;&#32;&#32;<emphasis role="keywordflow">else</emphasis>&#32;<emphasis role="keywordflow">if</emphasis>&#32;(roomStartingDate&#32;&gt;&#32;startingDate&#32;&amp;&amp;&#32;roomStartingDate&#32;&lt;=&#32;endDate&#32;&amp;&amp;&#32;roomEndDate&#32;&gt;=&#32;endDate)
00048 &#32;&#32;&#32;&#32;&#32;&#32;&#32;&#32;&#32;&#32;&#32;&#32;{
00049 &#32;&#32;&#32;&#32;&#32;&#32;&#32;&#32;&#32;&#32;&#32;&#32;&#32;&#32;&#32;&#32;&#32;&#32;<emphasis role="keywordflow">return</emphasis>&#32;<emphasis role="keyword">false</emphasis>;
00050 &#32;&#32;&#32;&#32;&#32;&#32;&#32;&#32;&#32;&#32;&#32;&#32;}
00051 &#32;&#32;&#32;&#32;&#32;&#32;&#32;&#32;&#32;&#32;&#32;&#32;<emphasis role="keywordflow">return</emphasis>&#32;<emphasis role="keyword">true</emphasis>;
00052 
00053 &#32;&#32;&#32;&#32;&#32;&#32;}
<anchor xml:id="__hotel_8h_source_1l00055"/><link linkend="_class_hotel_1ab110fbdc0a4a56f963e6e215dfe83201">00055</link> &#32;&#32;&#32;&#32;&#32;&#32;<emphasis role="keywordtype">int</emphasis>&#32;<link linkend="_class_hotel_1ab110fbdc0a4a56f963e6e215dfe83201">countLeapYears</link>(<emphasis role="keyword">const</emphasis>&#32;<link linkend="_class_date">Date</link>&#32;&amp;d)
00056 &#32;&#32;&#32;&#32;&#32;&#32;{
00057 &#32;&#32;&#32;&#32;&#32;&#32;&#32;&#32;&#32;&#32;&#32;&#32;<emphasis role="keywordtype">int</emphasis>&#32;years&#32;=&#32;d.<link linkend="_class_date_1a9e77e9f49890449fea9aeb8114da95ff">get_year</link>();
00058 
00059 &#32;&#32;&#32;&#32;&#32;&#32;&#32;&#32;&#32;&#32;&#32;&#32;<emphasis role="keywordflow">if</emphasis>&#32;(d.<link linkend="_class_date_1a89ae60bad421600e3ee901eb0df44975">get_month</link>()&#32;&lt;=&#32;2)
00060 &#32;&#32;&#32;&#32;&#32;&#32;&#32;&#32;&#32;&#32;&#32;&#32;{
00061 &#32;&#32;&#32;&#32;&#32;&#32;&#32;&#32;&#32;&#32;&#32;&#32;&#32;&#32;&#32;&#32;&#32;&#32;years--;
00062 &#32;&#32;&#32;&#32;&#32;&#32;&#32;&#32;&#32;&#32;&#32;&#32;}
00063 
00064 &#32;&#32;&#32;&#32;&#32;&#32;&#32;&#32;&#32;&#32;&#32;&#32;<emphasis role="keywordflow">return</emphasis>&#32;years&#32;/&#32;4&#32;-&#32;years&#32;/&#32;100&#32;+&#32;years&#32;/&#32;400;
00065 &#32;&#32;&#32;&#32;&#32;&#32;}
<anchor xml:id="__hotel_8h_source_1l00067"/><link linkend="_class_hotel_1a330f7b11dd6825eaa9aceb0c1c5aa351">00067</link> &#32;&#32;&#32;&#32;&#32;&#32;<emphasis role="keywordtype">int</emphasis>&#32;<link linkend="_class_hotel_1a330f7b11dd6825eaa9aceb0c1c5aa351">daysBetweenTwoDates</link>(<emphasis role="keyword">const</emphasis>&#32;<link linkend="_class_date">Date</link>&#32;&amp;firstDate,<emphasis role="keyword">const</emphasis>&#32;<link linkend="_class_date">Date</link>&#32;&amp;secondDate)
00068 &#32;&#32;&#32;&#32;&#32;&#32;{
00069 &#32;&#32;&#32;&#32;&#32;&#32;&#32;&#32;&#32;&#32;&#32;&#32;<emphasis role="keyword">const</emphasis>&#32;<emphasis role="keywordtype">int</emphasis>&#32;monthDays[12]&#32;=&#32;{&#32;31,&#32;28,&#32;31,&#32;30,&#32;31,&#32;30,
00070 &#32;&#32;&#32;&#32;&#32;&#32;&#32;&#32;&#32;&#32;&#32;&#32;&#32;&#32;&#32;&#32;&#32;&#32;&#32;&#32;&#32;&#32;&#32;&#32;&#32;&#32;&#32;&#32;&#32;&#32;&#32;&#32;&#32;&#32;&#32;&#32;&#32;&#32;&#32;&#32;&#32;&#32;&#32;&#32;&#32;&#32;&#32;&#32;&#32;&#32;&#32;&#32;&#32;&#32;31,&#32;31,&#32;30,&#32;31,&#32;30,&#32;31&#32;};
00071 
00072 &#32;&#32;&#32;&#32;&#32;&#32;&#32;&#32;&#32;&#32;&#32;&#32;<emphasis role="keywordtype">long</emphasis>&#32;<emphasis role="keywordtype">int</emphasis>&#32;n1&#32;=&#32;firstDate.<link linkend="_class_date_1a9e77e9f49890449fea9aeb8114da95ff">get_year</link>()&#32;*&#32;365&#32;+&#32;firstDate.<link linkend="_class_date_1a86208bd42da6587c4b45ed93d688d483">get_day</link>();
00073 &#32;&#32;&#32;&#32;&#32;&#32;&#32;&#32;&#32;&#32;&#32;&#32;<emphasis role="keywordflow">for</emphasis>&#32;(<emphasis role="keywordtype">int</emphasis>&#32;i&#32;=&#32;0;&#32;i&#32;&lt;&#32;firstDate.<link linkend="_class_date_1a89ae60bad421600e3ee901eb0df44975">get_month</link>()&#32;-&#32;1;&#32;i++)
00074 &#32;&#32;&#32;&#32;&#32;&#32;&#32;&#32;&#32;&#32;&#32;&#32;{
00075 &#32;&#32;&#32;&#32;&#32;&#32;&#32;&#32;&#32;&#32;&#32;&#32;&#32;&#32;&#32;&#32;&#32;&#32;n1&#32;+=&#32;monthDays[i];
00076 &#32;&#32;&#32;&#32;&#32;&#32;&#32;&#32;&#32;&#32;&#32;&#32;}
00077 &#32;&#32;&#32;&#32;&#32;&#32;&#32;&#32;&#32;&#32;&#32;&#32;n1&#32;+=&#32;<link linkend="_class_hotel_1ab110fbdc0a4a56f963e6e215dfe83201">countLeapYears</link>(firstDate);
00078 
00079 &#32;&#32;&#32;&#32;&#32;&#32;&#32;&#32;&#32;&#32;&#32;&#32;<emphasis role="keywordtype">long</emphasis>&#32;<emphasis role="keywordtype">int</emphasis>&#32;n2&#32;=&#32;secondDate.<link linkend="_class_date_1a9e77e9f49890449fea9aeb8114da95ff">get_year</link>()&#32;*&#32;365&#32;+&#32;secondDate.<link linkend="_class_date_1a86208bd42da6587c4b45ed93d688d483">get_day</link>();
00080 &#32;&#32;&#32;&#32;&#32;&#32;&#32;&#32;&#32;&#32;&#32;&#32;<emphasis role="keywordflow">for</emphasis>&#32;(<emphasis role="keywordtype">int</emphasis>&#32;i&#32;=&#32;0;&#32;i&#32;&lt;&#32;secondDate.<link linkend="_class_date_1a89ae60bad421600e3ee901eb0df44975">get_month</link>()&#32;-&#32;1;&#32;i++)
00081 &#32;&#32;&#32;&#32;&#32;&#32;&#32;&#32;&#32;&#32;&#32;&#32;{
00082 &#32;&#32;&#32;&#32;&#32;&#32;&#32;&#32;&#32;&#32;&#32;&#32;&#32;&#32;&#32;&#32;&#32;&#32;n2&#32;+=&#32;monthDays[i];
00083 &#32;&#32;&#32;&#32;&#32;&#32;&#32;&#32;&#32;&#32;&#32;&#32;}
00084 &#32;&#32;&#32;&#32;&#32;&#32;&#32;&#32;&#32;&#32;&#32;&#32;n2&#32;+=&#32;<link linkend="_class_hotel_1ab110fbdc0a4a56f963e6e215dfe83201">countLeapYears</link>(secondDate);
00085 
00086 &#32;&#32;&#32;&#32;&#32;&#32;&#32;&#32;&#32;&#32;&#32;&#32;<emphasis role="keywordflow">return</emphasis>&#32;(n2&#32;-&#32;n1);
00087 &#32;&#32;&#32;&#32;&#32;&#32;}
00088 <emphasis role="keyword">public</emphasis>:
00089 &#32;&#32;&#32;&#32;&#32;&#32;<link linkend="_class_hotel_1a59cc2c3a373abece5a25d730524be2f0">Hotel</link>();
00090 &#32;&#32;&#32;&#32;&#32;&#32;
00091 &#32;&#32;&#32;&#32;&#32;&#32;<emphasis role="keywordtype">void</emphasis>&#32;<link linkend="_class_hotel_1a1fc874696b0e47026a86845785d97b22">add_room</link>(<emphasis role="keyword">const</emphasis>&#32;<link linkend="_class_room">Room</link>&#32;&amp;room);
00092 &#32;&#32;&#32;&#32;&#32;&#32;<emphasis role="keywordtype">void</emphasis>&#32;<link linkend="_class_hotel_1a6d5e124cd850b5351cc64e480cea2e3b">checkin</link>(<emphasis role="keywordtype">int</emphasis>&#32;room,&#32;<emphasis role="keyword">const</emphasis>&#32;<link linkend="_class_date">Date</link>&#32;&amp;startingDate,&#32;<emphasis role="keyword">const</emphasis>&#32;<link linkend="_class_date">Date</link>&#32;&amp;endDate,<emphasis role="keyword">const</emphasis>&#32;std::string&#32;&amp;guests);
00093 &#32;&#32;&#32;&#32;&#32;&#32;<emphasis role="keywordtype">void</emphasis>&#32;<link linkend="_class_hotel_1ac082f1210d6893bad0da55aa00edfce7">availability</link>(<link linkend="_class_date">Date</link>&#32;&amp;date);
00094 &#32;&#32;&#32;&#32;&#32;&#32;<emphasis role="keywordtype">void</emphasis>&#32;<link linkend="_class_hotel_1a84edb71bffeec4ea16db39ba600dc46f">checkout</link>(<emphasis role="keywordtype">int</emphasis>&#32;<link linkend="_class_hotel_1a16da8c14e35900d8455c97e6dd62b0fc">rooms</link>);
00095 &#32;&#32;&#32;&#32;&#32;&#32;<emphasis role="keywordtype">void</emphasis>&#32;<link linkend="_class_hotel_1ad171c1a2aa955c10b16be3222b3b5602">report</link>(<link linkend="_class_date">Date</link>&#32;&amp;startingDate,&#32;<link linkend="_class_date">Date</link>&#32;&amp;endDate);
00096 &#32;&#32;&#32;&#32;&#32;&#32;<emphasis role="keywordtype">void</emphasis>&#32;<link linkend="_class_hotel_1a0e643c11bdbceb831df7f067d5e80d78">find</link>(<emphasis role="keywordtype">int</emphasis>&#32;beds,&#32;<emphasis role="keyword">const</emphasis>&#32;<link linkend="_class_date">Date</link>&#32;&amp;startingDate,&#32;<emphasis role="keyword">const</emphasis>&#32;<link linkend="_class_date">Date</link>&#32;&amp;endDate);
00097 &#32;&#32;&#32;&#32;&#32;&#32;<emphasis role="keywordtype">void</emphasis>&#32;<link linkend="_class_hotel_1abff6901218c96643e4cdfad7e232f208">VIP_find</link>(<emphasis role="keywordtype">int</emphasis>&#32;beds,&#32;<emphasis role="keyword">const</emphasis>&#32;<link linkend="_class_date">Date</link>&#32;&amp;startingDate,&#32;<emphasis role="keyword">const</emphasis>&#32;<link linkend="_class_date">Date</link>&#32;&amp;endDate);
00098 &#32;&#32;&#32;&#32;&#32;&#32;<emphasis role="keywordtype">void</emphasis>&#32;<link linkend="_class_hotel_1a0ae20bdccac171bd43f1c24e5687c645">unavailable</link>(<emphasis role="keywordtype">int</emphasis>&#32;room,&#32;<emphasis role="keyword">const</emphasis>&#32;<link linkend="_class_date">Date</link>&#32;&amp;startingDate,&#32;<emphasis role="keyword">const</emphasis>&#32;<link linkend="_class_date">Date</link>&#32;&amp;endDate,&#32;<emphasis role="keyword">const</emphasis>&#32;std::string&#32;&amp;note);
00099 &#32;&#32;&#32;&#32;&#32;&#32;<emphasis role="keywordtype">void</emphasis>&#32;<link linkend="_class_hotel_1ae53b1ad03b24d52c98e47f296da07196">print</link>(std::ofstream&#32;&amp;file);
00100 
00101 };
00102 
</programlisting></section>
