<?xml version='1.0' encoding='UTF-8' standalone='no'?>
<section xmlns="http://docbook.org/ns/docbook" version="5.0" xmlns:xlink="http://www.w3.org/1999/xlink" xml:id="__hotel_8cpp_source">
<title>Hotel.cpp</title>
<indexterm><primary>Hotel.cpp</primary></indexterm>
<programlisting>00001 <emphasis role="preprocessor">#include&#32;&quot;<link linkend="_stdafx_8h">stdafx.h</link>&quot;</emphasis>
00002 <emphasis role="preprocessor">#include&#32;&quot;<link linkend="__hotel_8h">Hotel.h</link>&quot;</emphasis>
00003 <emphasis role="preprocessor">#include&lt;iostream&gt;</emphasis>
00004 <emphasis role="preprocessor">#include&lt;fstream&gt;</emphasis>
00005 
<anchor xml:id="__hotel_8cpp_source_1l00007"/><link linkend="_class_hotel_1a59cc2c3a373abece5a25d730524be2f0">00007</link> <link linkend="_class_hotel_1a59cc2c3a373abece5a25d730524be2f0">Hotel::Hotel</link>()&#32;{}
<anchor xml:id="__hotel_8cpp_source_1l00009"/><link linkend="_class_hotel_1a1fc874696b0e47026a86845785d97b22">00009</link> <emphasis role="keywordtype">void</emphasis>&#32;<link linkend="_class_hotel_1a1fc874696b0e47026a86845785d97b22">Hotel::add_room</link>(<emphasis role="keyword">const</emphasis>&#32;<link linkend="_class_room">Room</link>&amp;&#32;room)
00010 {
00011 &#32;&#32;&#32;&#32;&#32;&#32;this-&gt;<link linkend="_class_hotel_1a16da8c14e35900d8455c97e6dd62b0fc">rooms</link>.push_back(room);
00012 }
<anchor xml:id="__hotel_8cpp_source_1l00014"/><link linkend="_class_hotel_1a6d5e124cd850b5351cc64e480cea2e3b">00014</link> <emphasis role="keywordtype">void</emphasis>&#32;<link linkend="_class_hotel_1a6d5e124cd850b5351cc64e480cea2e3b">Hotel::checkin</link>(<emphasis role="keywordtype">int</emphasis>&#32;room,&#32;<emphasis role="keyword">const</emphasis>&#32;<link linkend="_class_date">Date</link>&#32;&amp;startingDate,&#32;<emphasis role="keyword">const</emphasis>&#32;<link linkend="_class_date">Date</link>&#32;&amp;endDate,<emphasis role="keyword">const</emphasis>&#32;std::string&#32;&amp;guests)
00015 {
00016 &#32;&#32;&#32;&#32;&#32;&#32;<emphasis role="keywordflow">for</emphasis>&#32;(<emphasis role="keywordtype">size_t</emphasis>&#32;i&#32;=&#32;0;&#32;i&#32;&lt;&#32;this-&gt;<link linkend="_class_hotel_1a16da8c14e35900d8455c97e6dd62b0fc">rooms</link>.size();&#32;i++)
00017 &#32;&#32;&#32;&#32;&#32;&#32;{
00018 &#32;&#32;&#32;&#32;&#32;&#32;&#32;&#32;&#32;&#32;&#32;&#32;<emphasis role="keywordflow">if</emphasis>&#32;(this-&gt;<link linkend="_class_hotel_1a16da8c14e35900d8455c97e6dd62b0fc">rooms</link>[i].get_number()&#32;==&#32;room)
00019 &#32;&#32;&#32;&#32;&#32;&#32;&#32;&#32;&#32;&#32;&#32;&#32;{
00020 &#32;&#32;&#32;&#32;&#32;&#32;&#32;&#32;&#32;&#32;&#32;&#32;&#32;&#32;&#32;&#32;&#32;&#32;<emphasis role="keywordflow">if</emphasis>&#32;(this-&gt;<link linkend="_class_hotel_1a571420ca46d238c52737a19a9344fbfc">isFree</link>(i,&#32;startingDate,&#32;endDate))&#32;
00021 &#32;&#32;&#32;&#32;&#32;&#32;&#32;&#32;&#32;&#32;&#32;&#32;&#32;&#32;&#32;&#32;&#32;&#32;{
00022 &#32;&#32;&#32;&#32;&#32;&#32;&#32;&#32;&#32;&#32;&#32;&#32;&#32;&#32;&#32;&#32;&#32;&#32;&#32;&#32;&#32;&#32;&#32;&#32;this-&gt;<link linkend="_class_hotel_1a16da8c14e35900d8455c97e6dd62b0fc">rooms</link>[i].set_startDate(startingDate);
00023 &#32;&#32;&#32;&#32;&#32;&#32;&#32;&#32;&#32;&#32;&#32;&#32;&#32;&#32;&#32;&#32;&#32;&#32;&#32;&#32;&#32;&#32;&#32;&#32;this-&gt;<link linkend="_class_hotel_1a16da8c14e35900d8455c97e6dd62b0fc">rooms</link>[i].set_endDate(endDate);
00025 &#32;&#32;&#32;&#32;&#32;&#32;&#32;&#32;&#32;&#32;&#32;&#32;&#32;&#32;&#32;&#32;&#32;&#32;&#32;&#32;&#32;&#32;&#32;&#32;this-&gt;<link linkend="_class_hotel_1a16da8c14e35900d8455c97e6dd62b0fc">rooms</link>[i].set_guest(guests);
00026 &#32;&#32;&#32;&#32;&#32;&#32;&#32;&#32;&#32;&#32;&#32;&#32;&#32;&#32;&#32;&#32;&#32;&#32;}
00027 &#32;&#32;&#32;&#32;&#32;&#32;&#32;&#32;&#32;&#32;&#32;&#32;}
00028 &#32;&#32;&#32;&#32;&#32;&#32;}
00029 }
<anchor xml:id="__hotel_8cpp_source_1l00031"/><link linkend="_class_hotel_1ac082f1210d6893bad0da55aa00edfce7">00031</link> <emphasis role="keywordtype">void</emphasis>&#32;<link linkend="_class_hotel_1ac082f1210d6893bad0da55aa00edfce7">Hotel::availability</link>(<link linkend="_class_date">Date</link>&#32;&amp;date)
00032 {
00033 &#32;&#32;&#32;&#32;&#32;&#32;<emphasis role="keywordflow">for</emphasis>&#32;(<emphasis role="keywordtype">size_t</emphasis>&#32;i&#32;=&#32;0;&#32;i&#32;&lt;&#32;this-&gt;<link linkend="_class_hotel_1a16da8c14e35900d8455c97e6dd62b0fc">rooms</link>.size();&#32;i++)
00034 &#32;&#32;&#32;&#32;&#32;&#32;{&#32;&#32;&#32;&#32;&#32;&#32;&#32;&#32;&#32;&#32;&#32;&#32;&#32;&#32;&#32;&#32;&#32;
00035 &#32;&#32;&#32;&#32;&#32;&#32;&#32;&#32;&#32;&#32;&#32;&#32;<link linkend="_class_date">Date</link>&#32;roomStartingDate&#32;=&#32;this-&gt;<link linkend="_class_hotel_1a16da8c14e35900d8455c97e6dd62b0fc">rooms</link>[i].get_startDate();
00036 &#32;&#32;&#32;&#32;&#32;&#32;&#32;&#32;&#32;&#32;&#32;&#32;<link linkend="_class_date">Date</link>&#32;roomEndDate&#32;=&#32;this-&gt;<link linkend="_class_hotel_1a16da8c14e35900d8455c97e6dd62b0fc">rooms</link>[i].get_endDate();
00037 
00038 &#32;&#32;&#32;&#32;&#32;&#32;&#32;&#32;&#32;&#32;&#32;&#32;<emphasis role="keywordflow">if</emphasis>&#32;(date&#32;&lt;&#32;roomStartingDate&#32;||&#32;date&#32;&gt;&#32;roomEndDate)
00039 &#32;&#32;&#32;&#32;&#32;&#32;&#32;&#32;&#32;&#32;&#32;&#32;{
00040 &#32;&#32;&#32;&#32;&#32;&#32;&#32;&#32;&#32;&#32;&#32;&#32;&#32;&#32;&#32;&#32;&#32;&#32;std::cout&#32;&lt;&lt;&#32;this-&gt;<link linkend="_class_hotel_1a16da8c14e35900d8455c97e6dd62b0fc">rooms</link>[i].get_number()&#32;&lt;&lt;&#32;std::endl;
00041 &#32;&#32;&#32;&#32;&#32;&#32;&#32;&#32;&#32;&#32;&#32;&#32;&#32;&#32;&#32;&#32;&#32;&#32;std::cout&#32;&lt;&lt;&#32;this-&gt;<link linkend="_class_hotel_1a16da8c14e35900d8455c97e6dd62b0fc">rooms</link>[i].get_bedCount()&#32;&lt;&lt;&#32;std::endl;
00042 &#32;&#32;&#32;&#32;&#32;&#32;&#32;&#32;&#32;&#32;&#32;&#32;&#32;&#32;&#32;&#32;&#32;&#32;std::cout&#32;&lt;&lt;&#32;std::endl;
00043 &#32;&#32;&#32;&#32;&#32;&#32;&#32;&#32;&#32;&#32;&#32;&#32;}
00044 &#32;&#32;&#32;&#32;&#32;&#32;}
00045 }
<anchor xml:id="__hotel_8cpp_source_1l00047"/><link linkend="_class_hotel_1a84edb71bffeec4ea16db39ba600dc46f">00047</link> <emphasis role="keywordtype">void</emphasis>&#32;<link linkend="_class_hotel_1a84edb71bffeec4ea16db39ba600dc46f">Hotel::checkout</link>(<emphasis role="keywordtype">int</emphasis>&#32;room)
00048 {
00049 &#32;&#32;&#32;&#32;&#32;&#32;<link linkend="_class_date">Date</link>&#32;baseDate;
00050 &#32;&#32;&#32;&#32;&#32;&#32;<emphasis role="keywordflow">for</emphasis>&#32;(<emphasis role="keywordtype">size_t</emphasis>&#32;i&#32;=&#32;0;&#32;i&#32;&lt;&#32;this-&gt;<link linkend="_class_hotel_1a16da8c14e35900d8455c97e6dd62b0fc">rooms</link>.size();&#32;i++)
00051 &#32;&#32;&#32;&#32;&#32;&#32;{
00052 &#32;&#32;&#32;&#32;&#32;&#32;&#32;&#32;&#32;&#32;&#32;&#32;<emphasis role="keywordflow">if</emphasis>&#32;(this-&gt;<link linkend="_class_hotel_1a16da8c14e35900d8455c97e6dd62b0fc">rooms</link>[i].get_number()&#32;==&#32;room)
00053 &#32;&#32;&#32;&#32;&#32;&#32;&#32;&#32;&#32;&#32;&#32;&#32;{
00054 &#32;&#32;&#32;&#32;&#32;&#32;&#32;&#32;&#32;&#32;&#32;&#32;&#32;&#32;&#32;&#32;&#32;&#32;this-&gt;<link linkend="_class_hotel_1a16da8c14e35900d8455c97e6dd62b0fc">rooms</link>[i].set_startDate(baseDate);
00055 &#32;&#32;&#32;&#32;&#32;&#32;&#32;&#32;&#32;&#32;&#32;&#32;&#32;&#32;&#32;&#32;&#32;&#32;this-&gt;<link linkend="_class_hotel_1a16da8c14e35900d8455c97e6dd62b0fc">rooms</link>[i].set_endDate(baseDate);
00056 &#32;&#32;&#32;&#32;&#32;&#32;&#32;&#32;&#32;&#32;&#32;&#32;&#32;&#32;&#32;&#32;&#32;&#32;this-&gt;<link linkend="_class_hotel_1a16da8c14e35900d8455c97e6dd62b0fc">rooms</link>[i].set_guest(<emphasis role="stringliteral">&quot;&quot;</emphasis>);
00057 &#32;&#32;&#32;&#32;&#32;&#32;&#32;&#32;&#32;&#32;&#32;&#32;}
00058 &#32;&#32;&#32;&#32;&#32;&#32;}
00059 }
<anchor xml:id="__hotel_8cpp_source_1l00061"/><link linkend="_class_hotel_1ad171c1a2aa955c10b16be3222b3b5602">00061</link> <emphasis role="keywordtype">void</emphasis>&#32;<link linkend="_class_hotel_1ad171c1a2aa955c10b16be3222b3b5602">Hotel::report</link>(<link linkend="_class_date">Date</link>&#32;&amp;startingDate,&#32;<link linkend="_class_date">Date</link>&#32;&amp;endDate)
00062 {
00063 &#32;&#32;&#32;&#32;&#32;&#32;<emphasis role="keywordflow">for</emphasis>&#32;(<emphasis role="keywordtype">size_t</emphasis>&#32;i&#32;=&#32;0;&#32;i&#32;&lt;&#32;this-&gt;<link linkend="_class_hotel_1a16da8c14e35900d8455c97e6dd62b0fc">rooms</link>.size();&#32;i++)
00064 &#32;&#32;&#32;&#32;&#32;&#32;{
00065 &#32;&#32;&#32;&#32;&#32;&#32;&#32;&#32;&#32;&#32;&#32;&#32;<link linkend="_class_date">Date</link>&#32;roomStartingDate&#32;=&#32;this-&gt;<link linkend="_class_hotel_1a16da8c14e35900d8455c97e6dd62b0fc">rooms</link>[i].get_startDate();
00066 &#32;&#32;&#32;&#32;&#32;&#32;&#32;&#32;&#32;&#32;&#32;&#32;<link linkend="_class_date">Date</link>&#32;roomEndDate&#32;=&#32;this-&gt;<link linkend="_class_hotel_1a16da8c14e35900d8455c97e6dd62b0fc">rooms</link>[i].get_endDate();
00067 
00068 &#32;&#32;&#32;&#32;&#32;&#32;&#32;&#32;&#32;&#32;&#32;&#32;<emphasis role="keywordflow">if</emphasis>&#32;(roomStartingDate&#32;&lt;=&#32;startingDate&#32;&amp;&amp;&#32;endDate&#32;&lt;=&#32;roomEndDate)
00069 &#32;&#32;&#32;&#32;&#32;&#32;&#32;&#32;&#32;&#32;&#32;&#32;{
00070 &#32;&#32;&#32;&#32;&#32;&#32;&#32;&#32;&#32;&#32;&#32;&#32;&#32;&#32;&#32;&#32;&#32;&#32;std::cout&#32;&lt;&lt;&#32;this-&gt;<link linkend="_class_hotel_1a330f7b11dd6825eaa9aceb0c1c5aa351">daysBetweenTwoDates</link>(startingDate,&#32;endDate)&#32;&lt;&lt;&#32;std::endl;
00071 &#32;&#32;&#32;&#32;&#32;&#32;&#32;&#32;&#32;&#32;&#32;&#32;}
00072 &#32;&#32;&#32;&#32;&#32;&#32;&#32;&#32;&#32;&#32;&#32;&#32;<emphasis role="keywordflow">else</emphasis>&#32;<emphasis role="keywordflow">if</emphasis>&#32;(roomStartingDate&#32;&gt;=&#32;startingDate&#32;&amp;&amp;&#32;endDate&#32;&gt;=&#32;roomStartingDate&#32;&amp;&amp;&#32;endDate&#32;&lt;=&#32;roomEndDate)
00073 &#32;&#32;&#32;&#32;&#32;&#32;&#32;&#32;&#32;&#32;&#32;&#32;{
00074 &#32;&#32;&#32;&#32;&#32;&#32;&#32;&#32;&#32;&#32;&#32;&#32;&#32;&#32;&#32;&#32;&#32;&#32;std::cout&#32;&lt;&lt;&#32;this-&gt;<link linkend="_class_hotel_1a330f7b11dd6825eaa9aceb0c1c5aa351">daysBetweenTwoDates</link>(roomStartingDate,&#32;endDate)&#32;&lt;&lt;&#32;std::endl;
00075 &#32;&#32;&#32;&#32;&#32;&#32;&#32;&#32;&#32;&#32;&#32;&#32;}
00076 &#32;&#32;&#32;&#32;&#32;&#32;&#32;&#32;&#32;&#32;&#32;&#32;<emphasis role="keywordflow">else</emphasis>&#32;<emphasis role="keywordflow">if</emphasis>&#32;(roomStartingDate&#32;&gt;=&#32;startingDate&#32;&amp;&amp;&#32;endDate&#32;&gt;=&#32;roomEndDate)
00077 &#32;&#32;&#32;&#32;&#32;&#32;&#32;&#32;&#32;&#32;&#32;&#32;{
00078 &#32;&#32;&#32;&#32;&#32;&#32;&#32;&#32;&#32;&#32;&#32;&#32;&#32;&#32;&#32;&#32;&#32;&#32;std::cout&#32;&lt;&lt;&#32;this-&gt;<link linkend="_class_hotel_1a330f7b11dd6825eaa9aceb0c1c5aa351">daysBetweenTwoDates</link>(roomStartingDate,&#32;roomEndDate)&#32;&lt;&lt;&#32;std::endl;
00079 &#32;&#32;&#32;&#32;&#32;&#32;&#32;&#32;&#32;&#32;&#32;&#32;}
00080 &#32;&#32;&#32;&#32;&#32;&#32;&#32;&#32;&#32;&#32;&#32;&#32;<emphasis role="keywordflow">else</emphasis>&#32;<emphasis role="keywordflow">if</emphasis>&#32;(roomStartingDate&#32;&lt;=&#32;startingDate&#32;&amp;&amp;&#32;startingDate&#32;&lt;=&#32;&#32;roomEndDate&#32;&amp;&amp;&#32;endDate&#32;&gt;&#32;roomEndDate)
00081 &#32;&#32;&#32;&#32;&#32;&#32;&#32;&#32;&#32;&#32;&#32;&#32;{
00082 &#32;&#32;&#32;&#32;&#32;&#32;&#32;&#32;&#32;&#32;&#32;&#32;&#32;&#32;&#32;&#32;&#32;&#32;std::cout&#32;&lt;&lt;&#32;this-&gt;<link linkend="_class_hotel_1a330f7b11dd6825eaa9aceb0c1c5aa351">daysBetweenTwoDates</link>(startingDate,&#32;roomEndDate)&#32;&lt;&lt;&#32;std::endl;
00083 &#32;&#32;&#32;&#32;&#32;&#32;&#32;&#32;&#32;&#32;&#32;&#32;}
00084 &#32;&#32;&#32;&#32;&#32;&#32;&#32;&#32;&#32;&#32;&#32;&#32;<emphasis role="keywordflow">else</emphasis>
00085 &#32;&#32;&#32;&#32;&#32;&#32;&#32;&#32;&#32;&#32;&#32;&#32;{
00086 &#32;&#32;&#32;&#32;&#32;&#32;&#32;&#32;&#32;&#32;&#32;&#32;&#32;&#32;&#32;&#32;&#32;&#32;std::cout&#32;&lt;&lt;&#32;<emphasis role="stringliteral">&quot;Date&#32;not&#32;in&#32;range&quot;</emphasis>&#32;&lt;&lt;&#32;std::endl;
00087 &#32;&#32;&#32;&#32;&#32;&#32;&#32;&#32;&#32;&#32;&#32;&#32;}
00088 &#32;&#32;&#32;&#32;&#32;&#32;}
00089 }
<anchor xml:id="__hotel_8cpp_source_1l00091"/><link linkend="_class_hotel_1a0e643c11bdbceb831df7f067d5e80d78">00091</link> <emphasis role="keywordtype">void</emphasis>&#32;<link linkend="_class_hotel_1a0e643c11bdbceb831df7f067d5e80d78">Hotel::find</link>(<emphasis role="keywordtype">int</emphasis>&#32;beds,&#32;<emphasis role="keyword">const</emphasis>&#32;<link linkend="_class_date">Date</link>&#32;&amp;startingDate,&#32;<emphasis role="keyword">const</emphasis>&#32;<link linkend="_class_date">Date</link>&#32;&amp;endDate)
00092 {
00094 &#32;&#32;&#32;&#32;&#32;&#32;this-&gt;<link linkend="_class_hotel_1aa32ea42a80c8af601b69d84056b7d6d3">sortRoomsByBedCount</link>(this-&gt;<link linkend="_class_hotel_1a16da8c14e35900d8455c97e6dd62b0fc">rooms</link>);
00095 
00096 &#32;&#32;&#32;&#32;&#32;&#32;<emphasis role="keywordflow">for</emphasis>&#32;(<emphasis role="keywordtype">size_t</emphasis>&#32;i&#32;=&#32;0;&#32;i&#32;&lt;&#32;this-&gt;<link linkend="_class_hotel_1a16da8c14e35900d8455c97e6dd62b0fc">rooms</link>.size();&#32;i++)
00097 &#32;&#32;&#32;&#32;&#32;&#32;{
00098 &#32;&#32;&#32;&#32;&#32;&#32;&#32;&#32;&#32;&#32;&#32;&#32;<emphasis role="keywordflow">if</emphasis>&#32;(this-&gt;<link linkend="_class_hotel_1a16da8c14e35900d8455c97e6dd62b0fc">rooms</link>[i].get_bedCount()&#32;&lt;=&#32;beds)
00099 &#32;&#32;&#32;&#32;&#32;&#32;&#32;&#32;&#32;&#32;&#32;&#32;{
00100 &#32;&#32;&#32;&#32;&#32;&#32;&#32;&#32;&#32;&#32;&#32;&#32;&#32;&#32;&#32;&#32;&#32;&#32;<emphasis role="keywordflow">if</emphasis>&#32;(this-&gt;<link linkend="_class_hotel_1a571420ca46d238c52737a19a9344fbfc">isFree</link>(i,&#32;startingDate,&#32;endDate))
00101 &#32;&#32;&#32;&#32;&#32;&#32;&#32;&#32;&#32;&#32;&#32;&#32;&#32;&#32;&#32;&#32;&#32;&#32;{
00102 &#32;&#32;&#32;&#32;&#32;&#32;&#32;&#32;&#32;&#32;&#32;&#32;&#32;&#32;&#32;&#32;&#32;&#32;&#32;&#32;&#32;&#32;&#32;&#32;this-&gt;<link linkend="_class_hotel_1a16da8c14e35900d8455c97e6dd62b0fc">rooms</link>[i].set_startDate(startingDate);
00103 &#32;&#32;&#32;&#32;&#32;&#32;&#32;&#32;&#32;&#32;&#32;&#32;&#32;&#32;&#32;&#32;&#32;&#32;&#32;&#32;&#32;&#32;&#32;&#32;this-&gt;<link linkend="_class_hotel_1a16da8c14e35900d8455c97e6dd62b0fc">rooms</link>[i].set_endDate(endDate);
00104 &#32;&#32;&#32;&#32;&#32;&#32;&#32;&#32;&#32;&#32;&#32;&#32;&#32;&#32;&#32;&#32;&#32;&#32;&#32;&#32;&#32;&#32;&#32;&#32;this-&gt;<link linkend="_class_hotel_1a16da8c14e35900d8455c97e6dd62b0fc">rooms</link>[i].set_guest(<emphasis role="stringliteral">&quot;&quot;</emphasis>);
00105 &#32;&#32;&#32;&#32;&#32;&#32;&#32;&#32;&#32;&#32;&#32;&#32;&#32;&#32;&#32;&#32;&#32;&#32;&#32;&#32;&#32;&#32;&#32;&#32;<emphasis role="keywordflow">break</emphasis>;
00106 &#32;&#32;&#32;&#32;&#32;&#32;&#32;&#32;&#32;&#32;&#32;&#32;&#32;&#32;&#32;&#32;&#32;&#32;}
00107 &#32;&#32;&#32;&#32;&#32;&#32;&#32;&#32;&#32;&#32;&#32;&#32;}
00108 &#32;&#32;&#32;&#32;&#32;&#32;}
00109 }
<anchor xml:id="__hotel_8cpp_source_1l00111"/><link linkend="_class_hotel_1abff6901218c96643e4cdfad7e232f208">00111</link> <emphasis role="keywordtype">void</emphasis>&#32;<link linkend="_class_hotel_1abff6901218c96643e4cdfad7e232f208">Hotel::VIP_find</link>(<emphasis role="keywordtype">int</emphasis>&#32;beds,&#32;<emphasis role="keyword">const</emphasis>&#32;<link linkend="_class_date">Date</link>&#32;&amp;startingDate,&#32;<emphasis role="keyword">const</emphasis>&#32;<link linkend="_class_date">Date</link>&#32;&amp;endDate)
00112 {
00114 &#32;&#32;&#32;&#32;&#32;&#32;this-&gt;<link linkend="_class_hotel_1aa32ea42a80c8af601b69d84056b7d6d3">sortRoomsByBedCount</link>(this-&gt;<link linkend="_class_hotel_1a16da8c14e35900d8455c97e6dd62b0fc">rooms</link>);
00115 
00116 &#32;&#32;&#32;&#32;&#32;&#32;<emphasis role="keywordflow">for</emphasis>&#32;(<emphasis role="keywordtype">size_t</emphasis>&#32;i&#32;=&#32;0;&#32;i&#32;&lt;&#32;this-&gt;<link linkend="_class_hotel_1a16da8c14e35900d8455c97e6dd62b0fc">rooms</link>.size();&#32;i++)
00117 &#32;&#32;&#32;&#32;&#32;&#32;{
00118 &#32;&#32;&#32;&#32;&#32;&#32;&#32;&#32;&#32;&#32;&#32;&#32;<emphasis role="keywordflow">if</emphasis>&#32;(this-&gt;<link linkend="_class_hotel_1a16da8c14e35900d8455c97e6dd62b0fc">rooms</link>[i].get_bedCount()&#32;&gt;=&#32;beds)
00119 &#32;&#32;&#32;&#32;&#32;&#32;&#32;&#32;&#32;&#32;&#32;&#32;{
00120 &#32;&#32;&#32;&#32;&#32;&#32;&#32;&#32;&#32;&#32;&#32;&#32;&#32;&#32;&#32;&#32;&#32;&#32;this-&gt;<link linkend="_class_hotel_1a16da8c14e35900d8455c97e6dd62b0fc">rooms</link>[i].set_startDate(startingDate);
00121 &#32;&#32;&#32;&#32;&#32;&#32;&#32;&#32;&#32;&#32;&#32;&#32;&#32;&#32;&#32;&#32;&#32;&#32;this-&gt;<link linkend="_class_hotel_1a16da8c14e35900d8455c97e6dd62b0fc">rooms</link>[i].set_endDate(endDate);
00122 &#32;&#32;&#32;&#32;&#32;&#32;&#32;&#32;&#32;&#32;&#32;&#32;&#32;&#32;&#32;&#32;&#32;&#32;this-&gt;<link linkend="_class_hotel_1a16da8c14e35900d8455c97e6dd62b0fc">rooms</link>[i].set_guest(<emphasis role="stringliteral">&quot;VIP&quot;</emphasis>);
00123 &#32;&#32;&#32;&#32;&#32;&#32;&#32;&#32;&#32;&#32;&#32;&#32;&#32;&#32;&#32;&#32;&#32;&#32;<emphasis role="keywordflow">break</emphasis>;
00124 &#32;&#32;&#32;&#32;&#32;&#32;&#32;&#32;&#32;&#32;&#32;&#32;}
00125 &#32;&#32;&#32;&#32;&#32;&#32;&#32;&#32;&#32;&#32;&#32;&#32;<emphasis role="keywordflow">else</emphasis>&#32;<emphasis role="keywordflow">if</emphasis>&#32;(this-&gt;<link linkend="_class_hotel_1a16da8c14e35900d8455c97e6dd62b0fc">rooms</link>[i].get_bedCount()&#32;&lt;&#32;beds&#32;&amp;&amp;&#32;i&#32;==&#32;this-&gt;<link linkend="_class_hotel_1a16da8c14e35900d8455c97e6dd62b0fc">rooms</link>.size()&#32;-&#32;1)
00126 &#32;&#32;&#32;&#32;&#32;&#32;&#32;&#32;&#32;&#32;&#32;&#32;{
00127 &#32;&#32;&#32;&#32;&#32;&#32;&#32;&#32;&#32;&#32;&#32;&#32;&#32;&#32;&#32;&#32;&#32;&#32;<emphasis role="keywordflow">for</emphasis>&#32;(<emphasis role="keywordtype">size_t</emphasis>&#32;i&#32;=&#32;0;&#32;i&#32;&lt;&#32;this-&gt;<link linkend="_class_hotel_1a16da8c14e35900d8455c97e6dd62b0fc">rooms</link>.size();&#32;i++)
00128 &#32;&#32;&#32;&#32;&#32;&#32;&#32;&#32;&#32;&#32;&#32;&#32;&#32;&#32;&#32;&#32;&#32;&#32;{
00129 &#32;&#32;&#32;&#32;&#32;&#32;&#32;&#32;&#32;&#32;&#32;&#32;&#32;&#32;&#32;&#32;&#32;&#32;&#32;&#32;&#32;&#32;&#32;&#32;<emphasis role="keywordtype">int</emphasis>&#32;sumBeds&#32;=&#32;this-&gt;<link linkend="_class_hotel_1a16da8c14e35900d8455c97e6dd62b0fc">rooms</link>[i].get_bedCount()&#32;+&#32;this-&gt;<link linkend="_class_hotel_1a16da8c14e35900d8455c97e6dd62b0fc">rooms</link>[i&#32;+&#32;1].get_bedCount();
00130 &#32;&#32;&#32;&#32;&#32;&#32;&#32;&#32;&#32;&#32;&#32;&#32;&#32;&#32;&#32;&#32;&#32;&#32;&#32;&#32;&#32;&#32;&#32;&#32;<emphasis role="keywordflow">if</emphasis>&#32;(sumBeds&#32;&gt;=&#32;beds)
00131 &#32;&#32;&#32;&#32;&#32;&#32;&#32;&#32;&#32;&#32;&#32;&#32;&#32;&#32;&#32;&#32;&#32;&#32;&#32;&#32;&#32;&#32;&#32;&#32;{
00132 &#32;&#32;&#32;&#32;&#32;&#32;&#32;&#32;&#32;&#32;&#32;&#32;&#32;&#32;&#32;&#32;&#32;&#32;&#32;&#32;&#32;&#32;&#32;&#32;&#32;&#32;&#32;&#32;&#32;&#32;this-&gt;<link linkend="_class_hotel_1a16da8c14e35900d8455c97e6dd62b0fc">rooms</link>[i].set_startDate(startingDate);
00133 &#32;&#32;&#32;&#32;&#32;&#32;&#32;&#32;&#32;&#32;&#32;&#32;&#32;&#32;&#32;&#32;&#32;&#32;&#32;&#32;&#32;&#32;&#32;&#32;&#32;&#32;&#32;&#32;&#32;&#32;this-&gt;<link linkend="_class_hotel_1a16da8c14e35900d8455c97e6dd62b0fc">rooms</link>[i].set_endDate(endDate);
00134 &#32;&#32;&#32;&#32;&#32;&#32;&#32;&#32;&#32;&#32;&#32;&#32;&#32;&#32;&#32;&#32;&#32;&#32;&#32;&#32;&#32;&#32;&#32;&#32;&#32;&#32;&#32;&#32;&#32;&#32;this-&gt;<link linkend="_class_hotel_1a16da8c14e35900d8455c97e6dd62b0fc">rooms</link>[i].set_guest(<emphasis role="stringliteral">&quot;VIP&quot;</emphasis>);
00135 &#32;&#32;&#32;&#32;&#32;&#32;&#32;&#32;&#32;&#32;&#32;&#32;&#32;&#32;&#32;&#32;&#32;&#32;&#32;&#32;&#32;&#32;&#32;&#32;&#32;&#32;&#32;&#32;&#32;&#32;this-&gt;<link linkend="_class_hotel_1a16da8c14e35900d8455c97e6dd62b0fc">rooms</link>[i&#32;+&#32;1].set_startDate(startingDate);
00136 &#32;&#32;&#32;&#32;&#32;&#32;&#32;&#32;&#32;&#32;&#32;&#32;&#32;&#32;&#32;&#32;&#32;&#32;&#32;&#32;&#32;&#32;&#32;&#32;&#32;&#32;&#32;&#32;&#32;&#32;this-&gt;<link linkend="_class_hotel_1a16da8c14e35900d8455c97e6dd62b0fc">rooms</link>[i&#32;+&#32;1].set_endDate(endDate);
00137 &#32;&#32;&#32;&#32;&#32;&#32;&#32;&#32;&#32;&#32;&#32;&#32;&#32;&#32;&#32;&#32;&#32;&#32;&#32;&#32;&#32;&#32;&#32;&#32;&#32;&#32;&#32;&#32;&#32;&#32;this-&gt;<link linkend="_class_hotel_1a16da8c14e35900d8455c97e6dd62b0fc">rooms</link>[i&#32;+&#32;1].set_guest(<emphasis role="stringliteral">&quot;VIP&quot;</emphasis>);
00138 &#32;&#32;&#32;&#32;&#32;&#32;&#32;&#32;&#32;&#32;&#32;&#32;&#32;&#32;&#32;&#32;&#32;&#32;&#32;&#32;&#32;&#32;&#32;&#32;&#32;&#32;&#32;&#32;&#32;&#32;<emphasis role="keywordflow">break</emphasis>;
00139 &#32;&#32;&#32;&#32;&#32;&#32;&#32;&#32;&#32;&#32;&#32;&#32;&#32;&#32;&#32;&#32;&#32;&#32;&#32;&#32;&#32;&#32;&#32;&#32;}
00140 &#32;&#32;&#32;&#32;&#32;&#32;&#32;&#32;&#32;&#32;&#32;&#32;&#32;&#32;&#32;&#32;&#32;&#32;}
00141 &#32;&#32;&#32;&#32;&#32;&#32;&#32;&#32;&#32;&#32;&#32;&#32;}
00142 &#32;&#32;&#32;&#32;&#32;&#32;}&#32;&#32;&#32;&#32;&#32;
00143 }
<anchor xml:id="__hotel_8cpp_source_1l00145"/><link linkend="_class_hotel_1a0ae20bdccac171bd43f1c24e5687c645">00145</link> <emphasis role="keywordtype">void</emphasis>&#32;<link linkend="_class_hotel_1a0ae20bdccac171bd43f1c24e5687c645">Hotel::unavailable</link>(<emphasis role="keywordtype">int</emphasis>&#32;room,&#32;<emphasis role="keyword">const</emphasis>&#32;<link linkend="_class_date">Date</link>&#32;&amp;startingDate,&#32;<emphasis role="keyword">const</emphasis>&#32;<link linkend="_class_date">Date</link>&#32;&amp;endDate,&#32;<emphasis role="keyword">const</emphasis>&#32;std::string&#32;&amp;note)
00146 {
00147 &#32;&#32;&#32;&#32;&#32;&#32;<emphasis role="keywordflow">for</emphasis>&#32;(<emphasis role="keywordtype">size_t</emphasis>&#32;i&#32;=&#32;0;&#32;i&#32;&lt;&#32;this-&gt;<link linkend="_class_hotel_1a16da8c14e35900d8455c97e6dd62b0fc">rooms</link>.size();&#32;i++)
00148 &#32;&#32;&#32;&#32;&#32;&#32;{
00149 &#32;&#32;&#32;&#32;&#32;&#32;&#32;&#32;&#32;&#32;&#32;&#32;<emphasis role="keywordflow">if</emphasis>&#32;(this-&gt;<link linkend="_class_hotel_1a16da8c14e35900d8455c97e6dd62b0fc">rooms</link>[i].get_number()&#32;==&#32;room)
00150 &#32;&#32;&#32;&#32;&#32;&#32;&#32;&#32;&#32;&#32;&#32;&#32;{
00151 &#32;&#32;&#32;&#32;&#32;&#32;&#32;&#32;&#32;&#32;&#32;&#32;&#32;&#32;&#32;&#32;&#32;&#32;this-&gt;<link linkend="_class_hotel_1a16da8c14e35900d8455c97e6dd62b0fc">rooms</link>[i].set_startDate(startingDate);
00152 &#32;&#32;&#32;&#32;&#32;&#32;&#32;&#32;&#32;&#32;&#32;&#32;&#32;&#32;&#32;&#32;&#32;&#32;this-&gt;<link linkend="_class_hotel_1a16da8c14e35900d8455c97e6dd62b0fc">rooms</link>[i].set_endDate(endDate);
00153 &#32;&#32;&#32;&#32;&#32;&#32;&#32;&#32;&#32;&#32;&#32;&#32;&#32;&#32;&#32;&#32;&#32;&#32;this-&gt;<link linkend="_class_hotel_1a16da8c14e35900d8455c97e6dd62b0fc">rooms</link>[i].set_guest(note);
00154 &#32;&#32;&#32;&#32;&#32;&#32;&#32;&#32;&#32;&#32;&#32;&#32;}
00155 &#32;&#32;&#32;&#32;&#32;&#32;}
00156 }
<anchor xml:id="__hotel_8cpp_source_1l00158"/><link linkend="_class_hotel_1ae53b1ad03b24d52c98e47f296da07196">00158</link> <emphasis role="keywordtype">void</emphasis>&#32;<link linkend="_class_hotel_1ae53b1ad03b24d52c98e47f296da07196">Hotel::print</link>(std::ofstream&#32;&amp;file)
00159 {
00160 &#32;&#32;&#32;&#32;&#32;&#32;<emphasis role="keywordflow">for</emphasis>&#32;(<emphasis role="keywordtype">int</emphasis>&#32;i&#32;=&#32;0;&#32;i&#32;&lt;&#32;this-&gt;<link linkend="_class_hotel_1a16da8c14e35900d8455c97e6dd62b0fc">rooms</link>.size();&#32;i++)
00161 &#32;&#32;&#32;&#32;&#32;&#32;{
00162 &#32;&#32;&#32;&#32;&#32;&#32;&#32;&#32;&#32;&#32;&#32;&#32;file&#32;&lt;&lt;&#32;this-&gt;<link linkend="_class_hotel_1a16da8c14e35900d8455c97e6dd62b0fc">rooms</link>[i].get_number()&#32;&lt;&lt;&#32;<emphasis role="stringliteral">&quot;&#32;&quot;</emphasis>&#32;&lt;&lt;&#32;this-&gt;<link linkend="_class_hotel_1a16da8c14e35900d8455c97e6dd62b0fc">rooms</link>[i].get_bedCount()
00163 &#32;&#32;&#32;&#32;&#32;&#32;&#32;&#32;&#32;&#32;&#32;&#32;&#32;&#32;&#32;&#32;&#32;&#32;&lt;&lt;&#32;<emphasis role="stringliteral">&quot;&#32;&quot;</emphasis>&#32;&lt;&lt;&#32;this-&gt;<link linkend="_class_hotel_1a16da8c14e35900d8455c97e6dd62b0fc">rooms</link>[i].get_startDate().get_day()
00164 &#32;&#32;&#32;&#32;&#32;&#32;&#32;&#32;&#32;&#32;&#32;&#32;&#32;&#32;&#32;&#32;&#32;&#32;&lt;&lt;&#32;<emphasis role="stringliteral">&quot;.&quot;</emphasis>&#32;&lt;&lt;&#32;this-&gt;<link linkend="_class_hotel_1a16da8c14e35900d8455c97e6dd62b0fc">rooms</link>[i].get_startDate().get_month()
00165 &#32;&#32;&#32;&#32;&#32;&#32;&#32;&#32;&#32;&#32;&#32;&#32;&#32;&#32;&#32;&#32;&#32;&#32;&lt;&lt;&#32;<emphasis role="stringliteral">&quot;.&quot;</emphasis>&#32;&lt;&lt;&#32;this-&gt;<link linkend="_class_hotel_1a16da8c14e35900d8455c97e6dd62b0fc">rooms</link>[i].get_startDate().get_year()
00166 &#32;&#32;&#32;&#32;&#32;&#32;&#32;&#32;&#32;&#32;&#32;&#32;&#32;&#32;&#32;&#32;&#32;&#32;&lt;&lt;&#32;<emphasis role="stringliteral">&quot;&#32;&quot;</emphasis>&#32;&lt;&lt;&#32;this-&gt;<link linkend="_class_hotel_1a16da8c14e35900d8455c97e6dd62b0fc">rooms</link>[i].get_endDate().get_day()
00167 &#32;&#32;&#32;&#32;&#32;&#32;&#32;&#32;&#32;&#32;&#32;&#32;&#32;&#32;&#32;&#32;&#32;&#32;&lt;&lt;&#32;<emphasis role="stringliteral">&quot;.&quot;</emphasis>&#32;&lt;&lt;&#32;this-&gt;<link linkend="_class_hotel_1a16da8c14e35900d8455c97e6dd62b0fc">rooms</link>[i].get_endDate().get_month()
00168 &#32;&#32;&#32;&#32;&#32;&#32;&#32;&#32;&#32;&#32;&#32;&#32;&#32;&#32;&#32;&#32;&#32;&#32;&lt;&lt;&#32;<emphasis role="stringliteral">&quot;.&quot;</emphasis>&#32;&lt;&lt;&#32;this-&gt;<link linkend="_class_hotel_1a16da8c14e35900d8455c97e6dd62b0fc">rooms</link>[i].get_endDate().get_year()
00169 &#32;&#32;&#32;&#32;&#32;&#32;&#32;&#32;&#32;&#32;&#32;&#32;&#32;&#32;&#32;&#32;&#32;&#32;&lt;&lt;&#32;<emphasis role="stringliteral">&quot;&#32;&quot;</emphasis>&#32;&lt;&lt;&#32;this-&gt;<link linkend="_class_hotel_1a16da8c14e35900d8455c97e6dd62b0fc">rooms</link>[i].get_guests()&#32;&lt;&lt;&#32;std::endl;
00170 &#32;&#32;&#32;&#32;&#32;&#32;}
00171 }
</programlisting></section>
