<?xml version='1.0' encoding='UTF-8' standalone='no'?>
<section xmlns="http://docbook.org/ns/docbook" version="5.0" xmlns:xlink="http://www.w3.org/1999/xlink" xml:id="__room_8h">
<title>Room.h File Reference</title>
<indexterm><primary>Room.h</primary></indexterm>
<programlisting>#include &quot;Date.h&quot;
#include &lt;string&gt;
</programlisting><simplesect>
    <title>Classes    </title>
        <itemizedlist>
            <listitem><para>class <link linkend="_class_room">Room</link></para>
</listitem>
        </itemizedlist>
</simplesect>
</section>
