<?xml version='1.0' encoding='UTF-8' standalone='no'?>
<section xmlns="http://docbook.org/ns/docbook" version="5.0" xmlns:xlink="http://www.w3.org/1999/xlink" xml:id="__room_8cpp_source">
<title>Room.cpp</title>
<indexterm><primary>Room.cpp</primary></indexterm>
<programlisting>00001 <emphasis role="preprocessor">#include&#32;&quot;<link linkend="_stdafx_8h">stdafx.h</link>&quot;</emphasis>
00002 <emphasis role="preprocessor">#include&#32;&quot;<link linkend="__room_8h">Room.h</link>&quot;</emphasis>
00003 
<anchor xml:id="__room_8cpp_source_1l00004"/><link linkend="_class_room_1ac6ef93a7d9c3e1d624e025058d5f16ff">00004</link> <link linkend="_class_room_1ac6ef93a7d9c3e1d624e025058d5f16ff">Room::Room</link>()
00005 {&#32;&#32;&#32;&#32;&#32;
00006 &#32;&#32;&#32;&#32;&#32;&#32;<link linkend="_class_date">Date</link>&#32;token;
00007 &#32;&#32;&#32;&#32;&#32;&#32;this-&gt;<link linkend="_class_room_1ace0776823076279027a43e37096f44a2">number</link>&#32;=&#32;0;
00008 &#32;&#32;&#32;&#32;&#32;&#32;this-&gt;<link linkend="_class_room_1afe08419edb2d4512d60d498f752c4dbf">bedCount</link>&#32;=&#32;1;
00009 &#32;&#32;&#32;&#32;&#32;&#32;this-&gt;<link linkend="_class_room_1a50805c8f577d2c1f3fb41cb8fa48809a">guests</link>&#32;=&#32;<emphasis role="stringliteral">&quot;----&quot;</emphasis>;
00010 &#32;&#32;&#32;&#32;&#32;&#32;this-&gt;<link linkend="_class_room_1a03cc7e48dc237ce20e41475ce951650d">set_startDate</link>(token);
00011 &#32;&#32;&#32;&#32;&#32;&#32;this-&gt;<link linkend="_class_room_1afad380db116373e6fa067a65cf561787">set_endDate</link>(token);
00012 }
<anchor xml:id="__room_8cpp_source_1l00013"/><link linkend="_class_room_1af463b43f585764f173874a2ea5388d07">00013</link> <link linkend="_class_room_1ac6ef93a7d9c3e1d624e025058d5f16ff">Room::Room</link>(<emphasis role="keywordtype">int</emphasis>&#32;number,&#32;<emphasis role="keywordtype">int</emphasis>&#32;bedCount,&#32;std::string&#32;guests,&#32;<emphasis role="keyword">const</emphasis>&#32;<link linkend="_class_date">Date</link>&#32;startDate,&#32;<emphasis role="keyword">const</emphasis>&#32;<link linkend="_class_date">Date</link>&#32;endDate)
00014 {
00015 &#32;&#32;&#32;&#32;&#32;&#32;this-&gt;number&#32;=&#32;<link linkend="_class_room_1ace0776823076279027a43e37096f44a2">number</link>;
00016 &#32;&#32;&#32;&#32;&#32;&#32;this-&gt;bedCount&#32;=&#32;<link linkend="_class_room_1afe08419edb2d4512d60d498f752c4dbf">bedCount</link>;
00017 &#32;&#32;&#32;&#32;&#32;&#32;this-&gt;guests&#32;=&#32;<link linkend="_class_room_1a50805c8f577d2c1f3fb41cb8fa48809a">guests</link>;
00018 &#32;&#32;&#32;&#32;&#32;&#32;this-&gt;startDate&#32;=&#32;<link linkend="_class_room_1a94e36881b70913044d32d703281efbce">startDate</link>;
00019 &#32;&#32;&#32;&#32;&#32;&#32;this-&gt;endDate&#32;=&#32;<link linkend="_class_room_1a6c81243823872a5ecd01634735d6148a">endDate</link>;
00020 
00021 }
00022 
<anchor xml:id="__room_8cpp_source_1l00023"/><link linkend="_class_room_1a31a78a6ad21b6552e59ee8e926706c24">00023</link> <emphasis role="keywordtype">int</emphasis>&#32;<link linkend="_class_room_1a31a78a6ad21b6552e59ee8e926706c24">Room::get_number</link>()<emphasis role="keyword">&#32;const</emphasis>
00024 <emphasis role="keyword"></emphasis>{
00025 &#32;&#32;&#32;&#32;&#32;&#32;<emphasis role="keywordflow">return</emphasis>&#32;this-&gt;<link linkend="_class_room_1ace0776823076279027a43e37096f44a2">number</link>;
00026 }
<anchor xml:id="__room_8cpp_source_1l00027"/><link linkend="_class_room_1a860f47bae97bdcd24d519e208cc64ef3">00027</link> <emphasis role="keywordtype">int</emphasis>&#32;<link linkend="_class_room_1a860f47bae97bdcd24d519e208cc64ef3">Room::get_bedCount</link>()<emphasis role="keyword">&#32;const</emphasis>
00028 <emphasis role="keyword"></emphasis>{
00029 &#32;&#32;&#32;&#32;&#32;&#32;<emphasis role="keywordflow">return</emphasis>&#32;this-&gt;<link linkend="_class_room_1afe08419edb2d4512d60d498f752c4dbf">bedCount</link>;
00030 }
<anchor xml:id="__room_8cpp_source_1l00031"/><link linkend="_class_room_1a34a46af1773a41d22e9e925680709bd7">00031</link> <emphasis role="keyword">const</emphasis>&#32;std::string&#32;<link linkend="_class_room_1a34a46af1773a41d22e9e925680709bd7">Room::get_guests</link>()<emphasis role="keyword">&#32;const</emphasis>
00032 <emphasis role="keyword"></emphasis>{
00033 &#32;&#32;&#32;&#32;&#32;&#32;<emphasis role="keywordflow">return</emphasis>&#32;this-&gt;<link linkend="_class_room_1a50805c8f577d2c1f3fb41cb8fa48809a">guests</link>;
00034 }
<anchor xml:id="__room_8cpp_source_1l00035"/><link linkend="_class_room_1afb791720af8989e818f41a9305534dfa">00035</link> <link linkend="_class_date">Date</link>&#32;<link linkend="_class_room_1afb791720af8989e818f41a9305534dfa">Room::get_startDate</link>()<emphasis role="keyword">&#32;const</emphasis>
00036 <emphasis role="keyword"></emphasis>{
00037 &#32;&#32;&#32;&#32;&#32;&#32;<emphasis role="keywordflow">return</emphasis>&#32;this-&gt;<link linkend="_class_room_1a94e36881b70913044d32d703281efbce">startDate</link>;
00038 }
<anchor xml:id="__room_8cpp_source_1l00039"/><link linkend="_class_room_1a63955d07afe48314a6b12afcd6312ad4">00039</link> <link linkend="_class_date">Date</link>&#32;<link linkend="_class_room_1a63955d07afe48314a6b12afcd6312ad4">Room::get_endDate</link>()<emphasis role="keyword">&#32;const</emphasis>
00040 <emphasis role="keyword"></emphasis>{
00041 &#32;&#32;&#32;&#32;&#32;&#32;<emphasis role="keywordflow">return</emphasis>&#32;this-&gt;<link linkend="_class_room_1a6c81243823872a5ecd01634735d6148a">endDate</link>;
00042 }
00043 
<anchor xml:id="__room_8cpp_source_1l00044"/><link linkend="_class_room_1a99b5322aacd5b2572f878b36cf9513f1">00044</link> <emphasis role="keywordtype">void</emphasis>&#32;<link linkend="_class_room_1a99b5322aacd5b2572f878b36cf9513f1">Room::set_number</link>(<emphasis role="keywordtype">int</emphasis>&#32;number)
00045 {
00046 &#32;&#32;&#32;&#32;&#32;&#32;this-&gt;number&#32;=&#32;<link linkend="_class_room_1ace0776823076279027a43e37096f44a2">number</link>;
00047 }
<anchor xml:id="__room_8cpp_source_1l00048"/><link linkend="_class_room_1af170f682d32dd29223055c18dcf7a83b">00048</link> <emphasis role="keywordtype">void</emphasis>&#32;<link linkend="_class_room_1af170f682d32dd29223055c18dcf7a83b">Room::set_bedCount</link>(<emphasis role="keywordtype">int</emphasis>&#32;bedCount)
00049 {
00050 &#32;&#32;&#32;&#32;&#32;&#32;this-&gt;bedCount&#32;=&#32;<link linkend="_class_room_1afe08419edb2d4512d60d498f752c4dbf">bedCount</link>;
00051 }
<anchor xml:id="__room_8cpp_source_1l00052"/><link linkend="_class_room_1a6d8c39f6db65fb858de316c30827e5fc">00052</link> <emphasis role="keywordtype">void</emphasis>&#32;<link linkend="_class_room_1a6d8c39f6db65fb858de316c30827e5fc">Room::set_guest</link>(std::string&#32;guests)
00053 {
00054 &#32;&#32;&#32;&#32;&#32;&#32;this-&gt;guests&#32;=&#32;<link linkend="_class_room_1a50805c8f577d2c1f3fb41cb8fa48809a">guests</link>;
00055 }
<anchor xml:id="__room_8cpp_source_1l00056"/><link linkend="_class_room_1a03cc7e48dc237ce20e41475ce951650d">00056</link> <emphasis role="keywordtype">void</emphasis>&#32;<link linkend="_class_room_1a03cc7e48dc237ce20e41475ce951650d">Room::set_startDate</link>(<link linkend="_class_date">Date</link>&#32;other)
00057 {
00058 &#32;&#32;&#32;&#32;&#32;&#32;this-&gt;<link linkend="_class_room_1a94e36881b70913044d32d703281efbce">startDate</link>&#32;=&#32;other;
00059 }
<anchor xml:id="__room_8cpp_source_1l00060"/><link linkend="_class_room_1afad380db116373e6fa067a65cf561787">00060</link> <emphasis role="keywordtype">void</emphasis>&#32;<link linkend="_class_room_1afad380db116373e6fa067a65cf561787">Room::set_endDate</link>(<link linkend="_class_date">Date</link>&#32;other)
00061 {
00062 &#32;&#32;&#32;&#32;&#32;&#32;this-&gt;<link linkend="_class_room_1a6c81243823872a5ecd01634735d6148a">endDate</link>&#32;=&#32;other;
00063 }
</programlisting></section>
