<?xml version='1.0' encoding='UTF-8' standalone='no'?>
<section xmlns="http://docbook.org/ns/docbook" version="5.0" xmlns:xlink="http://www.w3.org/1999/xlink" xml:id="__room_8h_source">
<title>Room.h</title>
<indexterm><primary>Room.h</primary></indexterm>
<programlisting>00001 <emphasis role="preprocessor">#pragma&#32;once</emphasis>
00002 <emphasis role="preprocessor">#include&#32;&quot;<link linkend="__date_8h">Date.h</link>&quot;</emphasis>
00003 <emphasis role="preprocessor">#include&lt;string&gt;</emphasis>
00004 
<anchor xml:id="__room_8h_source_1l00008"/><link linkend="_class_room">00008</link> <emphasis role="keyword">class&#32;</emphasis><link linkend="_class_room">Room</link>
00009 {
00010 <emphasis role="keyword">private</emphasis>:
<anchor xml:id="__room_8h_source_1l00011"/><link linkend="_class_room_1ace0776823076279027a43e37096f44a2">00011</link> &#32;&#32;&#32;&#32;&#32;&#32;<emphasis role="keywordtype">int</emphasis>&#32;<link linkend="_class_room_1ace0776823076279027a43e37096f44a2">number</link>;
<anchor xml:id="__room_8h_source_1l00012"/><link linkend="_class_room_1afe08419edb2d4512d60d498f752c4dbf">00012</link> &#32;&#32;&#32;&#32;&#32;&#32;<emphasis role="keywordtype">int</emphasis>&#32;<link linkend="_class_room_1afe08419edb2d4512d60d498f752c4dbf">bedCount</link>;
<anchor xml:id="__room_8h_source_1l00013"/><link linkend="_class_room_1a50805c8f577d2c1f3fb41cb8fa48809a">00013</link> &#32;&#32;&#32;&#32;&#32;&#32;std::string&#32;<link linkend="_class_room_1a50805c8f577d2c1f3fb41cb8fa48809a">guests</link>;
<anchor xml:id="__room_8h_source_1l00014"/><link linkend="_class_room_1a94e36881b70913044d32d703281efbce">00014</link> &#32;&#32;&#32;&#32;&#32;&#32;<link linkend="_class_date">Date</link>&#32;<link linkend="_class_room_1a94e36881b70913044d32d703281efbce">startDate</link>;
<anchor xml:id="__room_8h_source_1l00015"/><link linkend="_class_room_1a6c81243823872a5ecd01634735d6148a">00015</link> &#32;&#32;&#32;&#32;&#32;&#32;<link linkend="_class_date">Date</link>&#32;<link linkend="_class_room_1a6c81243823872a5ecd01634735d6148a">endDate</link>;
00016 <emphasis role="keyword">public</emphasis>:
00017 &#32;&#32;&#32;&#32;&#32;&#32;<link linkend="_class_room_1ac6ef93a7d9c3e1d624e025058d5f16ff">Room</link>();
00018 &#32;&#32;&#32;&#32;&#32;&#32;<link linkend="_class_room_1ac6ef93a7d9c3e1d624e025058d5f16ff">Room</link>(<emphasis role="keywordtype">int</emphasis>&#32;<link linkend="_class_room_1ace0776823076279027a43e37096f44a2">number</link>,<emphasis role="keywordtype">int</emphasis>&#32;<link linkend="_class_room_1afe08419edb2d4512d60d498f752c4dbf">bedCount</link>,&#32;std::string&#32;<link linkend="_class_room_1a50805c8f577d2c1f3fb41cb8fa48809a">guests</link>,&#32;<emphasis role="keyword">const</emphasis>&#32;<link linkend="_class_date">Date</link>&#32;<link linkend="_class_room_1a94e36881b70913044d32d703281efbce">startDate</link>,&#32;<emphasis role="keyword">const</emphasis>&#32;<link linkend="_class_date">Date</link>&#32;<link linkend="_class_room_1a6c81243823872a5ecd01634735d6148a">endDate</link>);
00019 
00020 &#32;&#32;&#32;&#32;&#32;&#32;<emphasis role="keywordtype">int</emphasis>&#32;<link linkend="_class_room_1a31a78a6ad21b6552e59ee8e926706c24">get_number</link>()&#32;<emphasis role="keyword">const</emphasis>;
00021 &#32;&#32;&#32;&#32;&#32;&#32;<emphasis role="keywordtype">int</emphasis>&#32;<link linkend="_class_room_1a860f47bae97bdcd24d519e208cc64ef3">get_bedCount</link>()&#32;<emphasis role="keyword">const</emphasis>;
00022 &#32;&#32;&#32;&#32;&#32;&#32;<emphasis role="keyword">const</emphasis>&#32;std::string&#32;<link linkend="_class_room_1a34a46af1773a41d22e9e925680709bd7">get_guests</link>()&#32;<emphasis role="keyword">const</emphasis>;
00023 &#32;&#32;&#32;&#32;&#32;&#32;<link linkend="_class_date">Date</link>&#32;<link linkend="_class_room_1afb791720af8989e818f41a9305534dfa">get_startDate</link>()&#32;<emphasis role="keyword">const</emphasis>;
00024 &#32;&#32;&#32;&#32;&#32;&#32;<link linkend="_class_date">Date</link>&#32;<link linkend="_class_room_1a63955d07afe48314a6b12afcd6312ad4">get_endDate</link>()&#32;<emphasis role="keyword">const</emphasis>;
00025 
00026 &#32;&#32;&#32;&#32;&#32;&#32;<emphasis role="keywordtype">void</emphasis>&#32;<link linkend="_class_room_1a99b5322aacd5b2572f878b36cf9513f1">set_number</link>(<emphasis role="keywordtype">int</emphasis>&#32;<link linkend="_class_room_1ace0776823076279027a43e37096f44a2">number</link>);
00027 &#32;&#32;&#32;&#32;&#32;&#32;<emphasis role="keywordtype">void</emphasis>&#32;<link linkend="_class_room_1af170f682d32dd29223055c18dcf7a83b">set_bedCount</link>(<emphasis role="keywordtype">int</emphasis>&#32;<link linkend="_class_room_1afe08419edb2d4512d60d498f752c4dbf">bedCount</link>);
00028 &#32;&#32;&#32;&#32;&#32;&#32;<emphasis role="keywordtype">void</emphasis>&#32;<link linkend="_class_room_1a6d8c39f6db65fb858de316c30827e5fc">set_guest</link>(std::string&#32;<link linkend="_class_room_1a50805c8f577d2c1f3fb41cb8fa48809a">guests</link>);
00029 &#32;&#32;&#32;&#32;&#32;&#32;<emphasis role="keywordtype">void</emphasis>&#32;<link linkend="_class_room_1a03cc7e48dc237ce20e41475ce951650d">set_startDate</link>(<link linkend="_class_date">Date</link>&#32;other);
00030 &#32;&#32;&#32;&#32;&#32;&#32;<emphasis role="keywordtype">void</emphasis>&#32;<link linkend="_class_room_1afad380db116373e6fa067a65cf561787">set_endDate</link>(<link linkend="_class_date">Date</link>&#32;other);
00031 };
00032 
</programlisting></section>
