<?xml version='1.0' encoding='UTF-8' standalone='no'?>
<section xmlns="http://docbook.org/ns/docbook" version="5.0" xmlns:xlink="http://www.w3.org/1999/xlink" xml:id="_annotated">
<title>Class List</title>
Here are the classes, structs, unions and interfaces with brief descriptions:<link linkend="_class_date">Date</link>
<para>Class that defines <link linkend="_class_date">Date</link> </para>
<link linkend="_class_hotel">Hotel</link>
<para>Class that defines a <link linkend="_class_hotel">Hotel</link> </para>
<link linkend="_class_room">Room</link>
<para>Class that defines a <link linkend="_class_room">Room</link> </para>
</section>
