<?xml version='1.0' encoding='UTF-8' standalone='no'?>
<section xmlns="http://docbook.org/ns/docbook" version="5.0" xmlns:xlink="http://www.w3.org/1999/xlink" xml:id="_class_hotel">
<title>Hotel Class Reference</title>
<indexterm><primary>Hotel</primary></indexterm>
<para>
<computeroutput>#include &lt;Hotel.h&gt;</computeroutput>
</para>
<simplesect>
    <title>Public Member Functions    </title>
        <itemizedlist>
            <listitem><para><link linkend="_class_hotel_1a59cc2c3a373abece5a25d730524be2f0">Hotel</link> ()</para>
</listitem>
            <listitem><para>void <link linkend="_class_hotel_1a1fc874696b0e47026a86845785d97b22">add_room</link> (const <link linkend="_class_room">Room</link> &amp;room)</para>
</listitem>
            <listitem><para>void <link linkend="_class_hotel_1a6d5e124cd850b5351cc64e480cea2e3b">checkin</link> (int room, const <link linkend="_class_date">Date</link> &amp;startingDate, const <link linkend="_class_date">Date</link> &amp;endDate, const std::string &amp;guests)</para>
</listitem>
            <listitem><para>void <link linkend="_class_hotel_1ac082f1210d6893bad0da55aa00edfce7">availability</link> (<link linkend="_class_date">Date</link> &amp;date)</para>
</listitem>
            <listitem><para>void <link linkend="_class_hotel_1a84edb71bffeec4ea16db39ba600dc46f">checkout</link> (int <link linkend="_class_hotel_1a16da8c14e35900d8455c97e6dd62b0fc">rooms</link>)</para>
</listitem>
            <listitem><para>void <link linkend="_class_hotel_1ad171c1a2aa955c10b16be3222b3b5602">report</link> (<link linkend="_class_date">Date</link> &amp;startingDate, <link linkend="_class_date">Date</link> &amp;endDate)</para>
</listitem>
            <listitem><para>void <link linkend="_class_hotel_1a0e643c11bdbceb831df7f067d5e80d78">find</link> (int beds, const <link linkend="_class_date">Date</link> &amp;startingDate, const <link linkend="_class_date">Date</link> &amp;endDate)</para>
</listitem>
            <listitem><para>void <link linkend="_class_hotel_1abff6901218c96643e4cdfad7e232f208">VIP_find</link> (int beds, const <link linkend="_class_date">Date</link> &amp;startingDate, const <link linkend="_class_date">Date</link> &amp;endDate)</para>
</listitem>
            <listitem><para>void <link linkend="_class_hotel_1a0ae20bdccac171bd43f1c24e5687c645">unavailable</link> (int room, const <link linkend="_class_date">Date</link> &amp;startingDate, const <link linkend="_class_date">Date</link> &amp;endDate, const std::string &amp;note)</para>
</listitem>
            <listitem><para>void <link linkend="_class_hotel_1ae53b1ad03b24d52c98e47f296da07196">print</link> (std::ofstream &amp;file)</para>
</listitem>
        </itemizedlist>
</simplesect>
<simplesect>
    <title>Private Member Functions    </title>
        <itemizedlist>
            <listitem><para>void <link linkend="_class_hotel_1aa32ea42a80c8af601b69d84056b7d6d3">sortRoomsByBedCount</link> (std::vector&lt; <link linkend="_class_room">Room</link> &gt; <link linkend="_class_hotel_1a16da8c14e35900d8455c97e6dd62b0fc">rooms</link>)</para>
</listitem>
            <listitem><para>bool <link linkend="_class_hotel_1a571420ca46d238c52737a19a9344fbfc">isFree</link> (int index, const <link linkend="_class_date">Date</link> &amp;startingDate, const <link linkend="_class_date">Date</link> &amp;endDate)</para>
</listitem>
            <listitem><para>int <link linkend="_class_hotel_1ab110fbdc0a4a56f963e6e215dfe83201">countLeapYears</link> (const <link linkend="_class_date">Date</link> &amp;d)</para>
</listitem>
            <listitem><para>int <link linkend="_class_hotel_1a330f7b11dd6825eaa9aceb0c1c5aa351">daysBetweenTwoDates</link> (const <link linkend="_class_date">Date</link> &amp;firstDate, const <link linkend="_class_date">Date</link> &amp;secondDate)</para>
</listitem>
        </itemizedlist>
</simplesect>
<simplesect>
    <title>Private Attributes    </title>
        <itemizedlist>
            <listitem><para>std::vector&lt; <link linkend="_class_room">Room</link> &gt; <link linkend="_class_hotel_1a16da8c14e35900d8455c97e6dd62b0fc">rooms</link></para>
</listitem>
        </itemizedlist>
</simplesect>
<section>
<title>Detailed Description</title>
<para>
Definition at line <link linkend="__hotel_8h_source_1l00009">9</link> of file <link linkend="__hotel_8h_source">Hotel.h</link>.</para>
</section>
<section>
<title>Constructor &amp; Destructor Documentation</title>
<anchor xml:id="_class_hotel_1a59cc2c3a373abece5a25d730524be2f0"/>    <section>
    <title>Hotel()</title>
<indexterm><primary>Hotel</primary><secondary>Hotel</secondary></indexterm>
<indexterm><primary>Hotel</primary><secondary>Hotel</secondary></indexterm>
<para><computeroutput>Hotel::Hotel ( )</computeroutput></para><para>

<para>Default constructor. </para>
</para>
<para>
Definition at line <link linkend="__hotel_8cpp_source_1l00007">7</link> of file <link linkend="__hotel_8cpp_source">Hotel.cpp</link>.</para>
<programlisting>00007 {}
</programlisting></section>
</section>
<section>
<title>Member Function Documentation</title>
<anchor xml:id="_class_hotel_1a1fc874696b0e47026a86845785d97b22"/>    <section>
    <title>add_room()</title>
<indexterm><primary>add_room</primary><secondary>Hotel</secondary></indexterm>
<indexterm><primary>Hotel</primary><secondary>add_room</secondary></indexterm>
<para><computeroutput>void Hotel::add_room (const <link linkend="_class_room">Room</link> &amp; room)</computeroutput></para><para>

<para>Adds a room to the hotel. </para>
</para>
<para>
Definition at line <link linkend="__hotel_8cpp_source_1l00009">9</link> of file <link linkend="__hotel_8cpp_source">Hotel.cpp</link>.</para>
<programlisting>00010 {
00011 &#32;&#32;&#32;&#32;&#32;&#32;this-&gt;<link linkend="_class_hotel_1a16da8c14e35900d8455c97e6dd62b0fc">rooms</link>.push_back(room);
00012 }
</programlisting><para>
References <link linkend="__hotel_8h_source_1l00012">rooms</link>.</para>
    </section><anchor xml:id="_class_hotel_1ac082f1210d6893bad0da55aa00edfce7"/>    <section>
    <title>availability()</title>
<indexterm><primary>availability</primary><secondary>Hotel</secondary></indexterm>
<indexterm><primary>Hotel</primary><secondary>availability</secondary></indexterm>
<para><computeroutput>void Hotel::availability (<link linkend="_class_date">Date</link> &amp; date)</computeroutput></para><para>

<para>Gives free rooms on a given date. </para>
</para>
<para>
Definition at line <link linkend="__hotel_8cpp_source_1l00031">31</link> of file <link linkend="__hotel_8cpp_source">Hotel.cpp</link>.</para>
<programlisting>00032 {
00033 &#32;&#32;&#32;&#32;&#32;&#32;<emphasis role="keywordflow">for</emphasis>&#32;(<emphasis role="keywordtype">size_t</emphasis>&#32;i&#32;=&#32;0;&#32;i&#32;&lt;&#32;this-&gt;<link linkend="_class_hotel_1a16da8c14e35900d8455c97e6dd62b0fc">rooms</link>.size();&#32;i++)
00034 &#32;&#32;&#32;&#32;&#32;&#32;{&#32;&#32;&#32;&#32;&#32;&#32;&#32;&#32;&#32;&#32;&#32;&#32;&#32;&#32;&#32;&#32;&#32;
00035 &#32;&#32;&#32;&#32;&#32;&#32;&#32;&#32;&#32;&#32;&#32;&#32;<link linkend="_class_date">Date</link>&#32;roomStartingDate&#32;=&#32;this-&gt;<link linkend="_class_hotel_1a16da8c14e35900d8455c97e6dd62b0fc">rooms</link>[i].get_startDate();
00036 &#32;&#32;&#32;&#32;&#32;&#32;&#32;&#32;&#32;&#32;&#32;&#32;<link linkend="_class_date">Date</link>&#32;roomEndDate&#32;=&#32;this-&gt;<link linkend="_class_hotel_1a16da8c14e35900d8455c97e6dd62b0fc">rooms</link>[i].get_endDate();
00037 
00038 &#32;&#32;&#32;&#32;&#32;&#32;&#32;&#32;&#32;&#32;&#32;&#32;<emphasis role="keywordflow">if</emphasis>&#32;(date&#32;&lt;&#32;roomStartingDate&#32;||&#32;date&#32;&gt;&#32;roomEndDate)
00039 &#32;&#32;&#32;&#32;&#32;&#32;&#32;&#32;&#32;&#32;&#32;&#32;{
00040 &#32;&#32;&#32;&#32;&#32;&#32;&#32;&#32;&#32;&#32;&#32;&#32;&#32;&#32;&#32;&#32;&#32;&#32;std::cout&#32;&lt;&lt;&#32;this-&gt;<link linkend="_class_hotel_1a16da8c14e35900d8455c97e6dd62b0fc">rooms</link>[i].get_number()&#32;&lt;&lt;&#32;std::endl;
00041 &#32;&#32;&#32;&#32;&#32;&#32;&#32;&#32;&#32;&#32;&#32;&#32;&#32;&#32;&#32;&#32;&#32;&#32;std::cout&#32;&lt;&lt;&#32;this-&gt;<link linkend="_class_hotel_1a16da8c14e35900d8455c97e6dd62b0fc">rooms</link>[i].get_bedCount()&#32;&lt;&lt;&#32;std::endl;
00042 &#32;&#32;&#32;&#32;&#32;&#32;&#32;&#32;&#32;&#32;&#32;&#32;&#32;&#32;&#32;&#32;&#32;&#32;std::cout&#32;&lt;&lt;&#32;std::endl;
00043 &#32;&#32;&#32;&#32;&#32;&#32;&#32;&#32;&#32;&#32;&#32;&#32;}
00044 &#32;&#32;&#32;&#32;&#32;&#32;}
00045 }
</programlisting><para>
References <link linkend="__hotel_8h_source_1l00012">rooms</link>.</para>
    </section><anchor xml:id="_class_hotel_1a6d5e124cd850b5351cc64e480cea2e3b"/>    <section>
    <title>checkin()</title>
<indexterm><primary>checkin</primary><secondary>Hotel</secondary></indexterm>
<indexterm><primary>Hotel</primary><secondary>checkin</secondary></indexterm>
<para><computeroutput>void Hotel::checkin (int room, const <link linkend="_class_date">Date</link> &amp; startingDate, const <link linkend="_class_date">Date</link> &amp; endDate, const std::string &amp; guests)</computeroutput></para><para>

<para>Checks in a guest to the hotel if there is an appropriate room. </para>
</para>

<para>note is placed in with the guests for convenience</para>
<para>
Definition at line <link linkend="__hotel_8cpp_source_1l00014">14</link> of file <link linkend="__hotel_8cpp_source">Hotel.cpp</link>.</para>
<programlisting>00015 {
00016 &#32;&#32;&#32;&#32;&#32;&#32;<emphasis role="keywordflow">for</emphasis>&#32;(<emphasis role="keywordtype">size_t</emphasis>&#32;i&#32;=&#32;0;&#32;i&#32;&lt;&#32;this-&gt;<link linkend="_class_hotel_1a16da8c14e35900d8455c97e6dd62b0fc">rooms</link>.size();&#32;i++)
00017 &#32;&#32;&#32;&#32;&#32;&#32;{
00018 &#32;&#32;&#32;&#32;&#32;&#32;&#32;&#32;&#32;&#32;&#32;&#32;<emphasis role="keywordflow">if</emphasis>&#32;(this-&gt;<link linkend="_class_hotel_1a16da8c14e35900d8455c97e6dd62b0fc">rooms</link>[i].get_number()&#32;==&#32;room)
00019 &#32;&#32;&#32;&#32;&#32;&#32;&#32;&#32;&#32;&#32;&#32;&#32;{
00020 &#32;&#32;&#32;&#32;&#32;&#32;&#32;&#32;&#32;&#32;&#32;&#32;&#32;&#32;&#32;&#32;&#32;&#32;<emphasis role="keywordflow">if</emphasis>&#32;(this-&gt;<link linkend="_class_hotel_1a571420ca46d238c52737a19a9344fbfc">isFree</link>(i,&#32;startingDate,&#32;endDate))&#32;
00021 &#32;&#32;&#32;&#32;&#32;&#32;&#32;&#32;&#32;&#32;&#32;&#32;&#32;&#32;&#32;&#32;&#32;&#32;{
00022 &#32;&#32;&#32;&#32;&#32;&#32;&#32;&#32;&#32;&#32;&#32;&#32;&#32;&#32;&#32;&#32;&#32;&#32;&#32;&#32;&#32;&#32;&#32;&#32;this-&gt;<link linkend="_class_hotel_1a16da8c14e35900d8455c97e6dd62b0fc">rooms</link>[i].set_startDate(startingDate);
00023 &#32;&#32;&#32;&#32;&#32;&#32;&#32;&#32;&#32;&#32;&#32;&#32;&#32;&#32;&#32;&#32;&#32;&#32;&#32;&#32;&#32;&#32;&#32;&#32;this-&gt;<link linkend="_class_hotel_1a16da8c14e35900d8455c97e6dd62b0fc">rooms</link>[i].set_endDate(endDate);
00025 &#32;&#32;&#32;&#32;&#32;&#32;&#32;&#32;&#32;&#32;&#32;&#32;&#32;&#32;&#32;&#32;&#32;&#32;&#32;&#32;&#32;&#32;&#32;&#32;this-&gt;<link linkend="_class_hotel_1a16da8c14e35900d8455c97e6dd62b0fc">rooms</link>[i].set_guest(guests);
00026 &#32;&#32;&#32;&#32;&#32;&#32;&#32;&#32;&#32;&#32;&#32;&#32;&#32;&#32;&#32;&#32;&#32;&#32;}
00027 &#32;&#32;&#32;&#32;&#32;&#32;&#32;&#32;&#32;&#32;&#32;&#32;}
00028 &#32;&#32;&#32;&#32;&#32;&#32;}
00029 }
</programlisting><para>
References <link linkend="__hotel_8h_source_1l00034">isFree()</link>, and <link linkend="__hotel_8h_source_1l00012">rooms</link>.</para>
    </section><anchor xml:id="_class_hotel_1a84edb71bffeec4ea16db39ba600dc46f"/>    <section>
    <title>checkout()</title>
<indexterm><primary>checkout</primary><secondary>Hotel</secondary></indexterm>
<indexterm><primary>Hotel</primary><secondary>checkout</secondary></indexterm>
<para><computeroutput>void Hotel::checkout (int rooms)</computeroutput></para><para>

<para>Frees up a foom. </para>
</para>
<para>
Definition at line <link linkend="__hotel_8cpp_source_1l00047">47</link> of file <link linkend="__hotel_8cpp_source">Hotel.cpp</link>.</para>
<programlisting>00048 {
00049 &#32;&#32;&#32;&#32;&#32;&#32;<link linkend="_class_date">Date</link>&#32;baseDate;
00050 &#32;&#32;&#32;&#32;&#32;&#32;<emphasis role="keywordflow">for</emphasis>&#32;(<emphasis role="keywordtype">size_t</emphasis>&#32;i&#32;=&#32;0;&#32;i&#32;&lt;&#32;this-&gt;<link linkend="_class_hotel_1a16da8c14e35900d8455c97e6dd62b0fc">rooms</link>.size();&#32;i++)
00051 &#32;&#32;&#32;&#32;&#32;&#32;{
00052 &#32;&#32;&#32;&#32;&#32;&#32;&#32;&#32;&#32;&#32;&#32;&#32;<emphasis role="keywordflow">if</emphasis>&#32;(this-&gt;<link linkend="_class_hotel_1a16da8c14e35900d8455c97e6dd62b0fc">rooms</link>[i].get_number()&#32;==&#32;room)
00053 &#32;&#32;&#32;&#32;&#32;&#32;&#32;&#32;&#32;&#32;&#32;&#32;{
00054 &#32;&#32;&#32;&#32;&#32;&#32;&#32;&#32;&#32;&#32;&#32;&#32;&#32;&#32;&#32;&#32;&#32;&#32;this-&gt;<link linkend="_class_hotel_1a16da8c14e35900d8455c97e6dd62b0fc">rooms</link>[i].set_startDate(baseDate);
00055 &#32;&#32;&#32;&#32;&#32;&#32;&#32;&#32;&#32;&#32;&#32;&#32;&#32;&#32;&#32;&#32;&#32;&#32;this-&gt;<link linkend="_class_hotel_1a16da8c14e35900d8455c97e6dd62b0fc">rooms</link>[i].set_endDate(baseDate);
00056 &#32;&#32;&#32;&#32;&#32;&#32;&#32;&#32;&#32;&#32;&#32;&#32;&#32;&#32;&#32;&#32;&#32;&#32;this-&gt;<link linkend="_class_hotel_1a16da8c14e35900d8455c97e6dd62b0fc">rooms</link>[i].set_guest(<emphasis role="stringliteral">&quot;&quot;</emphasis>);
00057 &#32;&#32;&#32;&#32;&#32;&#32;&#32;&#32;&#32;&#32;&#32;&#32;}
00058 &#32;&#32;&#32;&#32;&#32;&#32;}
00059 }
</programlisting><para>
References <link linkend="__hotel_8h_source_1l00012">rooms</link>.</para>
    </section><anchor xml:id="_class_hotel_1ab110fbdc0a4a56f963e6e215dfe83201"/>    <section>
    <title>countLeapYears()</title>
<indexterm><primary>countLeapYears</primary><secondary>Hotel</secondary></indexterm>
<indexterm><primary>Hotel</primary><secondary>countLeapYears</secondary></indexterm>
<para><computeroutput>int Hotel::countLeapYears (const <link linkend="_class_date">Date</link> &amp; d)<computeroutput>[inline]</computeroutput>, <computeroutput>[private]</computeroutput></computeroutput></para><para>

<para>counts leap years used in daysBetweenTwoDates method </para>
</para>
<para>
Definition at line <link linkend="__hotel_8h_source_1l00055">55</link> of file <link linkend="__hotel_8h_source">Hotel.h</link>.</para>
<programlisting>00056 &#32;&#32;&#32;&#32;&#32;&#32;{
00057 &#32;&#32;&#32;&#32;&#32;&#32;&#32;&#32;&#32;&#32;&#32;&#32;<emphasis role="keywordtype">int</emphasis>&#32;years&#32;=&#32;d.<link linkend="_class_date_1a9e77e9f49890449fea9aeb8114da95ff">get_year</link>();
00058 
00059 &#32;&#32;&#32;&#32;&#32;&#32;&#32;&#32;&#32;&#32;&#32;&#32;<emphasis role="keywordflow">if</emphasis>&#32;(d.<link linkend="_class_date_1a89ae60bad421600e3ee901eb0df44975">get_month</link>()&#32;&lt;=&#32;2)
00060 &#32;&#32;&#32;&#32;&#32;&#32;&#32;&#32;&#32;&#32;&#32;&#32;{
00061 &#32;&#32;&#32;&#32;&#32;&#32;&#32;&#32;&#32;&#32;&#32;&#32;&#32;&#32;&#32;&#32;&#32;&#32;years--;
00062 &#32;&#32;&#32;&#32;&#32;&#32;&#32;&#32;&#32;&#32;&#32;&#32;}
00063 
00064 &#32;&#32;&#32;&#32;&#32;&#32;&#32;&#32;&#32;&#32;&#32;&#32;<emphasis role="keywordflow">return</emphasis>&#32;years&#32;/&#32;4&#32;-&#32;years&#32;/&#32;100&#32;+&#32;years&#32;/&#32;400;
00065 &#32;&#32;&#32;&#32;&#32;&#32;}
</programlisting><para>
References <link linkend="__date_8cpp_source_1l00216">Date::get_month()</link>, and <link linkend="__date_8cpp_source_1l00220">Date::get_year()</link>.</para>
    </section><anchor xml:id="_class_hotel_1a330f7b11dd6825eaa9aceb0c1c5aa351"/>    <section>
    <title>daysBetweenTwoDates()</title>
<indexterm><primary>daysBetweenTwoDates</primary><secondary>Hotel</secondary></indexterm>
<indexterm><primary>Hotel</primary><secondary>daysBetweenTwoDates</secondary></indexterm>
<para><computeroutput>int Hotel::daysBetweenTwoDates (const <link linkend="_class_date">Date</link> &amp; firstDate, const <link linkend="_class_date">Date</link> &amp; secondDate)<computeroutput>[inline]</computeroutput>, <computeroutput>[private]</computeroutput></computeroutput></para><para>

<para>counts days between two dates </para>
</para>
<para>
Definition at line <link linkend="__hotel_8h_source_1l00067">67</link> of file <link linkend="__hotel_8h_source">Hotel.h</link>.</para>
<programlisting>00068 &#32;&#32;&#32;&#32;&#32;&#32;{
00069 &#32;&#32;&#32;&#32;&#32;&#32;&#32;&#32;&#32;&#32;&#32;&#32;<emphasis role="keyword">const</emphasis>&#32;<emphasis role="keywordtype">int</emphasis>&#32;monthDays[12]&#32;=&#32;{&#32;31,&#32;28,&#32;31,&#32;30,&#32;31,&#32;30,
00070 &#32;&#32;&#32;&#32;&#32;&#32;&#32;&#32;&#32;&#32;&#32;&#32;&#32;&#32;&#32;&#32;&#32;&#32;&#32;&#32;&#32;&#32;&#32;&#32;&#32;&#32;&#32;&#32;&#32;&#32;&#32;&#32;&#32;&#32;&#32;&#32;&#32;&#32;&#32;&#32;&#32;&#32;&#32;&#32;&#32;&#32;&#32;&#32;&#32;&#32;&#32;&#32;&#32;&#32;31,&#32;31,&#32;30,&#32;31,&#32;30,&#32;31&#32;};
00071 
00072 &#32;&#32;&#32;&#32;&#32;&#32;&#32;&#32;&#32;&#32;&#32;&#32;<emphasis role="keywordtype">long</emphasis>&#32;<emphasis role="keywordtype">int</emphasis>&#32;n1&#32;=&#32;firstDate.<link linkend="_class_date_1a9e77e9f49890449fea9aeb8114da95ff">get_year</link>()&#32;*&#32;365&#32;+&#32;firstDate.<link linkend="_class_date_1a86208bd42da6587c4b45ed93d688d483">get_day</link>();
00073 &#32;&#32;&#32;&#32;&#32;&#32;&#32;&#32;&#32;&#32;&#32;&#32;<emphasis role="keywordflow">for</emphasis>&#32;(<emphasis role="keywordtype">int</emphasis>&#32;i&#32;=&#32;0;&#32;i&#32;&lt;&#32;firstDate.<link linkend="_class_date_1a89ae60bad421600e3ee901eb0df44975">get_month</link>()&#32;-&#32;1;&#32;i++)
00074 &#32;&#32;&#32;&#32;&#32;&#32;&#32;&#32;&#32;&#32;&#32;&#32;{
00075 &#32;&#32;&#32;&#32;&#32;&#32;&#32;&#32;&#32;&#32;&#32;&#32;&#32;&#32;&#32;&#32;&#32;&#32;n1&#32;+=&#32;monthDays[i];
00076 &#32;&#32;&#32;&#32;&#32;&#32;&#32;&#32;&#32;&#32;&#32;&#32;}
00077 &#32;&#32;&#32;&#32;&#32;&#32;&#32;&#32;&#32;&#32;&#32;&#32;n1&#32;+=&#32;<link linkend="_class_hotel_1ab110fbdc0a4a56f963e6e215dfe83201">countLeapYears</link>(firstDate);
00078 
00079 &#32;&#32;&#32;&#32;&#32;&#32;&#32;&#32;&#32;&#32;&#32;&#32;<emphasis role="keywordtype">long</emphasis>&#32;<emphasis role="keywordtype">int</emphasis>&#32;n2&#32;=&#32;secondDate.<link linkend="_class_date_1a9e77e9f49890449fea9aeb8114da95ff">get_year</link>()&#32;*&#32;365&#32;+&#32;secondDate.<link linkend="_class_date_1a86208bd42da6587c4b45ed93d688d483">get_day</link>();
00080 &#32;&#32;&#32;&#32;&#32;&#32;&#32;&#32;&#32;&#32;&#32;&#32;<emphasis role="keywordflow">for</emphasis>&#32;(<emphasis role="keywordtype">int</emphasis>&#32;i&#32;=&#32;0;&#32;i&#32;&lt;&#32;secondDate.<link linkend="_class_date_1a89ae60bad421600e3ee901eb0df44975">get_month</link>()&#32;-&#32;1;&#32;i++)
00081 &#32;&#32;&#32;&#32;&#32;&#32;&#32;&#32;&#32;&#32;&#32;&#32;{
00082 &#32;&#32;&#32;&#32;&#32;&#32;&#32;&#32;&#32;&#32;&#32;&#32;&#32;&#32;&#32;&#32;&#32;&#32;n2&#32;+=&#32;monthDays[i];
00083 &#32;&#32;&#32;&#32;&#32;&#32;&#32;&#32;&#32;&#32;&#32;&#32;}
00084 &#32;&#32;&#32;&#32;&#32;&#32;&#32;&#32;&#32;&#32;&#32;&#32;n2&#32;+=&#32;<link linkend="_class_hotel_1ab110fbdc0a4a56f963e6e215dfe83201">countLeapYears</link>(secondDate);
00085 
00086 &#32;&#32;&#32;&#32;&#32;&#32;&#32;&#32;&#32;&#32;&#32;&#32;<emphasis role="keywordflow">return</emphasis>&#32;(n2&#32;-&#32;n1);
00087 &#32;&#32;&#32;&#32;&#32;&#32;}
</programlisting><para>
References <link linkend="__hotel_8h_source_1l00055">countLeapYears()</link>, <link linkend="__date_8cpp_source_1l00212">Date::get_day()</link>, <link linkend="__date_8cpp_source_1l00216">Date::get_month()</link>, and <link linkend="__date_8cpp_source_1l00220">Date::get_year()</link>.</para>
    </section><anchor xml:id="_class_hotel_1a0e643c11bdbceb831df7f067d5e80d78"/>    <section>
    <title>find()</title>
<indexterm><primary>find</primary><secondary>Hotel</secondary></indexterm>
<indexterm><primary>Hotel</primary><secondary>find</secondary></indexterm>
<para><computeroutput>void Hotel::find (int beds, const <link linkend="_class_date">Date</link> &amp; startingDate, const <link linkend="_class_date">Date</link> &amp; endDate)</computeroutput></para><para>

<para>Returns a compatible room. </para>
</para>

<para>sorts rooms so that it can be easier to find rooms</para>
<para>
Definition at line <link linkend="__hotel_8cpp_source_1l00091">91</link> of file <link linkend="__hotel_8cpp_source">Hotel.cpp</link>.</para>
<programlisting>00092 {
00094 &#32;&#32;&#32;&#32;&#32;&#32;this-&gt;<link linkend="_class_hotel_1aa32ea42a80c8af601b69d84056b7d6d3">sortRoomsByBedCount</link>(this-&gt;<link linkend="_class_hotel_1a16da8c14e35900d8455c97e6dd62b0fc">rooms</link>);
00095 
00096 &#32;&#32;&#32;&#32;&#32;&#32;<emphasis role="keywordflow">for</emphasis>&#32;(<emphasis role="keywordtype">size_t</emphasis>&#32;i&#32;=&#32;0;&#32;i&#32;&lt;&#32;this-&gt;<link linkend="_class_hotel_1a16da8c14e35900d8455c97e6dd62b0fc">rooms</link>.size();&#32;i++)
00097 &#32;&#32;&#32;&#32;&#32;&#32;{
00098 &#32;&#32;&#32;&#32;&#32;&#32;&#32;&#32;&#32;&#32;&#32;&#32;<emphasis role="keywordflow">if</emphasis>&#32;(this-&gt;<link linkend="_class_hotel_1a16da8c14e35900d8455c97e6dd62b0fc">rooms</link>[i].get_bedCount()&#32;&lt;=&#32;beds)
00099 &#32;&#32;&#32;&#32;&#32;&#32;&#32;&#32;&#32;&#32;&#32;&#32;{
00100 &#32;&#32;&#32;&#32;&#32;&#32;&#32;&#32;&#32;&#32;&#32;&#32;&#32;&#32;&#32;&#32;&#32;&#32;<emphasis role="keywordflow">if</emphasis>&#32;(this-&gt;<link linkend="_class_hotel_1a571420ca46d238c52737a19a9344fbfc">isFree</link>(i,&#32;startingDate,&#32;endDate))
00101 &#32;&#32;&#32;&#32;&#32;&#32;&#32;&#32;&#32;&#32;&#32;&#32;&#32;&#32;&#32;&#32;&#32;&#32;{
00102 &#32;&#32;&#32;&#32;&#32;&#32;&#32;&#32;&#32;&#32;&#32;&#32;&#32;&#32;&#32;&#32;&#32;&#32;&#32;&#32;&#32;&#32;&#32;&#32;this-&gt;<link linkend="_class_hotel_1a16da8c14e35900d8455c97e6dd62b0fc">rooms</link>[i].set_startDate(startingDate);
00103 &#32;&#32;&#32;&#32;&#32;&#32;&#32;&#32;&#32;&#32;&#32;&#32;&#32;&#32;&#32;&#32;&#32;&#32;&#32;&#32;&#32;&#32;&#32;&#32;this-&gt;<link linkend="_class_hotel_1a16da8c14e35900d8455c97e6dd62b0fc">rooms</link>[i].set_endDate(endDate);
00104 &#32;&#32;&#32;&#32;&#32;&#32;&#32;&#32;&#32;&#32;&#32;&#32;&#32;&#32;&#32;&#32;&#32;&#32;&#32;&#32;&#32;&#32;&#32;&#32;this-&gt;<link linkend="_class_hotel_1a16da8c14e35900d8455c97e6dd62b0fc">rooms</link>[i].set_guest(<emphasis role="stringliteral">&quot;&quot;</emphasis>);
00105 &#32;&#32;&#32;&#32;&#32;&#32;&#32;&#32;&#32;&#32;&#32;&#32;&#32;&#32;&#32;&#32;&#32;&#32;&#32;&#32;&#32;&#32;&#32;&#32;<emphasis role="keywordflow">break</emphasis>;
00106 &#32;&#32;&#32;&#32;&#32;&#32;&#32;&#32;&#32;&#32;&#32;&#32;&#32;&#32;&#32;&#32;&#32;&#32;}
00107 &#32;&#32;&#32;&#32;&#32;&#32;&#32;&#32;&#32;&#32;&#32;&#32;}
00108 &#32;&#32;&#32;&#32;&#32;&#32;}
00109 }
</programlisting><para>
References <link linkend="__hotel_8h_source_1l00034">isFree()</link>, <link linkend="__hotel_8h_source_1l00012">rooms</link>, and <link linkend="__hotel_8h_source_1l00015">sortRoomsByBedCount()</link>.</para>
    </section><anchor xml:id="_class_hotel_1a571420ca46d238c52737a19a9344fbfc"/>    <section>
    <title>isFree()</title>
<indexterm><primary>isFree</primary><secondary>Hotel</secondary></indexterm>
<indexterm><primary>Hotel</primary><secondary>isFree</secondary></indexterm>
<para><computeroutput>bool Hotel::isFree (int index, const <link linkend="_class_date">Date</link> &amp; startingDate, const <link linkend="_class_date">Date</link> &amp; endDate)<computeroutput>[inline]</computeroutput>, <computeroutput>[private]</computeroutput></computeroutput></para><para>

<para>isFree check if input dates are compatible with the given room`s dates </para>
</para>
<para>
Definition at line <link linkend="__hotel_8h_source_1l00034">34</link> of file <link linkend="__hotel_8h_source">Hotel.h</link>.</para>
<programlisting>00035 &#32;&#32;&#32;&#32;&#32;&#32;{
00036 &#32;&#32;&#32;&#32;&#32;&#32;&#32;&#32;&#32;&#32;&#32;&#32;<link linkend="_class_date">Date</link>&#32;roomStartingDate&#32;=&#32;this-&gt;<link linkend="_class_hotel_1a16da8c14e35900d8455c97e6dd62b0fc">rooms</link>[index].get_startDate();
00037 &#32;&#32;&#32;&#32;&#32;&#32;&#32;&#32;&#32;&#32;&#32;&#32;<link linkend="_class_date">Date</link>&#32;roomEndDate&#32;=&#32;this-&gt;<link linkend="_class_hotel_1a16da8c14e35900d8455c97e6dd62b0fc">rooms</link>[index].get_endDate();
00038 
00039 &#32;&#32;&#32;&#32;&#32;&#32;&#32;&#32;&#32;&#32;&#32;&#32;<emphasis role="keywordflow">if</emphasis>&#32;(roomStartingDate&#32;&lt;=&#32;startingDate&#32;&amp;&amp;&#32;roomEndDate&#32;&gt;=&#32;endDate)
00040 &#32;&#32;&#32;&#32;&#32;&#32;&#32;&#32;&#32;&#32;&#32;&#32;{
00041 &#32;&#32;&#32;&#32;&#32;&#32;&#32;&#32;&#32;&#32;&#32;&#32;&#32;&#32;&#32;&#32;&#32;&#32;<emphasis role="keywordflow">return</emphasis>&#32;<emphasis role="keyword">false</emphasis>;
00042 &#32;&#32;&#32;&#32;&#32;&#32;&#32;&#32;&#32;&#32;&#32;&#32;}
00043 &#32;&#32;&#32;&#32;&#32;&#32;&#32;&#32;&#32;&#32;&#32;&#32;<emphasis role="keywordflow">else</emphasis>&#32;<emphasis role="keywordflow">if</emphasis>&#32;(roomStartingDate&#32;&lt;=&#32;startingDate&#32;&amp;&amp;&#32;roomEndDate&#32;&gt;=&#32;startingDate&#32;&amp;&amp;&#32;roomEndDate&#32;&lt;&#32;endDate)
00044 &#32;&#32;&#32;&#32;&#32;&#32;&#32;&#32;&#32;&#32;&#32;&#32;{
00045 &#32;&#32;&#32;&#32;&#32;&#32;&#32;&#32;&#32;&#32;&#32;&#32;&#32;&#32;&#32;&#32;&#32;&#32;<emphasis role="keywordflow">return</emphasis>&#32;<emphasis role="keyword">false</emphasis>;
00046 &#32;&#32;&#32;&#32;&#32;&#32;&#32;&#32;&#32;&#32;&#32;&#32;}
00047 &#32;&#32;&#32;&#32;&#32;&#32;&#32;&#32;&#32;&#32;&#32;&#32;<emphasis role="keywordflow">else</emphasis>&#32;<emphasis role="keywordflow">if</emphasis>&#32;(roomStartingDate&#32;&gt;&#32;startingDate&#32;&amp;&amp;&#32;roomStartingDate&#32;&lt;=&#32;endDate&#32;&amp;&amp;&#32;roomEndDate&#32;&gt;=&#32;endDate)
00048 &#32;&#32;&#32;&#32;&#32;&#32;&#32;&#32;&#32;&#32;&#32;&#32;{
00049 &#32;&#32;&#32;&#32;&#32;&#32;&#32;&#32;&#32;&#32;&#32;&#32;&#32;&#32;&#32;&#32;&#32;&#32;<emphasis role="keywordflow">return</emphasis>&#32;<emphasis role="keyword">false</emphasis>;
00050 &#32;&#32;&#32;&#32;&#32;&#32;&#32;&#32;&#32;&#32;&#32;&#32;}
00051 &#32;&#32;&#32;&#32;&#32;&#32;&#32;&#32;&#32;&#32;&#32;&#32;<emphasis role="keywordflow">return</emphasis>&#32;<emphasis role="keyword">true</emphasis>;
00052 
00053 &#32;&#32;&#32;&#32;&#32;&#32;}
</programlisting>    </section><anchor xml:id="_class_hotel_1ae53b1ad03b24d52c98e47f296da07196"/>    <section>
    <title>print()</title>
<indexterm><primary>print</primary><secondary>Hotel</secondary></indexterm>
<indexterm><primary>Hotel</primary><secondary>print</secondary></indexterm>
<para><computeroutput>void Hotel::print (std::ofstream &amp; file)</computeroutput></para><para>

<para>prins information for each room of the hotel </para>
</para>
<para>
Definition at line <link linkend="__hotel_8cpp_source_1l00158">158</link> of file <link linkend="__hotel_8cpp_source">Hotel.cpp</link>.</para>
<programlisting>00159 {
00160 &#32;&#32;&#32;&#32;&#32;&#32;<emphasis role="keywordflow">for</emphasis>&#32;(<emphasis role="keywordtype">int</emphasis>&#32;i&#32;=&#32;0;&#32;i&#32;&lt;&#32;this-&gt;<link linkend="_class_hotel_1a16da8c14e35900d8455c97e6dd62b0fc">rooms</link>.size();&#32;i++)
00161 &#32;&#32;&#32;&#32;&#32;&#32;{
00162 &#32;&#32;&#32;&#32;&#32;&#32;&#32;&#32;&#32;&#32;&#32;&#32;file&#32;&lt;&lt;&#32;this-&gt;<link linkend="_class_hotel_1a16da8c14e35900d8455c97e6dd62b0fc">rooms</link>[i].get_number()&#32;&lt;&lt;&#32;<emphasis role="stringliteral">&quot;&#32;&quot;</emphasis>&#32;&lt;&lt;&#32;this-&gt;<link linkend="_class_hotel_1a16da8c14e35900d8455c97e6dd62b0fc">rooms</link>[i].get_bedCount()
00163 &#32;&#32;&#32;&#32;&#32;&#32;&#32;&#32;&#32;&#32;&#32;&#32;&#32;&#32;&#32;&#32;&#32;&#32;&lt;&lt;&#32;<emphasis role="stringliteral">&quot;&#32;&quot;</emphasis>&#32;&lt;&lt;&#32;this-&gt;<link linkend="_class_hotel_1a16da8c14e35900d8455c97e6dd62b0fc">rooms</link>[i].get_startDate().get_day()
00164 &#32;&#32;&#32;&#32;&#32;&#32;&#32;&#32;&#32;&#32;&#32;&#32;&#32;&#32;&#32;&#32;&#32;&#32;&lt;&lt;&#32;<emphasis role="stringliteral">&quot;.&quot;</emphasis>&#32;&lt;&lt;&#32;this-&gt;<link linkend="_class_hotel_1a16da8c14e35900d8455c97e6dd62b0fc">rooms</link>[i].get_startDate().get_month()
00165 &#32;&#32;&#32;&#32;&#32;&#32;&#32;&#32;&#32;&#32;&#32;&#32;&#32;&#32;&#32;&#32;&#32;&#32;&lt;&lt;&#32;<emphasis role="stringliteral">&quot;.&quot;</emphasis>&#32;&lt;&lt;&#32;this-&gt;<link linkend="_class_hotel_1a16da8c14e35900d8455c97e6dd62b0fc">rooms</link>[i].get_startDate().get_year()
00166 &#32;&#32;&#32;&#32;&#32;&#32;&#32;&#32;&#32;&#32;&#32;&#32;&#32;&#32;&#32;&#32;&#32;&#32;&lt;&lt;&#32;<emphasis role="stringliteral">&quot;&#32;&quot;</emphasis>&#32;&lt;&lt;&#32;this-&gt;<link linkend="_class_hotel_1a16da8c14e35900d8455c97e6dd62b0fc">rooms</link>[i].get_endDate().get_day()
00167 &#32;&#32;&#32;&#32;&#32;&#32;&#32;&#32;&#32;&#32;&#32;&#32;&#32;&#32;&#32;&#32;&#32;&#32;&lt;&lt;&#32;<emphasis role="stringliteral">&quot;.&quot;</emphasis>&#32;&lt;&lt;&#32;this-&gt;<link linkend="_class_hotel_1a16da8c14e35900d8455c97e6dd62b0fc">rooms</link>[i].get_endDate().get_month()
00168 &#32;&#32;&#32;&#32;&#32;&#32;&#32;&#32;&#32;&#32;&#32;&#32;&#32;&#32;&#32;&#32;&#32;&#32;&lt;&lt;&#32;<emphasis role="stringliteral">&quot;.&quot;</emphasis>&#32;&lt;&lt;&#32;this-&gt;<link linkend="_class_hotel_1a16da8c14e35900d8455c97e6dd62b0fc">rooms</link>[i].get_endDate().get_year()
00169 &#32;&#32;&#32;&#32;&#32;&#32;&#32;&#32;&#32;&#32;&#32;&#32;&#32;&#32;&#32;&#32;&#32;&#32;&lt;&lt;&#32;<emphasis role="stringliteral">&quot;&#32;&quot;</emphasis>&#32;&lt;&lt;&#32;this-&gt;<link linkend="_class_hotel_1a16da8c14e35900d8455c97e6dd62b0fc">rooms</link>[i].get_guests()&#32;&lt;&lt;&#32;std::endl;
00170 &#32;&#32;&#32;&#32;&#32;&#32;}
00171 }
</programlisting><para>
References <link linkend="__hotel_8h_source_1l00012">rooms</link>.</para>
    </section><anchor xml:id="_class_hotel_1ad171c1a2aa955c10b16be3222b3b5602"/>    <section>
    <title>report()</title>
<indexterm><primary>report</primary><secondary>Hotel</secondary></indexterm>
<indexterm><primary>Hotel</primary><secondary>report</secondary></indexterm>
<para><computeroutput>void Hotel::report (<link linkend="_class_date">Date</link> &amp; startingDate, <link linkend="_class_date">Date</link> &amp; endDate)</computeroutput></para><para>

<para>Returns days of use for each room between two dates. </para>
</para>
<para>
Definition at line <link linkend="__hotel_8cpp_source_1l00061">61</link> of file <link linkend="__hotel_8cpp_source">Hotel.cpp</link>.</para>
<programlisting>00062 {
00063 &#32;&#32;&#32;&#32;&#32;&#32;<emphasis role="keywordflow">for</emphasis>&#32;(<emphasis role="keywordtype">size_t</emphasis>&#32;i&#32;=&#32;0;&#32;i&#32;&lt;&#32;this-&gt;<link linkend="_class_hotel_1a16da8c14e35900d8455c97e6dd62b0fc">rooms</link>.size();&#32;i++)
00064 &#32;&#32;&#32;&#32;&#32;&#32;{
00065 &#32;&#32;&#32;&#32;&#32;&#32;&#32;&#32;&#32;&#32;&#32;&#32;<link linkend="_class_date">Date</link>&#32;roomStartingDate&#32;=&#32;this-&gt;<link linkend="_class_hotel_1a16da8c14e35900d8455c97e6dd62b0fc">rooms</link>[i].get_startDate();
00066 &#32;&#32;&#32;&#32;&#32;&#32;&#32;&#32;&#32;&#32;&#32;&#32;<link linkend="_class_date">Date</link>&#32;roomEndDate&#32;=&#32;this-&gt;<link linkend="_class_hotel_1a16da8c14e35900d8455c97e6dd62b0fc">rooms</link>[i].get_endDate();
00067 
00068 &#32;&#32;&#32;&#32;&#32;&#32;&#32;&#32;&#32;&#32;&#32;&#32;<emphasis role="keywordflow">if</emphasis>&#32;(roomStartingDate&#32;&lt;=&#32;startingDate&#32;&amp;&amp;&#32;endDate&#32;&lt;=&#32;roomEndDate)
00069 &#32;&#32;&#32;&#32;&#32;&#32;&#32;&#32;&#32;&#32;&#32;&#32;{
00070 &#32;&#32;&#32;&#32;&#32;&#32;&#32;&#32;&#32;&#32;&#32;&#32;&#32;&#32;&#32;&#32;&#32;&#32;std::cout&#32;&lt;&lt;&#32;this-&gt;<link linkend="_class_hotel_1a330f7b11dd6825eaa9aceb0c1c5aa351">daysBetweenTwoDates</link>(startingDate,&#32;endDate)&#32;&lt;&lt;&#32;std::endl;
00071 &#32;&#32;&#32;&#32;&#32;&#32;&#32;&#32;&#32;&#32;&#32;&#32;}
00072 &#32;&#32;&#32;&#32;&#32;&#32;&#32;&#32;&#32;&#32;&#32;&#32;<emphasis role="keywordflow">else</emphasis>&#32;<emphasis role="keywordflow">if</emphasis>&#32;(roomStartingDate&#32;&gt;=&#32;startingDate&#32;&amp;&amp;&#32;endDate&#32;&gt;=&#32;roomStartingDate&#32;&amp;&amp;&#32;endDate&#32;&lt;=&#32;roomEndDate)
00073 &#32;&#32;&#32;&#32;&#32;&#32;&#32;&#32;&#32;&#32;&#32;&#32;{
00074 &#32;&#32;&#32;&#32;&#32;&#32;&#32;&#32;&#32;&#32;&#32;&#32;&#32;&#32;&#32;&#32;&#32;&#32;std::cout&#32;&lt;&lt;&#32;this-&gt;<link linkend="_class_hotel_1a330f7b11dd6825eaa9aceb0c1c5aa351">daysBetweenTwoDates</link>(roomStartingDate,&#32;endDate)&#32;&lt;&lt;&#32;std::endl;
00075 &#32;&#32;&#32;&#32;&#32;&#32;&#32;&#32;&#32;&#32;&#32;&#32;}
00076 &#32;&#32;&#32;&#32;&#32;&#32;&#32;&#32;&#32;&#32;&#32;&#32;<emphasis role="keywordflow">else</emphasis>&#32;<emphasis role="keywordflow">if</emphasis>&#32;(roomStartingDate&#32;&gt;=&#32;startingDate&#32;&amp;&amp;&#32;endDate&#32;&gt;=&#32;roomEndDate)
00077 &#32;&#32;&#32;&#32;&#32;&#32;&#32;&#32;&#32;&#32;&#32;&#32;{
00078 &#32;&#32;&#32;&#32;&#32;&#32;&#32;&#32;&#32;&#32;&#32;&#32;&#32;&#32;&#32;&#32;&#32;&#32;std::cout&#32;&lt;&lt;&#32;this-&gt;<link linkend="_class_hotel_1a330f7b11dd6825eaa9aceb0c1c5aa351">daysBetweenTwoDates</link>(roomStartingDate,&#32;roomEndDate)&#32;&lt;&lt;&#32;std::endl;
00079 &#32;&#32;&#32;&#32;&#32;&#32;&#32;&#32;&#32;&#32;&#32;&#32;}
00080 &#32;&#32;&#32;&#32;&#32;&#32;&#32;&#32;&#32;&#32;&#32;&#32;<emphasis role="keywordflow">else</emphasis>&#32;<emphasis role="keywordflow">if</emphasis>&#32;(roomStartingDate&#32;&lt;=&#32;startingDate&#32;&amp;&amp;&#32;startingDate&#32;&lt;=&#32;&#32;roomEndDate&#32;&amp;&amp;&#32;endDate&#32;&gt;&#32;roomEndDate)
00081 &#32;&#32;&#32;&#32;&#32;&#32;&#32;&#32;&#32;&#32;&#32;&#32;{
00082 &#32;&#32;&#32;&#32;&#32;&#32;&#32;&#32;&#32;&#32;&#32;&#32;&#32;&#32;&#32;&#32;&#32;&#32;std::cout&#32;&lt;&lt;&#32;this-&gt;<link linkend="_class_hotel_1a330f7b11dd6825eaa9aceb0c1c5aa351">daysBetweenTwoDates</link>(startingDate,&#32;roomEndDate)&#32;&lt;&lt;&#32;std::endl;
00083 &#32;&#32;&#32;&#32;&#32;&#32;&#32;&#32;&#32;&#32;&#32;&#32;}
00084 &#32;&#32;&#32;&#32;&#32;&#32;&#32;&#32;&#32;&#32;&#32;&#32;<emphasis role="keywordflow">else</emphasis>
00085 &#32;&#32;&#32;&#32;&#32;&#32;&#32;&#32;&#32;&#32;&#32;&#32;{
00086 &#32;&#32;&#32;&#32;&#32;&#32;&#32;&#32;&#32;&#32;&#32;&#32;&#32;&#32;&#32;&#32;&#32;&#32;std::cout&#32;&lt;&lt;&#32;<emphasis role="stringliteral">&quot;Date&#32;not&#32;in&#32;range&quot;</emphasis>&#32;&lt;&lt;&#32;std::endl;
00087 &#32;&#32;&#32;&#32;&#32;&#32;&#32;&#32;&#32;&#32;&#32;&#32;}
00088 &#32;&#32;&#32;&#32;&#32;&#32;}
00089 }
</programlisting><para>
References <link linkend="__hotel_8h_source_1l00067">daysBetweenTwoDates()</link>, and <link linkend="__hotel_8h_source_1l00012">rooms</link>.</para>
    </section><anchor xml:id="_class_hotel_1aa32ea42a80c8af601b69d84056b7d6d3"/>    <section>
    <title>sortRoomsByBedCount()</title>
<indexterm><primary>sortRoomsByBedCount</primary><secondary>Hotel</secondary></indexterm>
<indexterm><primary>Hotel</primary><secondary>sortRoomsByBedCount</secondary></indexterm>
<para><computeroutput>void Hotel::sortRoomsByBedCount (std::vector&lt; <link linkend="_class_room">Room</link> &gt; rooms)<computeroutput>[inline]</computeroutput>, <computeroutput>[private]</computeroutput></computeroutput></para><para>

<para>sorts the rooms in a hotel by their bed count </para>
</para>
<para>
Definition at line <link linkend="__hotel_8h_source_1l00015">15</link> of file <link linkend="__hotel_8h_source">Hotel.h</link>.</para>
<programlisting>00016 &#32;&#32;&#32;&#32;&#32;&#32;{
00017 &#32;&#32;&#32;&#32;&#32;&#32;&#32;&#32;&#32;&#32;&#32;&#32;<emphasis role="keywordtype">size_t</emphasis>&#32;i,&#32;j;
00018 &#32;&#32;&#32;&#32;&#32;&#32;&#32;&#32;&#32;&#32;&#32;&#32;<emphasis role="keywordflow">for</emphasis>&#32;(i&#32;=&#32;0;&#32;i&#32;&lt;&#32;this-&gt;<link linkend="_class_hotel_1a16da8c14e35900d8455c97e6dd62b0fc">rooms</link>.size()&#32;-&#32;1;&#32;i++)
00019 &#32;&#32;&#32;&#32;&#32;&#32;&#32;&#32;&#32;&#32;&#32;&#32;{
00020 &#32;&#32;&#32;&#32;&#32;&#32;&#32;&#32;&#32;&#32;&#32;&#32;&#32;&#32;&#32;&#32;&#32;&#32;<emphasis role="keywordflow">for</emphasis>&#32;(j&#32;=&#32;0;&#32;j&#32;&lt;&#32;this-&gt;<link linkend="_class_hotel_1a16da8c14e35900d8455c97e6dd62b0fc">rooms</link>.size()&#32;-&#32;i&#32;-&#32;1;&#32;j++)
00021 &#32;&#32;&#32;&#32;&#32;&#32;&#32;&#32;&#32;&#32;&#32;&#32;&#32;&#32;&#32;&#32;&#32;&#32;{
00022 &#32;&#32;&#32;&#32;&#32;&#32;&#32;&#32;&#32;&#32;&#32;&#32;&#32;&#32;&#32;&#32;&#32;&#32;&#32;&#32;&#32;&#32;&#32;&#32;<emphasis role="keywordflow">if</emphasis>&#32;(<link linkend="_class_hotel_1a16da8c14e35900d8455c97e6dd62b0fc">rooms</link>[j].get_bedCount()&#32;&gt;&#32;<link linkend="_class_hotel_1a16da8c14e35900d8455c97e6dd62b0fc">rooms</link>[j&#32;+&#32;1].get_bedCount())
00023 &#32;&#32;&#32;&#32;&#32;&#32;&#32;&#32;&#32;&#32;&#32;&#32;&#32;&#32;&#32;&#32;&#32;&#32;&#32;&#32;&#32;&#32;&#32;&#32;{
00024 &#32;&#32;&#32;&#32;&#32;&#32;&#32;&#32;&#32;&#32;&#32;&#32;&#32;&#32;&#32;&#32;&#32;&#32;&#32;&#32;&#32;&#32;&#32;&#32;&#32;&#32;&#32;&#32;&#32;&#32;<link linkend="_class_room">Room</link>&#32;temp&#32;=&#32;<link linkend="_class_hotel_1a16da8c14e35900d8455c97e6dd62b0fc">rooms</link>[j];
00025 &#32;&#32;&#32;&#32;&#32;&#32;&#32;&#32;&#32;&#32;&#32;&#32;&#32;&#32;&#32;&#32;&#32;&#32;&#32;&#32;&#32;&#32;&#32;&#32;&#32;&#32;&#32;&#32;&#32;&#32;<link linkend="_class_hotel_1a16da8c14e35900d8455c97e6dd62b0fc">rooms</link>[j]&#32;=&#32;<link linkend="_class_hotel_1a16da8c14e35900d8455c97e6dd62b0fc">rooms</link>[j&#32;+&#32;1];
00026 &#32;&#32;&#32;&#32;&#32;&#32;&#32;&#32;&#32;&#32;&#32;&#32;&#32;&#32;&#32;&#32;&#32;&#32;&#32;&#32;&#32;&#32;&#32;&#32;&#32;&#32;&#32;&#32;&#32;&#32;<link linkend="_class_hotel_1a16da8c14e35900d8455c97e6dd62b0fc">rooms</link>[j&#32;+&#32;1]&#32;=&#32;temp;
00027 &#32;&#32;&#32;&#32;&#32;&#32;&#32;&#32;&#32;&#32;&#32;&#32;&#32;&#32;&#32;&#32;&#32;&#32;&#32;&#32;&#32;&#32;&#32;&#32;}
00028 &#32;&#32;&#32;&#32;&#32;&#32;&#32;&#32;&#32;&#32;&#32;&#32;&#32;&#32;&#32;&#32;&#32;&#32;}&#32;&#32;&#32;&#32;&#32;&#32;&#32;&#32;&#32;&#32;&#32;&#32;&#32;&#32;&#32;&#32;&#32;
00029 &#32;&#32;&#32;&#32;&#32;&#32;&#32;&#32;&#32;&#32;&#32;&#32;}
00030 
00031 &#32;&#32;&#32;&#32;&#32;&#32;&#32;&#32;&#32;&#32;&#32;&#32;this-&gt;<link linkend="_class_hotel_1a16da8c14e35900d8455c97e6dd62b0fc">rooms</link>&#32;=&#32;<link linkend="_class_hotel_1a16da8c14e35900d8455c97e6dd62b0fc">rooms</link>;
00032 &#32;&#32;&#32;&#32;&#32;&#32;}
</programlisting><para>
References <link linkend="__hotel_8h_source_1l00012">rooms</link>.</para>
    </section><anchor xml:id="_class_hotel_1a0ae20bdccac171bd43f1c24e5687c645"/>    <section>
    <title>unavailable()</title>
<indexterm><primary>unavailable</primary><secondary>Hotel</secondary></indexterm>
<indexterm><primary>Hotel</primary><secondary>unavailable</secondary></indexterm>
<para><computeroutput>void Hotel::unavailable (int room, const <link linkend="_class_date">Date</link> &amp; startingDate, const <link linkend="_class_date">Date</link> &amp; endDate, const std::string &amp; note)</computeroutput></para><para>

<para>Makes a room unavailable. </para>
</para>
<para>
Definition at line <link linkend="__hotel_8cpp_source_1l00145">145</link> of file <link linkend="__hotel_8cpp_source">Hotel.cpp</link>.</para>
<programlisting>00146 {
00147 &#32;&#32;&#32;&#32;&#32;&#32;<emphasis role="keywordflow">for</emphasis>&#32;(<emphasis role="keywordtype">size_t</emphasis>&#32;i&#32;=&#32;0;&#32;i&#32;&lt;&#32;this-&gt;<link linkend="_class_hotel_1a16da8c14e35900d8455c97e6dd62b0fc">rooms</link>.size();&#32;i++)
00148 &#32;&#32;&#32;&#32;&#32;&#32;{
00149 &#32;&#32;&#32;&#32;&#32;&#32;&#32;&#32;&#32;&#32;&#32;&#32;<emphasis role="keywordflow">if</emphasis>&#32;(this-&gt;<link linkend="_class_hotel_1a16da8c14e35900d8455c97e6dd62b0fc">rooms</link>[i].get_number()&#32;==&#32;room)
00150 &#32;&#32;&#32;&#32;&#32;&#32;&#32;&#32;&#32;&#32;&#32;&#32;{
00151 &#32;&#32;&#32;&#32;&#32;&#32;&#32;&#32;&#32;&#32;&#32;&#32;&#32;&#32;&#32;&#32;&#32;&#32;this-&gt;<link linkend="_class_hotel_1a16da8c14e35900d8455c97e6dd62b0fc">rooms</link>[i].set_startDate(startingDate);
00152 &#32;&#32;&#32;&#32;&#32;&#32;&#32;&#32;&#32;&#32;&#32;&#32;&#32;&#32;&#32;&#32;&#32;&#32;this-&gt;<link linkend="_class_hotel_1a16da8c14e35900d8455c97e6dd62b0fc">rooms</link>[i].set_endDate(endDate);
00153 &#32;&#32;&#32;&#32;&#32;&#32;&#32;&#32;&#32;&#32;&#32;&#32;&#32;&#32;&#32;&#32;&#32;&#32;this-&gt;<link linkend="_class_hotel_1a16da8c14e35900d8455c97e6dd62b0fc">rooms</link>[i].set_guest(note);
00154 &#32;&#32;&#32;&#32;&#32;&#32;&#32;&#32;&#32;&#32;&#32;&#32;}
00155 &#32;&#32;&#32;&#32;&#32;&#32;}
00156 }
</programlisting><para>
References <link linkend="__hotel_8h_source_1l00012">rooms</link>.</para>
    </section><anchor xml:id="_class_hotel_1abff6901218c96643e4cdfad7e232f208"/>    <section>
    <title>VIP_find()</title>
<indexterm><primary>VIP_find</primary><secondary>Hotel</secondary></indexterm>
<indexterm><primary>Hotel</primary><secondary>VIP_find</secondary></indexterm>
<para><computeroutput>void Hotel::VIP_find (int beds, const <link linkend="_class_date">Date</link> &amp; startingDate, const <link linkend="_class_date">Date</link> &amp; endDate)</computeroutput></para><para>

<para>Removes guests from rooms in case the hotel is full so that the VIP guests can be checked in. </para>
</para>

<para>sorts rooms so that it can be easier to find rooms</para>
<para>
Definition at line <link linkend="__hotel_8cpp_source_1l00111">111</link> of file <link linkend="__hotel_8cpp_source">Hotel.cpp</link>.</para>
<programlisting>00112 {
00114 &#32;&#32;&#32;&#32;&#32;&#32;this-&gt;<link linkend="_class_hotel_1aa32ea42a80c8af601b69d84056b7d6d3">sortRoomsByBedCount</link>(this-&gt;<link linkend="_class_hotel_1a16da8c14e35900d8455c97e6dd62b0fc">rooms</link>);
00115 
00116 &#32;&#32;&#32;&#32;&#32;&#32;<emphasis role="keywordflow">for</emphasis>&#32;(<emphasis role="keywordtype">size_t</emphasis>&#32;i&#32;=&#32;0;&#32;i&#32;&lt;&#32;this-&gt;<link linkend="_class_hotel_1a16da8c14e35900d8455c97e6dd62b0fc">rooms</link>.size();&#32;i++)
00117 &#32;&#32;&#32;&#32;&#32;&#32;{
00118 &#32;&#32;&#32;&#32;&#32;&#32;&#32;&#32;&#32;&#32;&#32;&#32;<emphasis role="keywordflow">if</emphasis>&#32;(this-&gt;<link linkend="_class_hotel_1a16da8c14e35900d8455c97e6dd62b0fc">rooms</link>[i].get_bedCount()&#32;&gt;=&#32;beds)
00119 &#32;&#32;&#32;&#32;&#32;&#32;&#32;&#32;&#32;&#32;&#32;&#32;{
00120 &#32;&#32;&#32;&#32;&#32;&#32;&#32;&#32;&#32;&#32;&#32;&#32;&#32;&#32;&#32;&#32;&#32;&#32;this-&gt;<link linkend="_class_hotel_1a16da8c14e35900d8455c97e6dd62b0fc">rooms</link>[i].set_startDate(startingDate);
00121 &#32;&#32;&#32;&#32;&#32;&#32;&#32;&#32;&#32;&#32;&#32;&#32;&#32;&#32;&#32;&#32;&#32;&#32;this-&gt;<link linkend="_class_hotel_1a16da8c14e35900d8455c97e6dd62b0fc">rooms</link>[i].set_endDate(endDate);
00122 &#32;&#32;&#32;&#32;&#32;&#32;&#32;&#32;&#32;&#32;&#32;&#32;&#32;&#32;&#32;&#32;&#32;&#32;this-&gt;<link linkend="_class_hotel_1a16da8c14e35900d8455c97e6dd62b0fc">rooms</link>[i].set_guest(<emphasis role="stringliteral">&quot;VIP&quot;</emphasis>);
00123 &#32;&#32;&#32;&#32;&#32;&#32;&#32;&#32;&#32;&#32;&#32;&#32;&#32;&#32;&#32;&#32;&#32;&#32;<emphasis role="keywordflow">break</emphasis>;
00124 &#32;&#32;&#32;&#32;&#32;&#32;&#32;&#32;&#32;&#32;&#32;&#32;}
00125 &#32;&#32;&#32;&#32;&#32;&#32;&#32;&#32;&#32;&#32;&#32;&#32;<emphasis role="keywordflow">else</emphasis>&#32;<emphasis role="keywordflow">if</emphasis>&#32;(this-&gt;<link linkend="_class_hotel_1a16da8c14e35900d8455c97e6dd62b0fc">rooms</link>[i].get_bedCount()&#32;&lt;&#32;beds&#32;&amp;&amp;&#32;i&#32;==&#32;this-&gt;<link linkend="_class_hotel_1a16da8c14e35900d8455c97e6dd62b0fc">rooms</link>.size()&#32;-&#32;1)
00126 &#32;&#32;&#32;&#32;&#32;&#32;&#32;&#32;&#32;&#32;&#32;&#32;{
00127 &#32;&#32;&#32;&#32;&#32;&#32;&#32;&#32;&#32;&#32;&#32;&#32;&#32;&#32;&#32;&#32;&#32;&#32;<emphasis role="keywordflow">for</emphasis>&#32;(<emphasis role="keywordtype">size_t</emphasis>&#32;i&#32;=&#32;0;&#32;i&#32;&lt;&#32;this-&gt;<link linkend="_class_hotel_1a16da8c14e35900d8455c97e6dd62b0fc">rooms</link>.size();&#32;i++)
00128 &#32;&#32;&#32;&#32;&#32;&#32;&#32;&#32;&#32;&#32;&#32;&#32;&#32;&#32;&#32;&#32;&#32;&#32;{
00129 &#32;&#32;&#32;&#32;&#32;&#32;&#32;&#32;&#32;&#32;&#32;&#32;&#32;&#32;&#32;&#32;&#32;&#32;&#32;&#32;&#32;&#32;&#32;&#32;<emphasis role="keywordtype">int</emphasis>&#32;sumBeds&#32;=&#32;this-&gt;<link linkend="_class_hotel_1a16da8c14e35900d8455c97e6dd62b0fc">rooms</link>[i].get_bedCount()&#32;+&#32;this-&gt;<link linkend="_class_hotel_1a16da8c14e35900d8455c97e6dd62b0fc">rooms</link>[i&#32;+&#32;1].get_bedCount();
00130 &#32;&#32;&#32;&#32;&#32;&#32;&#32;&#32;&#32;&#32;&#32;&#32;&#32;&#32;&#32;&#32;&#32;&#32;&#32;&#32;&#32;&#32;&#32;&#32;<emphasis role="keywordflow">if</emphasis>&#32;(sumBeds&#32;&gt;=&#32;beds)
00131 &#32;&#32;&#32;&#32;&#32;&#32;&#32;&#32;&#32;&#32;&#32;&#32;&#32;&#32;&#32;&#32;&#32;&#32;&#32;&#32;&#32;&#32;&#32;&#32;{
00132 &#32;&#32;&#32;&#32;&#32;&#32;&#32;&#32;&#32;&#32;&#32;&#32;&#32;&#32;&#32;&#32;&#32;&#32;&#32;&#32;&#32;&#32;&#32;&#32;&#32;&#32;&#32;&#32;&#32;&#32;this-&gt;<link linkend="_class_hotel_1a16da8c14e35900d8455c97e6dd62b0fc">rooms</link>[i].set_startDate(startingDate);
00133 &#32;&#32;&#32;&#32;&#32;&#32;&#32;&#32;&#32;&#32;&#32;&#32;&#32;&#32;&#32;&#32;&#32;&#32;&#32;&#32;&#32;&#32;&#32;&#32;&#32;&#32;&#32;&#32;&#32;&#32;this-&gt;<link linkend="_class_hotel_1a16da8c14e35900d8455c97e6dd62b0fc">rooms</link>[i].set_endDate(endDate);
00134 &#32;&#32;&#32;&#32;&#32;&#32;&#32;&#32;&#32;&#32;&#32;&#32;&#32;&#32;&#32;&#32;&#32;&#32;&#32;&#32;&#32;&#32;&#32;&#32;&#32;&#32;&#32;&#32;&#32;&#32;this-&gt;<link linkend="_class_hotel_1a16da8c14e35900d8455c97e6dd62b0fc">rooms</link>[i].set_guest(<emphasis role="stringliteral">&quot;VIP&quot;</emphasis>);
00135 &#32;&#32;&#32;&#32;&#32;&#32;&#32;&#32;&#32;&#32;&#32;&#32;&#32;&#32;&#32;&#32;&#32;&#32;&#32;&#32;&#32;&#32;&#32;&#32;&#32;&#32;&#32;&#32;&#32;&#32;this-&gt;<link linkend="_class_hotel_1a16da8c14e35900d8455c97e6dd62b0fc">rooms</link>[i&#32;+&#32;1].set_startDate(startingDate);
00136 &#32;&#32;&#32;&#32;&#32;&#32;&#32;&#32;&#32;&#32;&#32;&#32;&#32;&#32;&#32;&#32;&#32;&#32;&#32;&#32;&#32;&#32;&#32;&#32;&#32;&#32;&#32;&#32;&#32;&#32;this-&gt;<link linkend="_class_hotel_1a16da8c14e35900d8455c97e6dd62b0fc">rooms</link>[i&#32;+&#32;1].set_endDate(endDate);
00137 &#32;&#32;&#32;&#32;&#32;&#32;&#32;&#32;&#32;&#32;&#32;&#32;&#32;&#32;&#32;&#32;&#32;&#32;&#32;&#32;&#32;&#32;&#32;&#32;&#32;&#32;&#32;&#32;&#32;&#32;this-&gt;<link linkend="_class_hotel_1a16da8c14e35900d8455c97e6dd62b0fc">rooms</link>[i&#32;+&#32;1].set_guest(<emphasis role="stringliteral">&quot;VIP&quot;</emphasis>);
00138 &#32;&#32;&#32;&#32;&#32;&#32;&#32;&#32;&#32;&#32;&#32;&#32;&#32;&#32;&#32;&#32;&#32;&#32;&#32;&#32;&#32;&#32;&#32;&#32;&#32;&#32;&#32;&#32;&#32;&#32;<emphasis role="keywordflow">break</emphasis>;
00139 &#32;&#32;&#32;&#32;&#32;&#32;&#32;&#32;&#32;&#32;&#32;&#32;&#32;&#32;&#32;&#32;&#32;&#32;&#32;&#32;&#32;&#32;&#32;&#32;}
00140 &#32;&#32;&#32;&#32;&#32;&#32;&#32;&#32;&#32;&#32;&#32;&#32;&#32;&#32;&#32;&#32;&#32;&#32;}
00141 &#32;&#32;&#32;&#32;&#32;&#32;&#32;&#32;&#32;&#32;&#32;&#32;}
00142 &#32;&#32;&#32;&#32;&#32;&#32;}&#32;&#32;&#32;&#32;&#32;
00143 }
</programlisting><para>
References <link linkend="__hotel_8h_source_1l00012">rooms</link>, and <link linkend="__hotel_8h_source_1l00015">sortRoomsByBedCount()</link>.</para>
</section>
</section>
<section>
<title>Member Data Documentation</title>
<anchor xml:id="_class_hotel_1a16da8c14e35900d8455c97e6dd62b0fc"/>    <section>
    <title>rooms</title>
<indexterm><primary>rooms</primary><secondary>Hotel</secondary></indexterm>
<indexterm><primary>Hotel</primary><secondary>rooms</secondary></indexterm>
<para><computeroutput>std::vector&lt;<link linkend="_class_room">Room</link>&gt; Hotel::rooms<computeroutput>[private]</computeroutput></computeroutput></para><para>
Definition at line <link linkend="__hotel_8h_source_1l00012">12</link> of file <link linkend="__hotel_8h_source">Hotel.h</link>.</para>
</section>
<para>
The documentation for this class was generated from the following files:</para>
<link linkend="__hotel_8h">Hotel.h</link><link linkend="__hotel_8cpp">Hotel.cpp</link></section>
</section>
