<?xml version='1.0' encoding='UTF-8' standalone='no'?>
<section xmlns="http://docbook.org/ns/docbook" version="5.0" xmlns:xlink="http://www.w3.org/1999/xlink" xml:id="_class_room">
<title>Room Class Reference</title>
<indexterm><primary>Room</primary></indexterm>
<para>
<computeroutput>#include &lt;Room.h&gt;</computeroutput>
</para>
<simplesect>
    <title>Public Member Functions    </title>
        <itemizedlist>
            <listitem><para><link linkend="_class_room_1ac6ef93a7d9c3e1d624e025058d5f16ff">Room</link> ()</para>
</listitem>
            <listitem><para><link linkend="_class_room_1af463b43f585764f173874a2ea5388d07">Room</link> (int <link linkend="_class_room_1ace0776823076279027a43e37096f44a2">number</link>, int <link linkend="_class_room_1afe08419edb2d4512d60d498f752c4dbf">bedCount</link>, std::string <link linkend="_class_room_1a50805c8f577d2c1f3fb41cb8fa48809a">guests</link>, const <link linkend="_class_date">Date</link> <link linkend="_class_room_1a94e36881b70913044d32d703281efbce">startDate</link>, const <link linkend="_class_date">Date</link> <link linkend="_class_room_1a6c81243823872a5ecd01634735d6148a">endDate</link>)</para>
</listitem>
            <listitem><para>int <link linkend="_class_room_1a31a78a6ad21b6552e59ee8e926706c24">get_number</link> () const</para>
</listitem>
            <listitem><para>int <link linkend="_class_room_1a860f47bae97bdcd24d519e208cc64ef3">get_bedCount</link> () const</para>
</listitem>
            <listitem><para>const std::string <link linkend="_class_room_1a34a46af1773a41d22e9e925680709bd7">get_guests</link> () const</para>
</listitem>
            <listitem><para><link linkend="_class_date">Date</link> <link linkend="_class_room_1afb791720af8989e818f41a9305534dfa">get_startDate</link> () const</para>
</listitem>
            <listitem><para><link linkend="_class_date">Date</link> <link linkend="_class_room_1a63955d07afe48314a6b12afcd6312ad4">get_endDate</link> () const</para>
</listitem>
            <listitem><para>void <link linkend="_class_room_1a99b5322aacd5b2572f878b36cf9513f1">set_number</link> (int <link linkend="_class_room_1ace0776823076279027a43e37096f44a2">number</link>)</para>
</listitem>
            <listitem><para>void <link linkend="_class_room_1af170f682d32dd29223055c18dcf7a83b">set_bedCount</link> (int <link linkend="_class_room_1afe08419edb2d4512d60d498f752c4dbf">bedCount</link>)</para>
</listitem>
            <listitem><para>void <link linkend="_class_room_1a6d8c39f6db65fb858de316c30827e5fc">set_guest</link> (std::string <link linkend="_class_room_1a50805c8f577d2c1f3fb41cb8fa48809a">guests</link>)</para>
</listitem>
            <listitem><para>void <link linkend="_class_room_1a03cc7e48dc237ce20e41475ce951650d">set_startDate</link> (<link linkend="_class_date">Date</link> other)</para>
</listitem>
            <listitem><para>void <link linkend="_class_room_1afad380db116373e6fa067a65cf561787">set_endDate</link> (<link linkend="_class_date">Date</link> other)</para>
</listitem>
        </itemizedlist>
</simplesect>
<simplesect>
    <title>Private Attributes    </title>
        <itemizedlist>
            <listitem><para>int <link linkend="_class_room_1ace0776823076279027a43e37096f44a2">number</link></para>
</listitem>
            <listitem><para>int <link linkend="_class_room_1afe08419edb2d4512d60d498f752c4dbf">bedCount</link></para>
</listitem>
            <listitem><para>std::string <link linkend="_class_room_1a50805c8f577d2c1f3fb41cb8fa48809a">guests</link></para>
</listitem>
            <listitem><para><link linkend="_class_date">Date</link> <link linkend="_class_room_1a94e36881b70913044d32d703281efbce">startDate</link></para>
</listitem>
            <listitem><para><link linkend="_class_date">Date</link> <link linkend="_class_room_1a6c81243823872a5ecd01634735d6148a">endDate</link></para>
</listitem>
        </itemizedlist>
</simplesect>
<section>
<title>Detailed Description</title>
<para>
Definition at line <link linkend="__room_8h_source_1l00008">8</link> of file <link linkend="__room_8h_source">Room.h</link>.</para>
</section>
<section>
<title>Constructor &amp; Destructor Documentation</title>
<anchor xml:id="_class_room_1ac6ef93a7d9c3e1d624e025058d5f16ff"/>    <section>
    <title>Room()<computeroutput>[1/2]</computeroutput></title>
<indexterm><primary>Room</primary><secondary>Room</secondary></indexterm>
<indexterm><primary>Room</primary><secondary>Room</secondary></indexterm>
<para><computeroutput>Room::Room ( )</computeroutput></para><para>
Definition at line <link linkend="__room_8cpp_source_1l00004">4</link> of file <link linkend="__room_8cpp_source">Room.cpp</link>.</para>
<programlisting>00005 {&#32;&#32;&#32;&#32;&#32;
00006 &#32;&#32;&#32;&#32;&#32;&#32;<link linkend="_class_date">Date</link>&#32;token;
00007 &#32;&#32;&#32;&#32;&#32;&#32;this-&gt;<link linkend="_class_room_1ace0776823076279027a43e37096f44a2">number</link>&#32;=&#32;0;
00008 &#32;&#32;&#32;&#32;&#32;&#32;this-&gt;<link linkend="_class_room_1afe08419edb2d4512d60d498f752c4dbf">bedCount</link>&#32;=&#32;1;
00009 &#32;&#32;&#32;&#32;&#32;&#32;this-&gt;<link linkend="_class_room_1a50805c8f577d2c1f3fb41cb8fa48809a">guests</link>&#32;=&#32;<emphasis role="stringliteral">&quot;----&quot;</emphasis>;
00010 &#32;&#32;&#32;&#32;&#32;&#32;this-&gt;<link linkend="_class_room_1a03cc7e48dc237ce20e41475ce951650d">set_startDate</link>(token);
00011 &#32;&#32;&#32;&#32;&#32;&#32;this-&gt;<link linkend="_class_room_1afad380db116373e6fa067a65cf561787">set_endDate</link>(token);
00012 }
</programlisting><para>
References <link linkend="__room_8h_source_1l00012">bedCount</link>, <link linkend="__room_8h_source_1l00013">guests</link>, <link linkend="__room_8h_source_1l00011">number</link>, <link linkend="__room_8cpp_source_1l00060">set_endDate()</link>, and <link linkend="__room_8cpp_source_1l00056">set_startDate()</link>.</para>
    </section><anchor xml:id="_class_room_1af463b43f585764f173874a2ea5388d07"/>    <section>
    <title>Room()<computeroutput>[2/2]</computeroutput></title>
<indexterm><primary>Room</primary><secondary>Room</secondary></indexterm>
<indexterm><primary>Room</primary><secondary>Room</secondary></indexterm>
<para><computeroutput>Room::Room (int number, int bedCount, std::string guests, const <link linkend="_class_date">Date</link> startDate, const <link linkend="_class_date">Date</link> endDate)</computeroutput></para><para>
Definition at line <link linkend="__room_8cpp_source_1l00013">13</link> of file <link linkend="__room_8cpp_source">Room.cpp</link>.</para>
<programlisting>00014 {
00015 &#32;&#32;&#32;&#32;&#32;&#32;this-&gt;<link linkend="_class_room_1ace0776823076279027a43e37096f44a2">number</link>&#32;=&#32;<link linkend="_class_room_1ace0776823076279027a43e37096f44a2">number</link>;
00016 &#32;&#32;&#32;&#32;&#32;&#32;this-&gt;<link linkend="_class_room_1afe08419edb2d4512d60d498f752c4dbf">bedCount</link>&#32;=&#32;<link linkend="_class_room_1afe08419edb2d4512d60d498f752c4dbf">bedCount</link>;
00017 &#32;&#32;&#32;&#32;&#32;&#32;this-&gt;<link linkend="_class_room_1a50805c8f577d2c1f3fb41cb8fa48809a">guests</link>&#32;=&#32;<link linkend="_class_room_1a50805c8f577d2c1f3fb41cb8fa48809a">guests</link>;
00018 &#32;&#32;&#32;&#32;&#32;&#32;this-&gt;startDate&#32;=&#32;<link linkend="_class_room_1a94e36881b70913044d32d703281efbce">startDate</link>;
00019 &#32;&#32;&#32;&#32;&#32;&#32;this-&gt;endDate&#32;=&#32;<link linkend="_class_room_1a6c81243823872a5ecd01634735d6148a">endDate</link>;
00020 
00021 }
</programlisting><para>
References <link linkend="__room_8h_source_1l00012">bedCount</link>, <link linkend="__room_8h_source_1l00015">endDate</link>, <link linkend="__room_8h_source_1l00013">guests</link>, <link linkend="__room_8h_source_1l00011">number</link>, and <link linkend="__room_8h_source_1l00014">startDate</link>.</para>
</section>
</section>
<section>
<title>Member Function Documentation</title>
<anchor xml:id="_class_room_1a860f47bae97bdcd24d519e208cc64ef3"/>    <section>
    <title>get_bedCount()</title>
<indexterm><primary>get_bedCount</primary><secondary>Room</secondary></indexterm>
<indexterm><primary>Room</primary><secondary>get_bedCount</secondary></indexterm>
<para><computeroutput>int Room::get_bedCount ( ) const</computeroutput></para><para>
Definition at line <link linkend="__room_8cpp_source_1l00027">27</link> of file <link linkend="__room_8cpp_source">Room.cpp</link>.</para>
<programlisting>00028 {
00029 &#32;&#32;&#32;&#32;&#32;&#32;<emphasis role="keywordflow">return</emphasis>&#32;this-&gt;<link linkend="_class_room_1afe08419edb2d4512d60d498f752c4dbf">bedCount</link>;
00030 }
</programlisting><para>
References <link linkend="__room_8h_source_1l00012">bedCount</link>.</para>
    </section><anchor xml:id="_class_room_1a63955d07afe48314a6b12afcd6312ad4"/>    <section>
    <title>get_endDate()</title>
<indexterm><primary>get_endDate</primary><secondary>Room</secondary></indexterm>
<indexterm><primary>Room</primary><secondary>get_endDate</secondary></indexterm>
<para><computeroutput><link linkend="_class_date">Date</link> Room::get_endDate ( ) const</computeroutput></para><para>
Definition at line <link linkend="__room_8cpp_source_1l00039">39</link> of file <link linkend="__room_8cpp_source">Room.cpp</link>.</para>
<programlisting>00040 {
00041 &#32;&#32;&#32;&#32;&#32;&#32;<emphasis role="keywordflow">return</emphasis>&#32;this-&gt;<link linkend="_class_room_1a6c81243823872a5ecd01634735d6148a">endDate</link>;
00042 }
</programlisting><para>
References <link linkend="__room_8h_source_1l00015">endDate</link>.</para>
    </section><anchor xml:id="_class_room_1a34a46af1773a41d22e9e925680709bd7"/>    <section>
    <title>get_guests()</title>
<indexterm><primary>get_guests</primary><secondary>Room</secondary></indexterm>
<indexterm><primary>Room</primary><secondary>get_guests</secondary></indexterm>
<para><computeroutput>const std::string Room::get_guests ( ) const</computeroutput></para><para>
Definition at line <link linkend="__room_8cpp_source_1l00031">31</link> of file <link linkend="__room_8cpp_source">Room.cpp</link>.</para>
<programlisting>00032 {
00033 &#32;&#32;&#32;&#32;&#32;&#32;<emphasis role="keywordflow">return</emphasis>&#32;this-&gt;<link linkend="_class_room_1a50805c8f577d2c1f3fb41cb8fa48809a">guests</link>;
00034 }
</programlisting><para>
References <link linkend="__room_8h_source_1l00013">guests</link>.</para>
    </section><anchor xml:id="_class_room_1a31a78a6ad21b6552e59ee8e926706c24"/>    <section>
    <title>get_number()</title>
<indexterm><primary>get_number</primary><secondary>Room</secondary></indexterm>
<indexterm><primary>Room</primary><secondary>get_number</secondary></indexterm>
<para><computeroutput>int Room::get_number ( ) const</computeroutput></para><para>
Definition at line <link linkend="__room_8cpp_source_1l00023">23</link> of file <link linkend="__room_8cpp_source">Room.cpp</link>.</para>
<programlisting>00024 {
00025 &#32;&#32;&#32;&#32;&#32;&#32;<emphasis role="keywordflow">return</emphasis>&#32;this-&gt;<link linkend="_class_room_1ace0776823076279027a43e37096f44a2">number</link>;
00026 }
</programlisting><para>
References <link linkend="__room_8h_source_1l00011">number</link>.</para>
    </section><anchor xml:id="_class_room_1afb791720af8989e818f41a9305534dfa"/>    <section>
    <title>get_startDate()</title>
<indexterm><primary>get_startDate</primary><secondary>Room</secondary></indexterm>
<indexterm><primary>Room</primary><secondary>get_startDate</secondary></indexterm>
<para><computeroutput><link linkend="_class_date">Date</link> Room::get_startDate ( ) const</computeroutput></para><para>
Definition at line <link linkend="__room_8cpp_source_1l00035">35</link> of file <link linkend="__room_8cpp_source">Room.cpp</link>.</para>
<programlisting>00036 {
00037 &#32;&#32;&#32;&#32;&#32;&#32;<emphasis role="keywordflow">return</emphasis>&#32;this-&gt;<link linkend="_class_room_1a94e36881b70913044d32d703281efbce">startDate</link>;
00038 }
</programlisting><para>
References <link linkend="__room_8h_source_1l00014">startDate</link>.</para>
    </section><anchor xml:id="_class_room_1af170f682d32dd29223055c18dcf7a83b"/>    <section>
    <title>set_bedCount()</title>
<indexterm><primary>set_bedCount</primary><secondary>Room</secondary></indexterm>
<indexterm><primary>Room</primary><secondary>set_bedCount</secondary></indexterm>
<para><computeroutput>void Room::set_bedCount (int bedCount)</computeroutput></para><para>
Definition at line <link linkend="__room_8cpp_source_1l00048">48</link> of file <link linkend="__room_8cpp_source">Room.cpp</link>.</para>
<programlisting>00049 {
00050 &#32;&#32;&#32;&#32;&#32;&#32;this-&gt;<link linkend="_class_room_1afe08419edb2d4512d60d498f752c4dbf">bedCount</link>&#32;=&#32;<link linkend="_class_room_1afe08419edb2d4512d60d498f752c4dbf">bedCount</link>;
00051 }
</programlisting><para>
References <link linkend="__room_8h_source_1l00012">bedCount</link>.</para>
    </section><anchor xml:id="_class_room_1afad380db116373e6fa067a65cf561787"/>    <section>
    <title>set_endDate()</title>
<indexterm><primary>set_endDate</primary><secondary>Room</secondary></indexterm>
<indexterm><primary>Room</primary><secondary>set_endDate</secondary></indexterm>
<para><computeroutput>void Room::set_endDate (<link linkend="_class_date">Date</link> other)</computeroutput></para><para>
Definition at line <link linkend="__room_8cpp_source_1l00060">60</link> of file <link linkend="__room_8cpp_source">Room.cpp</link>.</para>
<programlisting>00061 {
00062 &#32;&#32;&#32;&#32;&#32;&#32;this-&gt;<link linkend="_class_room_1a6c81243823872a5ecd01634735d6148a">endDate</link>&#32;=&#32;other;
00063 }
</programlisting><para>
References <link linkend="__room_8h_source_1l00015">endDate</link>.</para>
    </section><anchor xml:id="_class_room_1a6d8c39f6db65fb858de316c30827e5fc"/>    <section>
    <title>set_guest()</title>
<indexterm><primary>set_guest</primary><secondary>Room</secondary></indexterm>
<indexterm><primary>Room</primary><secondary>set_guest</secondary></indexterm>
<para><computeroutput>void Room::set_guest (std::string guests)</computeroutput></para><para>
Definition at line <link linkend="__room_8cpp_source_1l00052">52</link> of file <link linkend="__room_8cpp_source">Room.cpp</link>.</para>
<programlisting>00053 {
00054 &#32;&#32;&#32;&#32;&#32;&#32;this-&gt;<link linkend="_class_room_1a50805c8f577d2c1f3fb41cb8fa48809a">guests</link>&#32;=&#32;<link linkend="_class_room_1a50805c8f577d2c1f3fb41cb8fa48809a">guests</link>;
00055 }
</programlisting><para>
References <link linkend="__room_8h_source_1l00013">guests</link>.</para>
    </section><anchor xml:id="_class_room_1a99b5322aacd5b2572f878b36cf9513f1"/>    <section>
    <title>set_number()</title>
<indexterm><primary>set_number</primary><secondary>Room</secondary></indexterm>
<indexterm><primary>Room</primary><secondary>set_number</secondary></indexterm>
<para><computeroutput>void Room::set_number (int number)</computeroutput></para><para>
Definition at line <link linkend="__room_8cpp_source_1l00044">44</link> of file <link linkend="__room_8cpp_source">Room.cpp</link>.</para>
<programlisting>00045 {
00046 &#32;&#32;&#32;&#32;&#32;&#32;this-&gt;<link linkend="_class_room_1ace0776823076279027a43e37096f44a2">number</link>&#32;=&#32;<link linkend="_class_room_1ace0776823076279027a43e37096f44a2">number</link>;
00047 }
</programlisting><para>
References <link linkend="__room_8h_source_1l00011">number</link>.</para>
    </section><anchor xml:id="_class_room_1a03cc7e48dc237ce20e41475ce951650d"/>    <section>
    <title>set_startDate()</title>
<indexterm><primary>set_startDate</primary><secondary>Room</secondary></indexterm>
<indexterm><primary>Room</primary><secondary>set_startDate</secondary></indexterm>
<para><computeroutput>void Room::set_startDate (<link linkend="_class_date">Date</link> other)</computeroutput></para><para>
Definition at line <link linkend="__room_8cpp_source_1l00056">56</link> of file <link linkend="__room_8cpp_source">Room.cpp</link>.</para>
<programlisting>00057 {
00058 &#32;&#32;&#32;&#32;&#32;&#32;this-&gt;<link linkend="_class_room_1a94e36881b70913044d32d703281efbce">startDate</link>&#32;=&#32;other;
00059 }
</programlisting><para>
References <link linkend="__room_8h_source_1l00014">startDate</link>.</para>
</section>
</section>
<section>
<title>Member Data Documentation</title>
<anchor xml:id="_class_room_1afe08419edb2d4512d60d498f752c4dbf"/>    <section>
    <title>bedCount</title>
<indexterm><primary>bedCount</primary><secondary>Room</secondary></indexterm>
<indexterm><primary>Room</primary><secondary>bedCount</secondary></indexterm>
<para><computeroutput>int Room::bedCount<computeroutput>[private]</computeroutput></computeroutput></para><para>
Definition at line <link linkend="__room_8h_source_1l00012">12</link> of file <link linkend="__room_8h_source">Room.h</link>.</para>
    </section><anchor xml:id="_class_room_1a6c81243823872a5ecd01634735d6148a"/>    <section>
    <title>endDate</title>
<indexterm><primary>endDate</primary><secondary>Room</secondary></indexterm>
<indexterm><primary>Room</primary><secondary>endDate</secondary></indexterm>
<para><computeroutput><link linkend="_class_date">Date</link> Room::endDate<computeroutput>[private]</computeroutput></computeroutput></para><para>
Definition at line <link linkend="__room_8h_source_1l00015">15</link> of file <link linkend="__room_8h_source">Room.h</link>.</para>
    </section><anchor xml:id="_class_room_1a50805c8f577d2c1f3fb41cb8fa48809a"/>    <section>
    <title>guests</title>
<indexterm><primary>guests</primary><secondary>Room</secondary></indexterm>
<indexterm><primary>Room</primary><secondary>guests</secondary></indexterm>
<para><computeroutput>std::string Room::guests<computeroutput>[private]</computeroutput></computeroutput></para><para>
Definition at line <link linkend="__room_8h_source_1l00013">13</link> of file <link linkend="__room_8h_source">Room.h</link>.</para>
    </section><anchor xml:id="_class_room_1ace0776823076279027a43e37096f44a2"/>    <section>
    <title>number</title>
<indexterm><primary>number</primary><secondary>Room</secondary></indexterm>
<indexterm><primary>Room</primary><secondary>number</secondary></indexterm>
<para><computeroutput>int Room::number<computeroutput>[private]</computeroutput></computeroutput></para><para>
Definition at line <link linkend="__room_8h_source_1l00011">11</link> of file <link linkend="__room_8h_source">Room.h</link>.</para>
    </section><anchor xml:id="_class_room_1a94e36881b70913044d32d703281efbce"/>    <section>
    <title>startDate</title>
<indexterm><primary>startDate</primary><secondary>Room</secondary></indexterm>
<indexterm><primary>Room</primary><secondary>startDate</secondary></indexterm>
<para><computeroutput><link linkend="_class_date">Date</link> Room::startDate<computeroutput>[private]</computeroutput></computeroutput></para><para>
Definition at line <link linkend="__room_8h_source_1l00014">14</link> of file <link linkend="__room_8h_source">Room.h</link>.</para>
</section>
<para>
The documentation for this class was generated from the following files:</para>
<link linkend="__room_8h">Room.h</link><link linkend="__room_8cpp">Room.cpp</link></section>
</section>
