<?xml version='1.0' encoding='UTF-8' standalone='no'?>
<section xmlns="http://docbook.org/ns/docbook" version="5.0" xmlns:xlink="http://www.w3.org/1999/xlink" xml:id="_class_date">
<title>Date Class Reference</title>
<indexterm><primary>Date</primary></indexterm>
<para>
<computeroutput>#include &lt;Date.h&gt;</computeroutput>
</para>
<simplesect>
    <title>Public Member Functions    </title>
        <itemizedlist>
            <listitem><para><link linkend="_class_date_1a4e59ed4ba66eec61c27460c5d09fa1bd">Date</link> ()</para>
</listitem>
            <listitem><para><link linkend="_class_date_1ab1ad19969fa570605a6b0cd32b0da822">Date</link> (int <link linkend="_class_date_1a5b192adcabf2b2871e3f0b76c1ec1601">day</link>, int <link linkend="_class_date_1a533843e07c6ac8d19fee9b16f5336ba2">month</link>, int <link linkend="_class_date_1a3eeced2ed56bc95d56782b9e738db8ea">year</link>)</para>
</listitem>
            <listitem><para><link linkend="_class_date">Date</link> &amp; <link linkend="_class_date_1afbed03b8e5f81cc205b4b183465e8115">operator=</link> (const <link linkend="_class_date">Date</link> &amp;other)</para>
</listitem>
            <listitem><para>bool <link linkend="_class_date_1ab5b9f0682e6285af51521159e7b65fdc">operator==</link> (const <link linkend="_class_date">Date</link> &amp;other)</para>
</listitem>
            <listitem><para>bool <link linkend="_class_date_1a2d9cc2faa8fedf1cc29d078c8c330424">operator!=</link> (const <link linkend="_class_date">Date</link> &amp;other)</para>
</listitem>
            <listitem><para>bool <link linkend="_class_date_1ab45910c75ae7ac2ae79b138730007882">operator&lt;</link> (const <link linkend="_class_date">Date</link> &amp;other)</para>
</listitem>
            <listitem><para>bool <link linkend="_class_date_1ab6ee13b33bb48680f1b0afa819ec178a">operator&gt;</link> (const <link linkend="_class_date">Date</link> &amp;other)</para>
</listitem>
            <listitem><para>bool <link linkend="_class_date_1a532290fc786f617aa5d5f55cd2159298">operator&lt;=</link> (const <link linkend="_class_date">Date</link> &amp;other)</para>
</listitem>
            <listitem><para>bool <link linkend="_class_date_1aa383aca21b89372e5ac8cdd0eb20daf6">operator&gt;=</link> (const <link linkend="_class_date">Date</link> &amp;other)</para>
</listitem>
            <listitem><para>int <link linkend="_class_date_1a86208bd42da6587c4b45ed93d688d483">get_day</link> () const</para>
</listitem>
            <listitem><para>int <link linkend="_class_date_1a89ae60bad421600e3ee901eb0df44975">get_month</link> () const</para>
</listitem>
            <listitem><para>int <link linkend="_class_date_1a9e77e9f49890449fea9aeb8114da95ff">get_year</link> () const</para>
</listitem>
            <listitem><para>void <link linkend="_class_date_1a38368873510ede78cdf2b95d94ed5184">set_day</link> (int <link linkend="_class_date_1a5b192adcabf2b2871e3f0b76c1ec1601">day</link>)</para>
</listitem>
            <listitem><para>void <link linkend="_class_date_1af646936426b1ae00cf60eeb36003a397">set_month</link> (int <link linkend="_class_date_1a533843e07c6ac8d19fee9b16f5336ba2">month</link>)</para>
</listitem>
            <listitem><para>void <link linkend="_class_date_1afd39dbc0dfb19465585b6dcc20ffb206">set_year</link> (int <link linkend="_class_date_1a3eeced2ed56bc95d56782b9e738db8ea">year</link>)</para>
</listitem>
        </itemizedlist>
</simplesect>
<simplesect>
    <title>Private Attributes    </title>
        <itemizedlist>
            <listitem><para>int <link linkend="_class_date_1a5b192adcabf2b2871e3f0b76c1ec1601">day</link></para>
</listitem>
            <listitem><para>int <link linkend="_class_date_1a533843e07c6ac8d19fee9b16f5336ba2">month</link></para>
</listitem>
            <listitem><para>int <link linkend="_class_date_1a3eeced2ed56bc95d56782b9e738db8ea">year</link></para>
</listitem>
        </itemizedlist>
</simplesect>
<section>
<title>Detailed Description</title>
<para>
Definition at line <link linkend="__date_8h_source_1l00005">5</link> of file <link linkend="__date_8h_source">Date.h</link>.</para>
</section>
<section>
<title>Constructor &amp; Destructor Documentation</title>
<anchor xml:id="_class_date_1a4e59ed4ba66eec61c27460c5d09fa1bd"/>    <section>
    <title>Date()<computeroutput>[1/2]</computeroutput></title>
<indexterm><primary>Date</primary><secondary>Date</secondary></indexterm>
<indexterm><primary>Date</primary><secondary>Date</secondary></indexterm>
<para><computeroutput>Date::Date ( )</computeroutput></para><para>
Definition at line <link linkend="__date_8cpp_source_1l00005">5</link> of file <link linkend="__date_8cpp_source">Date.cpp</link>.</para>
<programlisting>00006 {
00007 &#32;&#32;&#32;&#32;&#32;&#32;this-&gt;<link linkend="_class_date_1a5b192adcabf2b2871e3f0b76c1ec1601">day</link>&#32;=&#32;1;
00008 &#32;&#32;&#32;&#32;&#32;&#32;this-&gt;<link linkend="_class_date_1a533843e07c6ac8d19fee9b16f5336ba2">month</link>&#32;=&#32;1;
00009 &#32;&#32;&#32;&#32;&#32;&#32;this-&gt;<link linkend="_class_date_1a3eeced2ed56bc95d56782b9e738db8ea">year</link>&#32;=&#32;1;
00010 }
</programlisting><para>
References <link linkend="__date_8h_source_1l00008">day</link>, <link linkend="__date_8h_source_1l00009">month</link>, and <link linkend="__date_8h_source_1l00010">year</link>.</para>
    </section><anchor xml:id="_class_date_1ab1ad19969fa570605a6b0cd32b0da822"/>    <section>
    <title>Date()<computeroutput>[2/2]</computeroutput></title>
<indexterm><primary>Date</primary><secondary>Date</secondary></indexterm>
<indexterm><primary>Date</primary><secondary>Date</secondary></indexterm>
<para><computeroutput>Date::Date (int day, int month, int year)</computeroutput></para><para>
Definition at line <link linkend="__date_8cpp_source_1l00011">11</link> of file <link linkend="__date_8cpp_source">Date.cpp</link>.</para>
<programlisting>00012 {
00013 &#32;&#32;&#32;&#32;&#32;&#32;this-&gt;<link linkend="_class_date_1afd39dbc0dfb19465585b6dcc20ffb206">set_year</link>(<link linkend="_class_date_1a3eeced2ed56bc95d56782b9e738db8ea">year</link>);
00014 &#32;&#32;&#32;&#32;&#32;&#32;this-&gt;<link linkend="_class_date_1af646936426b1ae00cf60eeb36003a397">set_month</link>(<link linkend="_class_date_1a533843e07c6ac8d19fee9b16f5336ba2">month</link>);
00015 &#32;&#32;&#32;&#32;&#32;&#32;this-&gt;<link linkend="_class_date_1a38368873510ede78cdf2b95d94ed5184">set_day</link>(<link linkend="_class_date_1a5b192adcabf2b2871e3f0b76c1ec1601">day</link>);
00016 }
</programlisting><para>
References <link linkend="__date_8cpp_source_1l00225">set_day()</link>, <link linkend="__date_8cpp_source_1l00262">set_month()</link>, and <link linkend="__date_8cpp_source_1l00269">set_year()</link>.</para>
</section>
</section>
<section>
<title>Member Function Documentation</title>
<anchor xml:id="_class_date_1a86208bd42da6587c4b45ed93d688d483"/>    <section>
    <title>get_day()</title>
<indexterm><primary>get_day</primary><secondary>Date</secondary></indexterm>
<indexterm><primary>Date</primary><secondary>get_day</secondary></indexterm>
<para><computeroutput>int Date::get_day ( ) const</computeroutput></para><para>
Definition at line <link linkend="__date_8cpp_source_1l00212">212</link> of file <link linkend="__date_8cpp_source">Date.cpp</link>.</para>
<programlisting>00213 {
00214 &#32;&#32;&#32;&#32;&#32;&#32;<emphasis role="keywordflow">return</emphasis>&#32;this-&gt;<link linkend="_class_date_1a5b192adcabf2b2871e3f0b76c1ec1601">day</link>;
00215 }
</programlisting><para>
References <link linkend="__date_8h_source_1l00008">day</link>.</para>
    </section><anchor xml:id="_class_date_1a89ae60bad421600e3ee901eb0df44975"/>    <section>
    <title>get_month()</title>
<indexterm><primary>get_month</primary><secondary>Date</secondary></indexterm>
<indexterm><primary>Date</primary><secondary>get_month</secondary></indexterm>
<para><computeroutput>int Date::get_month ( ) const</computeroutput></para><para>
Definition at line <link linkend="__date_8cpp_source_1l00216">216</link> of file <link linkend="__date_8cpp_source">Date.cpp</link>.</para>
<programlisting>00217 {
00218 &#32;&#32;&#32;&#32;&#32;&#32;<emphasis role="keywordflow">return</emphasis>&#32;this-&gt;<link linkend="_class_date_1a533843e07c6ac8d19fee9b16f5336ba2">month</link>;
00219 }
</programlisting><para>
References <link linkend="__date_8h_source_1l00009">month</link>.</para>
    </section><anchor xml:id="_class_date_1a9e77e9f49890449fea9aeb8114da95ff"/>    <section>
    <title>get_year()</title>
<indexterm><primary>get_year</primary><secondary>Date</secondary></indexterm>
<indexterm><primary>Date</primary><secondary>get_year</secondary></indexterm>
<para><computeroutput>int Date::get_year ( ) const</computeroutput></para><para>
Definition at line <link linkend="__date_8cpp_source_1l00220">220</link> of file <link linkend="__date_8cpp_source">Date.cpp</link>.</para>
<programlisting>00221 {
00222 &#32;&#32;&#32;&#32;&#32;&#32;<emphasis role="keywordflow">return</emphasis>&#32;this-&gt;<link linkend="_class_date_1a3eeced2ed56bc95d56782b9e738db8ea">year</link>;
00223 }
</programlisting><para>
References <link linkend="__date_8h_source_1l00010">year</link>.</para>
    </section><anchor xml:id="_class_date_1a2d9cc2faa8fedf1cc29d078c8c330424"/>    <section>
    <title>operator!=()</title>
<indexterm><primary>operator!=</primary><secondary>Date</secondary></indexterm>
<indexterm><primary>Date</primary><secondary>operator!=</secondary></indexterm>
<para><computeroutput>bool Date::operator!= (const <link linkend="_class_date">Date</link> &amp; other)</computeroutput></para><para>
Definition at line <link linkend="__date_8cpp_source_1l00047">47</link> of file <link linkend="__date_8cpp_source">Date.cpp</link>.</para>
<programlisting>00048 {
00049 &#32;&#32;&#32;&#32;&#32;&#32;<emphasis role="keywordflow">return</emphasis>&#32;!(*<emphasis role="keyword">this</emphasis>&#32;==&#32;other);
00050 }
</programlisting>    </section><anchor xml:id="_class_date_1ab45910c75ae7ac2ae79b138730007882"/>    <section>
    <title>operator&lt;()</title>
<indexterm><primary>operator&lt;</primary><secondary>Date</secondary></indexterm>
<indexterm><primary>Date</primary><secondary>operator&lt;</secondary></indexterm>
<para><computeroutput>bool Date::operator&lt; (const <link linkend="_class_date">Date</link> &amp; other)</computeroutput></para><para>
Definition at line <link linkend="__date_8cpp_source_1l00051">51</link> of file <link linkend="__date_8cpp_source">Date.cpp</link>.</para>
<programlisting>00052 {
00053 &#32;&#32;&#32;&#32;&#32;&#32;<emphasis role="keywordflow">if</emphasis>&#32;(<emphasis role="keyword">this</emphasis>&#32;!=&#32;&amp;other)
00054 &#32;&#32;&#32;&#32;&#32;&#32;{
00055 &#32;&#32;&#32;&#32;&#32;&#32;&#32;&#32;&#32;&#32;&#32;&#32;<emphasis role="keywordflow">if</emphasis>&#32;(this-&gt;<link linkend="_class_date_1a3eeced2ed56bc95d56782b9e738db8ea">year</link>&#32;&lt;&#32;other.<link linkend="_class_date_1a3eeced2ed56bc95d56782b9e738db8ea">year</link>)
00056 &#32;&#32;&#32;&#32;&#32;&#32;&#32;&#32;&#32;&#32;&#32;&#32;{
00057 &#32;&#32;&#32;&#32;&#32;&#32;&#32;&#32;&#32;&#32;&#32;&#32;&#32;&#32;&#32;&#32;&#32;&#32;<emphasis role="keywordflow">return</emphasis>&#32;<emphasis role="keyword">true</emphasis>;
00058 &#32;&#32;&#32;&#32;&#32;&#32;&#32;&#32;&#32;&#32;&#32;&#32;}
00059 &#32;&#32;&#32;&#32;&#32;&#32;&#32;&#32;&#32;&#32;&#32;&#32;<emphasis role="keywordflow">else</emphasis>
00060 &#32;&#32;&#32;&#32;&#32;&#32;&#32;&#32;&#32;&#32;&#32;&#32;{
00061 &#32;&#32;&#32;&#32;&#32;&#32;&#32;&#32;&#32;&#32;&#32;&#32;&#32;&#32;&#32;&#32;&#32;&#32;<emphasis role="keywordflow">if</emphasis>&#32;(this-&gt;<link linkend="_class_date_1a533843e07c6ac8d19fee9b16f5336ba2">month</link>&#32;&lt;&#32;other.<link linkend="_class_date_1a533843e07c6ac8d19fee9b16f5336ba2">month</link>)
00062 &#32;&#32;&#32;&#32;&#32;&#32;&#32;&#32;&#32;&#32;&#32;&#32;&#32;&#32;&#32;&#32;&#32;&#32;{
00063 &#32;&#32;&#32;&#32;&#32;&#32;&#32;&#32;&#32;&#32;&#32;&#32;&#32;&#32;&#32;&#32;&#32;&#32;&#32;&#32;&#32;&#32;&#32;&#32;<emphasis role="keywordflow">return</emphasis>&#32;<emphasis role="keyword">true</emphasis>;
00064 &#32;&#32;&#32;&#32;&#32;&#32;&#32;&#32;&#32;&#32;&#32;&#32;&#32;&#32;&#32;&#32;&#32;&#32;}
00065 &#32;&#32;&#32;&#32;&#32;&#32;&#32;&#32;&#32;&#32;&#32;&#32;&#32;&#32;&#32;&#32;&#32;&#32;<emphasis role="keywordflow">else</emphasis>
00066 &#32;&#32;&#32;&#32;&#32;&#32;&#32;&#32;&#32;&#32;&#32;&#32;&#32;&#32;&#32;&#32;&#32;&#32;{
00067 &#32;&#32;&#32;&#32;&#32;&#32;&#32;&#32;&#32;&#32;&#32;&#32;&#32;&#32;&#32;&#32;&#32;&#32;&#32;&#32;&#32;&#32;&#32;&#32;<emphasis role="keywordflow">if</emphasis>&#32;(this-&gt;<link linkend="_class_date_1a5b192adcabf2b2871e3f0b76c1ec1601">day</link>&#32;&lt;&#32;other.<link linkend="_class_date_1a5b192adcabf2b2871e3f0b76c1ec1601">day</link>)
00068 &#32;&#32;&#32;&#32;&#32;&#32;&#32;&#32;&#32;&#32;&#32;&#32;&#32;&#32;&#32;&#32;&#32;&#32;&#32;&#32;&#32;&#32;&#32;&#32;{
00069 &#32;&#32;&#32;&#32;&#32;&#32;&#32;&#32;&#32;&#32;&#32;&#32;&#32;&#32;&#32;&#32;&#32;&#32;&#32;&#32;&#32;&#32;&#32;&#32;&#32;&#32;&#32;&#32;&#32;&#32;<emphasis role="keywordflow">return</emphasis>&#32;<emphasis role="keyword">true</emphasis>;
00070 &#32;&#32;&#32;&#32;&#32;&#32;&#32;&#32;&#32;&#32;&#32;&#32;&#32;&#32;&#32;&#32;&#32;&#32;&#32;&#32;&#32;&#32;&#32;&#32;}
00071 &#32;&#32;&#32;&#32;&#32;&#32;&#32;&#32;&#32;&#32;&#32;&#32;&#32;&#32;&#32;&#32;&#32;&#32;&#32;&#32;&#32;&#32;&#32;&#32;<emphasis role="keywordflow">else</emphasis>
00072 &#32;&#32;&#32;&#32;&#32;&#32;&#32;&#32;&#32;&#32;&#32;&#32;&#32;&#32;&#32;&#32;&#32;&#32;&#32;&#32;&#32;&#32;&#32;&#32;{
00073 &#32;&#32;&#32;&#32;&#32;&#32;&#32;&#32;&#32;&#32;&#32;&#32;&#32;&#32;&#32;&#32;&#32;&#32;&#32;&#32;&#32;&#32;&#32;&#32;&#32;&#32;&#32;&#32;&#32;&#32;<emphasis role="keywordflow">return</emphasis>&#32;<emphasis role="keyword">false</emphasis>;
00074 &#32;&#32;&#32;&#32;&#32;&#32;&#32;&#32;&#32;&#32;&#32;&#32;&#32;&#32;&#32;&#32;&#32;&#32;&#32;&#32;&#32;&#32;&#32;&#32;}
00075 &#32;&#32;&#32;&#32;&#32;&#32;&#32;&#32;&#32;&#32;&#32;&#32;&#32;&#32;&#32;&#32;&#32;&#32;}
00076 &#32;&#32;&#32;&#32;&#32;&#32;&#32;&#32;&#32;&#32;&#32;&#32;}
00077 &#32;&#32;&#32;&#32;&#32;&#32;}
00078 &#32;&#32;&#32;&#32;&#32;&#32;<emphasis role="keywordflow">else</emphasis>
00079 &#32;&#32;&#32;&#32;&#32;&#32;{
00080 &#32;&#32;&#32;&#32;&#32;&#32;&#32;&#32;&#32;&#32;&#32;&#32;<emphasis role="keywordflow">return</emphasis>&#32;<emphasis role="keyword">false</emphasis>;
00081 &#32;&#32;&#32;&#32;&#32;&#32;}
00082 
00083 }
</programlisting><para>
References <link linkend="__date_8h_source_1l00008">day</link>, <link linkend="__date_8h_source_1l00009">month</link>, and <link linkend="__date_8h_source_1l00010">year</link>.</para>
    </section><anchor xml:id="_class_date_1a532290fc786f617aa5d5f55cd2159298"/>    <section>
    <title>operator&lt;=()</title>
<indexterm><primary>operator&lt;=</primary><secondary>Date</secondary></indexterm>
<indexterm><primary>Date</primary><secondary>operator&lt;=</secondary></indexterm>
<para><computeroutput>bool Date::operator&lt;= (const <link linkend="_class_date">Date</link> &amp; other)</computeroutput></para><para>
Definition at line <link linkend="__date_8cpp_source_1l00116">116</link> of file <link linkend="__date_8cpp_source">Date.cpp</link>.</para>
<programlisting>00117 {
00118 &#32;&#32;&#32;&#32;&#32;&#32;<emphasis role="keywordflow">if</emphasis>&#32;(<emphasis role="keyword">this</emphasis>&#32;!=&#32;&amp;other)
00119 &#32;&#32;&#32;&#32;&#32;&#32;{
00120 &#32;&#32;&#32;&#32;&#32;&#32;&#32;&#32;&#32;&#32;&#32;&#32;<emphasis role="keywordflow">if</emphasis>&#32;(this-&gt;<link linkend="_class_date_1a3eeced2ed56bc95d56782b9e738db8ea">year</link>&#32;&lt;&#32;other.<link linkend="_class_date_1a3eeced2ed56bc95d56782b9e738db8ea">year</link>)
00121 &#32;&#32;&#32;&#32;&#32;&#32;&#32;&#32;&#32;&#32;&#32;&#32;{
00122 &#32;&#32;&#32;&#32;&#32;&#32;&#32;&#32;&#32;&#32;&#32;&#32;&#32;&#32;&#32;&#32;&#32;&#32;<emphasis role="keywordflow">return</emphasis>&#32;<emphasis role="keyword">true</emphasis>;
00123 &#32;&#32;&#32;&#32;&#32;&#32;&#32;&#32;&#32;&#32;&#32;&#32;}
00124 &#32;&#32;&#32;&#32;&#32;&#32;&#32;&#32;&#32;&#32;&#32;&#32;<emphasis role="keywordflow">else</emphasis>&#32;<emphasis role="keywordflow">if</emphasis>&#32;(this-&gt;<link linkend="_class_date_1a3eeced2ed56bc95d56782b9e738db8ea">year</link>&#32;==&#32;other.<link linkend="_class_date_1a3eeced2ed56bc95d56782b9e738db8ea">year</link>)
00125 &#32;&#32;&#32;&#32;&#32;&#32;&#32;&#32;&#32;&#32;&#32;&#32;{
00126 &#32;&#32;&#32;&#32;&#32;&#32;&#32;&#32;&#32;&#32;&#32;&#32;&#32;&#32;&#32;&#32;&#32;&#32;<emphasis role="keywordflow">if</emphasis>&#32;(this-&gt;<link linkend="_class_date_1a533843e07c6ac8d19fee9b16f5336ba2">month</link>&#32;==&#32;other.<link linkend="_class_date_1a533843e07c6ac8d19fee9b16f5336ba2">month</link>)
00127 &#32;&#32;&#32;&#32;&#32;&#32;&#32;&#32;&#32;&#32;&#32;&#32;&#32;&#32;&#32;&#32;&#32;&#32;{
00128 &#32;&#32;&#32;&#32;&#32;&#32;&#32;&#32;&#32;&#32;&#32;&#32;&#32;&#32;&#32;&#32;&#32;&#32;&#32;&#32;&#32;&#32;&#32;&#32;<emphasis role="keywordflow">if</emphasis>&#32;(this-&gt;<link linkend="_class_date_1a5b192adcabf2b2871e3f0b76c1ec1601">day</link>&#32;&lt;=&#32;other.<link linkend="_class_date_1a5b192adcabf2b2871e3f0b76c1ec1601">day</link>)
00129 &#32;&#32;&#32;&#32;&#32;&#32;&#32;&#32;&#32;&#32;&#32;&#32;&#32;&#32;&#32;&#32;&#32;&#32;&#32;&#32;&#32;&#32;&#32;&#32;{
00130 &#32;&#32;&#32;&#32;&#32;&#32;&#32;&#32;&#32;&#32;&#32;&#32;&#32;&#32;&#32;&#32;&#32;&#32;&#32;&#32;&#32;&#32;&#32;&#32;&#32;&#32;&#32;&#32;&#32;&#32;<emphasis role="keywordflow">return</emphasis>&#32;<emphasis role="keyword">true</emphasis>;
00131 &#32;&#32;&#32;&#32;&#32;&#32;&#32;&#32;&#32;&#32;&#32;&#32;&#32;&#32;&#32;&#32;&#32;&#32;&#32;&#32;&#32;&#32;&#32;&#32;}
00132 &#32;&#32;&#32;&#32;&#32;&#32;&#32;&#32;&#32;&#32;&#32;&#32;&#32;&#32;&#32;&#32;&#32;&#32;&#32;&#32;&#32;&#32;&#32;&#32;<emphasis role="keywordflow">else</emphasis>
00133 &#32;&#32;&#32;&#32;&#32;&#32;&#32;&#32;&#32;&#32;&#32;&#32;&#32;&#32;&#32;&#32;&#32;&#32;&#32;&#32;&#32;&#32;&#32;&#32;{
00134 &#32;&#32;&#32;&#32;&#32;&#32;&#32;&#32;&#32;&#32;&#32;&#32;&#32;&#32;&#32;&#32;&#32;&#32;&#32;&#32;&#32;&#32;&#32;&#32;&#32;&#32;&#32;&#32;&#32;&#32;<emphasis role="keywordflow">return</emphasis>&#32;<emphasis role="keyword">false</emphasis>;
00135 &#32;&#32;&#32;&#32;&#32;&#32;&#32;&#32;&#32;&#32;&#32;&#32;&#32;&#32;&#32;&#32;&#32;&#32;&#32;&#32;&#32;&#32;&#32;&#32;}
00136 &#32;&#32;&#32;&#32;&#32;&#32;&#32;&#32;&#32;&#32;&#32;&#32;&#32;&#32;&#32;&#32;&#32;&#32;}
00137 &#32;&#32;&#32;&#32;&#32;&#32;&#32;&#32;&#32;&#32;&#32;&#32;&#32;&#32;&#32;&#32;&#32;&#32;<emphasis role="keywordflow">else</emphasis>&#32;<emphasis role="keywordflow">if</emphasis>&#32;(this-&gt;<link linkend="_class_date_1a533843e07c6ac8d19fee9b16f5336ba2">month</link>&#32;&lt;&#32;other.<link linkend="_class_date_1a533843e07c6ac8d19fee9b16f5336ba2">month</link>)
00138 &#32;&#32;&#32;&#32;&#32;&#32;&#32;&#32;&#32;&#32;&#32;&#32;&#32;&#32;&#32;&#32;&#32;&#32;{
00139 &#32;&#32;&#32;&#32;&#32;&#32;&#32;&#32;&#32;&#32;&#32;&#32;&#32;&#32;&#32;&#32;&#32;&#32;&#32;&#32;&#32;&#32;&#32;&#32;<emphasis role="keywordflow">if</emphasis>&#32;(this-&gt;<link linkend="_class_date_1a5b192adcabf2b2871e3f0b76c1ec1601">day</link>&#32;&lt;=&#32;other.<link linkend="_class_date_1a5b192adcabf2b2871e3f0b76c1ec1601">day</link>)
00140 &#32;&#32;&#32;&#32;&#32;&#32;&#32;&#32;&#32;&#32;&#32;&#32;&#32;&#32;&#32;&#32;&#32;&#32;&#32;&#32;&#32;&#32;&#32;&#32;{
00141 &#32;&#32;&#32;&#32;&#32;&#32;&#32;&#32;&#32;&#32;&#32;&#32;&#32;&#32;&#32;&#32;&#32;&#32;&#32;&#32;&#32;&#32;&#32;&#32;&#32;&#32;&#32;&#32;&#32;&#32;<emphasis role="keywordflow">return</emphasis>&#32;<emphasis role="keyword">true</emphasis>;
00142 &#32;&#32;&#32;&#32;&#32;&#32;&#32;&#32;&#32;&#32;&#32;&#32;&#32;&#32;&#32;&#32;&#32;&#32;&#32;&#32;&#32;&#32;&#32;&#32;}
00143 &#32;&#32;&#32;&#32;&#32;&#32;&#32;&#32;&#32;&#32;&#32;&#32;&#32;&#32;&#32;&#32;&#32;&#32;&#32;&#32;&#32;&#32;&#32;&#32;<emphasis role="keywordflow">else</emphasis>
00144 &#32;&#32;&#32;&#32;&#32;&#32;&#32;&#32;&#32;&#32;&#32;&#32;&#32;&#32;&#32;&#32;&#32;&#32;&#32;&#32;&#32;&#32;&#32;&#32;{
00145 &#32;&#32;&#32;&#32;&#32;&#32;&#32;&#32;&#32;&#32;&#32;&#32;&#32;&#32;&#32;&#32;&#32;&#32;&#32;&#32;&#32;&#32;&#32;&#32;&#32;&#32;&#32;&#32;&#32;&#32;<emphasis role="keywordflow">return</emphasis>&#32;<emphasis role="keyword">false</emphasis>;
00146 &#32;&#32;&#32;&#32;&#32;&#32;&#32;&#32;&#32;&#32;&#32;&#32;&#32;&#32;&#32;&#32;&#32;&#32;&#32;&#32;&#32;&#32;&#32;&#32;}
00147 &#32;&#32;&#32;&#32;&#32;&#32;&#32;&#32;&#32;&#32;&#32;&#32;&#32;&#32;&#32;&#32;&#32;&#32;}
00148 &#32;&#32;&#32;&#32;&#32;&#32;&#32;&#32;&#32;&#32;&#32;&#32;&#32;&#32;&#32;&#32;&#32;&#32;<emphasis role="keywordflow">else</emphasis>
00149 &#32;&#32;&#32;&#32;&#32;&#32;&#32;&#32;&#32;&#32;&#32;&#32;&#32;&#32;&#32;&#32;&#32;&#32;{
00150 &#32;&#32;&#32;&#32;&#32;&#32;&#32;&#32;&#32;&#32;&#32;&#32;&#32;&#32;&#32;&#32;&#32;&#32;&#32;&#32;&#32;&#32;&#32;&#32;<emphasis role="keywordflow">return</emphasis>&#32;<emphasis role="keyword">false</emphasis>;
00151 &#32;&#32;&#32;&#32;&#32;&#32;&#32;&#32;&#32;&#32;&#32;&#32;&#32;&#32;&#32;&#32;&#32;&#32;}
00152 &#32;&#32;&#32;&#32;&#32;&#32;&#32;&#32;&#32;&#32;&#32;&#32;}
00153 &#32;&#32;&#32;&#32;&#32;&#32;&#32;&#32;&#32;&#32;&#32;&#32;<emphasis role="keywordflow">else</emphasis>
00154 &#32;&#32;&#32;&#32;&#32;&#32;&#32;&#32;&#32;&#32;&#32;&#32;{
00155 &#32;&#32;&#32;&#32;&#32;&#32;&#32;&#32;&#32;&#32;&#32;&#32;&#32;&#32;&#32;&#32;&#32;&#32;<emphasis role="keywordflow">return</emphasis>&#32;<emphasis role="keyword">false</emphasis>;
00156 &#32;&#32;&#32;&#32;&#32;&#32;&#32;&#32;&#32;&#32;&#32;&#32;}
00157 &#32;&#32;&#32;&#32;&#32;&#32;}
00158 &#32;&#32;&#32;&#32;&#32;&#32;<emphasis role="keywordflow">else</emphasis>
00159 &#32;&#32;&#32;&#32;&#32;&#32;{
00160 &#32;&#32;&#32;&#32;&#32;&#32;&#32;&#32;&#32;&#32;&#32;&#32;<emphasis role="keywordflow">return</emphasis>&#32;<emphasis role="keyword">true</emphasis>;
00161 &#32;&#32;&#32;&#32;&#32;&#32;}
00162 }
</programlisting><para>
References <link linkend="__date_8h_source_1l00008">day</link>, <link linkend="__date_8h_source_1l00009">month</link>, and <link linkend="__date_8h_source_1l00010">year</link>.</para>
    </section><anchor xml:id="_class_date_1afbed03b8e5f81cc205b4b183465e8115"/>    <section>
    <title>operator=()</title>
<indexterm><primary>operator=</primary><secondary>Date</secondary></indexterm>
<indexterm><primary>Date</primary><secondary>operator=</secondary></indexterm>
<para><computeroutput><link linkend="_class_date">Date</link> &amp; Date::operator= (const <link linkend="_class_date">Date</link> &amp; other)</computeroutput></para><para>
Definition at line <link linkend="__date_8cpp_source_1l00017">17</link> of file <link linkend="__date_8cpp_source">Date.cpp</link>.</para>
<programlisting>00018 {
00019 &#32;&#32;&#32;&#32;&#32;&#32;<emphasis role="keywordflow">if</emphasis>&#32;(<emphasis role="keyword">this</emphasis>&#32;!=&#32;&amp;other)
00020 &#32;&#32;&#32;&#32;&#32;&#32;{
00021 &#32;&#32;&#32;&#32;&#32;&#32;&#32;&#32;&#32;&#32;&#32;&#32;this-&gt;<link linkend="_class_date_1a5b192adcabf2b2871e3f0b76c1ec1601">day</link>&#32;=&#32;other.<link linkend="_class_date_1a5b192adcabf2b2871e3f0b76c1ec1601">day</link>;
00022 &#32;&#32;&#32;&#32;&#32;&#32;&#32;&#32;&#32;&#32;&#32;&#32;this-&gt;<link linkend="_class_date_1a533843e07c6ac8d19fee9b16f5336ba2">month</link>&#32;=&#32;other.<link linkend="_class_date_1a533843e07c6ac8d19fee9b16f5336ba2">month</link>;
00023 &#32;&#32;&#32;&#32;&#32;&#32;&#32;&#32;&#32;&#32;&#32;&#32;this-&gt;<link linkend="_class_date_1a3eeced2ed56bc95d56782b9e738db8ea">year</link>&#32;=&#32;other.<link linkend="_class_date_1a3eeced2ed56bc95d56782b9e738db8ea">year</link>;
00024 &#32;&#32;&#32;&#32;&#32;&#32;}
00025 &#32;&#32;&#32;&#32;&#32;&#32;<emphasis role="keywordflow">return</emphasis>&#32;*<emphasis role="keyword">this</emphasis>;
00026 }
</programlisting><para>
References <link linkend="__date_8h_source_1l00008">day</link>, <link linkend="__date_8h_source_1l00009">month</link>, and <link linkend="__date_8h_source_1l00010">year</link>.</para>
    </section><anchor xml:id="_class_date_1ab5b9f0682e6285af51521159e7b65fdc"/>    <section>
    <title>operator==()</title>
<indexterm><primary>operator==</primary><secondary>Date</secondary></indexterm>
<indexterm><primary>Date</primary><secondary>operator==</secondary></indexterm>
<para><computeroutput>bool Date::operator== (const <link linkend="_class_date">Date</link> &amp; other)</computeroutput></para><para>
Definition at line <link linkend="__date_8cpp_source_1l00027">27</link> of file <link linkend="__date_8cpp_source">Date.cpp</link>.</para>
<programlisting>00028 {
00029 &#32;&#32;&#32;&#32;&#32;&#32;<emphasis role="keywordflow">if</emphasis>&#32;(<emphasis role="keyword">this</emphasis>&#32;!=&#32;&amp;other)
00030 &#32;&#32;&#32;&#32;&#32;&#32;{
00031 &#32;&#32;&#32;&#32;&#32;&#32;&#32;&#32;&#32;&#32;&#32;&#32;<emphasis role="keywordflow">if</emphasis>&#32;(this-&gt;<link linkend="_class_date_1a5b192adcabf2b2871e3f0b76c1ec1601">day</link>&#32;==&#32;other.<link linkend="_class_date_1a5b192adcabf2b2871e3f0b76c1ec1601">day</link>
00032 &#32;&#32;&#32;&#32;&#32;&#32;&#32;&#32;&#32;&#32;&#32;&#32;&#32;&#32;&#32;&#32;&#32;&#32;&amp;&amp;&#32;this-&gt;month&#32;==&#32;other.<link linkend="_class_date_1a533843e07c6ac8d19fee9b16f5336ba2">month</link>
00033 &#32;&#32;&#32;&#32;&#32;&#32;&#32;&#32;&#32;&#32;&#32;&#32;&#32;&#32;&#32;&#32;&#32;&#32;&amp;&amp;&#32;this-&gt;year&#32;==&#32;other.<link linkend="_class_date_1a3eeced2ed56bc95d56782b9e738db8ea">year</link>)
00034 &#32;&#32;&#32;&#32;&#32;&#32;&#32;&#32;&#32;&#32;&#32;&#32;{
00035 &#32;&#32;&#32;&#32;&#32;&#32;&#32;&#32;&#32;&#32;&#32;&#32;&#32;&#32;&#32;&#32;&#32;&#32;<emphasis role="keywordflow">return</emphasis>&#32;<emphasis role="keyword">true</emphasis>;
00036 &#32;&#32;&#32;&#32;&#32;&#32;&#32;&#32;&#32;&#32;&#32;&#32;}
00037 &#32;&#32;&#32;&#32;&#32;&#32;&#32;&#32;&#32;&#32;&#32;&#32;<emphasis role="keywordflow">else</emphasis>
00038 &#32;&#32;&#32;&#32;&#32;&#32;&#32;&#32;&#32;&#32;&#32;&#32;{
00039 &#32;&#32;&#32;&#32;&#32;&#32;&#32;&#32;&#32;&#32;&#32;&#32;&#32;&#32;&#32;&#32;&#32;&#32;<emphasis role="keywordflow">return</emphasis>&#32;<emphasis role="keyword">false</emphasis>;
00040 &#32;&#32;&#32;&#32;&#32;&#32;&#32;&#32;&#32;&#32;&#32;&#32;}
00041 &#32;&#32;&#32;&#32;&#32;&#32;}
00042 &#32;&#32;&#32;&#32;&#32;&#32;<emphasis role="keywordflow">else</emphasis>
00043 &#32;&#32;&#32;&#32;&#32;&#32;{
00044 &#32;&#32;&#32;&#32;&#32;&#32;&#32;&#32;&#32;&#32;&#32;&#32;<emphasis role="keywordflow">return</emphasis>&#32;<emphasis role="keyword">true</emphasis>;
00045 &#32;&#32;&#32;&#32;&#32;&#32;}
00046 }
</programlisting><para>
References <link linkend="__date_8h_source_1l00008">day</link>, <link linkend="__date_8h_source_1l00009">month</link>, and <link linkend="__date_8h_source_1l00010">year</link>.</para>
    </section><anchor xml:id="_class_date_1ab6ee13b33bb48680f1b0afa819ec178a"/>    <section>
    <title>operator&gt;()</title>
<indexterm><primary>operator&gt;</primary><secondary>Date</secondary></indexterm>
<indexterm><primary>Date</primary><secondary>operator&gt;</secondary></indexterm>
<para><computeroutput>bool Date::operator&gt; (const <link linkend="_class_date">Date</link> &amp; other)</computeroutput></para><para>
Definition at line <link linkend="__date_8cpp_source_1l00084">84</link> of file <link linkend="__date_8cpp_source">Date.cpp</link>.</para>
<programlisting>00085 {
00086 &#32;&#32;&#32;&#32;&#32;&#32;<emphasis role="keywordflow">if</emphasis>&#32;(<emphasis role="keyword">this</emphasis>&#32;!=&#32;&amp;other)
00087 &#32;&#32;&#32;&#32;&#32;&#32;{
00088 &#32;&#32;&#32;&#32;&#32;&#32;&#32;&#32;&#32;&#32;&#32;&#32;<emphasis role="keywordflow">if</emphasis>&#32;(this-&gt;<link linkend="_class_date_1a3eeced2ed56bc95d56782b9e738db8ea">year</link>&#32;&gt;&#32;other.<link linkend="_class_date_1a3eeced2ed56bc95d56782b9e738db8ea">year</link>)
00089 &#32;&#32;&#32;&#32;&#32;&#32;&#32;&#32;&#32;&#32;&#32;&#32;{
00090 &#32;&#32;&#32;&#32;&#32;&#32;&#32;&#32;&#32;&#32;&#32;&#32;&#32;&#32;&#32;&#32;&#32;&#32;<emphasis role="keywordflow">return</emphasis>&#32;<emphasis role="keyword">true</emphasis>;
00091 &#32;&#32;&#32;&#32;&#32;&#32;&#32;&#32;&#32;&#32;&#32;&#32;}
00092 &#32;&#32;&#32;&#32;&#32;&#32;&#32;&#32;&#32;&#32;&#32;&#32;<emphasis role="keywordflow">else</emphasis>
00093 &#32;&#32;&#32;&#32;&#32;&#32;&#32;&#32;&#32;&#32;&#32;&#32;{
00094 &#32;&#32;&#32;&#32;&#32;&#32;&#32;&#32;&#32;&#32;&#32;&#32;&#32;&#32;&#32;&#32;&#32;&#32;<emphasis role="keywordflow">if</emphasis>&#32;(this-&gt;<link linkend="_class_date_1a533843e07c6ac8d19fee9b16f5336ba2">month</link>&#32;&gt;&#32;other.<link linkend="_class_date_1a533843e07c6ac8d19fee9b16f5336ba2">month</link>)
00095 &#32;&#32;&#32;&#32;&#32;&#32;&#32;&#32;&#32;&#32;&#32;&#32;&#32;&#32;&#32;&#32;&#32;&#32;{
00096 &#32;&#32;&#32;&#32;&#32;&#32;&#32;&#32;&#32;&#32;&#32;&#32;&#32;&#32;&#32;&#32;&#32;&#32;&#32;&#32;&#32;&#32;&#32;&#32;<emphasis role="keywordflow">return</emphasis>&#32;<emphasis role="keyword">true</emphasis>;
00097 &#32;&#32;&#32;&#32;&#32;&#32;&#32;&#32;&#32;&#32;&#32;&#32;&#32;&#32;&#32;&#32;&#32;&#32;}
00098 &#32;&#32;&#32;&#32;&#32;&#32;&#32;&#32;&#32;&#32;&#32;&#32;&#32;&#32;&#32;&#32;&#32;&#32;<emphasis role="keywordflow">else</emphasis>
00099 &#32;&#32;&#32;&#32;&#32;&#32;&#32;&#32;&#32;&#32;&#32;&#32;&#32;&#32;&#32;&#32;&#32;&#32;{
00100 &#32;&#32;&#32;&#32;&#32;&#32;&#32;&#32;&#32;&#32;&#32;&#32;&#32;&#32;&#32;&#32;&#32;&#32;&#32;&#32;&#32;&#32;&#32;&#32;<emphasis role="keywordflow">if</emphasis>&#32;(this-&gt;<link linkend="_class_date_1a5b192adcabf2b2871e3f0b76c1ec1601">day</link>&#32;&gt;&#32;other.<link linkend="_class_date_1a5b192adcabf2b2871e3f0b76c1ec1601">day</link>)
00101 &#32;&#32;&#32;&#32;&#32;&#32;&#32;&#32;&#32;&#32;&#32;&#32;&#32;&#32;&#32;&#32;&#32;&#32;&#32;&#32;&#32;&#32;&#32;&#32;{
00102 &#32;&#32;&#32;&#32;&#32;&#32;&#32;&#32;&#32;&#32;&#32;&#32;&#32;&#32;&#32;&#32;&#32;&#32;&#32;&#32;&#32;&#32;&#32;&#32;&#32;&#32;&#32;&#32;&#32;&#32;<emphasis role="keywordflow">return</emphasis>&#32;<emphasis role="keyword">true</emphasis>;
00103 &#32;&#32;&#32;&#32;&#32;&#32;&#32;&#32;&#32;&#32;&#32;&#32;&#32;&#32;&#32;&#32;&#32;&#32;&#32;&#32;&#32;&#32;&#32;&#32;}
00104 &#32;&#32;&#32;&#32;&#32;&#32;&#32;&#32;&#32;&#32;&#32;&#32;&#32;&#32;&#32;&#32;&#32;&#32;&#32;&#32;&#32;&#32;&#32;&#32;<emphasis role="keywordflow">else</emphasis>
00105 &#32;&#32;&#32;&#32;&#32;&#32;&#32;&#32;&#32;&#32;&#32;&#32;&#32;&#32;&#32;&#32;&#32;&#32;&#32;&#32;&#32;&#32;&#32;&#32;{
00106 &#32;&#32;&#32;&#32;&#32;&#32;&#32;&#32;&#32;&#32;&#32;&#32;&#32;&#32;&#32;&#32;&#32;&#32;&#32;&#32;&#32;&#32;&#32;&#32;&#32;&#32;&#32;&#32;&#32;&#32;<emphasis role="keywordflow">return</emphasis>&#32;<emphasis role="keyword">false</emphasis>;
00107 &#32;&#32;&#32;&#32;&#32;&#32;&#32;&#32;&#32;&#32;&#32;&#32;&#32;&#32;&#32;&#32;&#32;&#32;&#32;&#32;&#32;&#32;&#32;&#32;}
00108 &#32;&#32;&#32;&#32;&#32;&#32;&#32;&#32;&#32;&#32;&#32;&#32;&#32;&#32;&#32;&#32;&#32;&#32;}
00109 &#32;&#32;&#32;&#32;&#32;&#32;&#32;&#32;&#32;&#32;&#32;&#32;}
00110 &#32;&#32;&#32;&#32;&#32;&#32;}
00111 &#32;&#32;&#32;&#32;&#32;&#32;<emphasis role="keywordflow">else</emphasis>
00112 &#32;&#32;&#32;&#32;&#32;&#32;{
00113 &#32;&#32;&#32;&#32;&#32;&#32;&#32;&#32;&#32;&#32;&#32;&#32;<emphasis role="keywordflow">return</emphasis>&#32;<emphasis role="keyword">false</emphasis>;
00114 &#32;&#32;&#32;&#32;&#32;&#32;}
00115 }
</programlisting><para>
References <link linkend="__date_8h_source_1l00008">day</link>, <link linkend="__date_8h_source_1l00009">month</link>, and <link linkend="__date_8h_source_1l00010">year</link>.</para>
    </section><anchor xml:id="_class_date_1aa383aca21b89372e5ac8cdd0eb20daf6"/>    <section>
    <title>operator&gt;=()</title>
<indexterm><primary>operator&gt;=</primary><secondary>Date</secondary></indexterm>
<indexterm><primary>Date</primary><secondary>operator&gt;=</secondary></indexterm>
<para><computeroutput>bool Date::operator&gt;= (const <link linkend="_class_date">Date</link> &amp; other)</computeroutput></para><para>
Definition at line <link linkend="__date_8cpp_source_1l00163">163</link> of file <link linkend="__date_8cpp_source">Date.cpp</link>.</para>
<programlisting>00164 {
00165 &#32;&#32;&#32;&#32;&#32;&#32;<emphasis role="keywordflow">if</emphasis>&#32;(<emphasis role="keyword">this</emphasis>&#32;!=&#32;&amp;other)
00166 &#32;&#32;&#32;&#32;&#32;&#32;{
00167 &#32;&#32;&#32;&#32;&#32;&#32;&#32;&#32;&#32;&#32;&#32;&#32;<emphasis role="keywordflow">if</emphasis>&#32;(this-&gt;<link linkend="_class_date_1a3eeced2ed56bc95d56782b9e738db8ea">year</link>&#32;&gt;&#32;other.<link linkend="_class_date_1a3eeced2ed56bc95d56782b9e738db8ea">year</link>)
00168 &#32;&#32;&#32;&#32;&#32;&#32;&#32;&#32;&#32;&#32;&#32;&#32;{
00169 &#32;&#32;&#32;&#32;&#32;&#32;&#32;&#32;&#32;&#32;&#32;&#32;&#32;&#32;&#32;&#32;&#32;&#32;<emphasis role="keywordflow">return</emphasis>&#32;<emphasis role="keyword">true</emphasis>;
00170 &#32;&#32;&#32;&#32;&#32;&#32;&#32;&#32;&#32;&#32;&#32;&#32;}
00171 &#32;&#32;&#32;&#32;&#32;&#32;&#32;&#32;&#32;&#32;&#32;&#32;<emphasis role="keywordflow">else</emphasis>&#32;<emphasis role="keywordflow">if</emphasis>&#32;(this-&gt;<link linkend="_class_date_1a3eeced2ed56bc95d56782b9e738db8ea">year</link>&#32;==&#32;other.<link linkend="_class_date_1a3eeced2ed56bc95d56782b9e738db8ea">year</link>)
00172 &#32;&#32;&#32;&#32;&#32;&#32;&#32;&#32;&#32;&#32;&#32;&#32;{
00173 &#32;&#32;&#32;&#32;&#32;&#32;&#32;&#32;&#32;&#32;&#32;&#32;&#32;&#32;&#32;&#32;&#32;&#32;<emphasis role="keywordflow">if</emphasis>&#32;(this-&gt;<link linkend="_class_date_1a533843e07c6ac8d19fee9b16f5336ba2">month</link>&#32;==&#32;other.<link linkend="_class_date_1a533843e07c6ac8d19fee9b16f5336ba2">month</link>)
00174 &#32;&#32;&#32;&#32;&#32;&#32;&#32;&#32;&#32;&#32;&#32;&#32;&#32;&#32;&#32;&#32;&#32;&#32;{
00175 &#32;&#32;&#32;&#32;&#32;&#32;&#32;&#32;&#32;&#32;&#32;&#32;&#32;&#32;&#32;&#32;&#32;&#32;&#32;&#32;&#32;&#32;&#32;&#32;<emphasis role="keywordflow">if</emphasis>&#32;(this-&gt;<link linkend="_class_date_1a5b192adcabf2b2871e3f0b76c1ec1601">day</link>&#32;&gt;=&#32;other.<link linkend="_class_date_1a5b192adcabf2b2871e3f0b76c1ec1601">day</link>)
00176 &#32;&#32;&#32;&#32;&#32;&#32;&#32;&#32;&#32;&#32;&#32;&#32;&#32;&#32;&#32;&#32;&#32;&#32;&#32;&#32;&#32;&#32;&#32;&#32;{
00177 &#32;&#32;&#32;&#32;&#32;&#32;&#32;&#32;&#32;&#32;&#32;&#32;&#32;&#32;&#32;&#32;&#32;&#32;&#32;&#32;&#32;&#32;&#32;&#32;&#32;&#32;&#32;&#32;&#32;&#32;<emphasis role="keywordflow">return</emphasis>&#32;<emphasis role="keyword">true</emphasis>;
00178 &#32;&#32;&#32;&#32;&#32;&#32;&#32;&#32;&#32;&#32;&#32;&#32;&#32;&#32;&#32;&#32;&#32;&#32;&#32;&#32;&#32;&#32;&#32;&#32;}
00179 &#32;&#32;&#32;&#32;&#32;&#32;&#32;&#32;&#32;&#32;&#32;&#32;&#32;&#32;&#32;&#32;&#32;&#32;&#32;&#32;&#32;&#32;&#32;&#32;<emphasis role="keywordflow">else</emphasis>
00180 &#32;&#32;&#32;&#32;&#32;&#32;&#32;&#32;&#32;&#32;&#32;&#32;&#32;&#32;&#32;&#32;&#32;&#32;&#32;&#32;&#32;&#32;&#32;&#32;{
00181 &#32;&#32;&#32;&#32;&#32;&#32;&#32;&#32;&#32;&#32;&#32;&#32;&#32;&#32;&#32;&#32;&#32;&#32;&#32;&#32;&#32;&#32;&#32;&#32;&#32;&#32;&#32;&#32;&#32;&#32;<emphasis role="keywordflow">return</emphasis>&#32;<emphasis role="keyword">false</emphasis>;
00182 &#32;&#32;&#32;&#32;&#32;&#32;&#32;&#32;&#32;&#32;&#32;&#32;&#32;&#32;&#32;&#32;&#32;&#32;&#32;&#32;&#32;&#32;&#32;&#32;}
00183 &#32;&#32;&#32;&#32;&#32;&#32;&#32;&#32;&#32;&#32;&#32;&#32;&#32;&#32;&#32;&#32;&#32;&#32;}
00184 &#32;&#32;&#32;&#32;&#32;&#32;&#32;&#32;&#32;&#32;&#32;&#32;&#32;&#32;&#32;&#32;&#32;&#32;<emphasis role="keywordflow">else</emphasis>&#32;<emphasis role="keywordflow">if</emphasis>&#32;(this-&gt;<link linkend="_class_date_1a533843e07c6ac8d19fee9b16f5336ba2">month</link>&#32;&gt;&#32;other.<link linkend="_class_date_1a533843e07c6ac8d19fee9b16f5336ba2">month</link>)
00185 &#32;&#32;&#32;&#32;&#32;&#32;&#32;&#32;&#32;&#32;&#32;&#32;&#32;&#32;&#32;&#32;&#32;&#32;{
00186 &#32;&#32;&#32;&#32;&#32;&#32;&#32;&#32;&#32;&#32;&#32;&#32;&#32;&#32;&#32;&#32;&#32;&#32;&#32;&#32;&#32;&#32;&#32;&#32;<emphasis role="keywordflow">if</emphasis>&#32;(this-&gt;<link linkend="_class_date_1a5b192adcabf2b2871e3f0b76c1ec1601">day</link>&#32;&gt;=&#32;other.<link linkend="_class_date_1a5b192adcabf2b2871e3f0b76c1ec1601">day</link>)
00187 &#32;&#32;&#32;&#32;&#32;&#32;&#32;&#32;&#32;&#32;&#32;&#32;&#32;&#32;&#32;&#32;&#32;&#32;&#32;&#32;&#32;&#32;&#32;&#32;{
00188 &#32;&#32;&#32;&#32;&#32;&#32;&#32;&#32;&#32;&#32;&#32;&#32;&#32;&#32;&#32;&#32;&#32;&#32;&#32;&#32;&#32;&#32;&#32;&#32;&#32;&#32;&#32;&#32;&#32;&#32;<emphasis role="keywordflow">return</emphasis>&#32;<emphasis role="keyword">true</emphasis>;
00189 &#32;&#32;&#32;&#32;&#32;&#32;&#32;&#32;&#32;&#32;&#32;&#32;&#32;&#32;&#32;&#32;&#32;&#32;&#32;&#32;&#32;&#32;&#32;&#32;}
00190 &#32;&#32;&#32;&#32;&#32;&#32;&#32;&#32;&#32;&#32;&#32;&#32;&#32;&#32;&#32;&#32;&#32;&#32;&#32;&#32;&#32;&#32;&#32;&#32;<emphasis role="keywordflow">else</emphasis>
00191 &#32;&#32;&#32;&#32;&#32;&#32;&#32;&#32;&#32;&#32;&#32;&#32;&#32;&#32;&#32;&#32;&#32;&#32;&#32;&#32;&#32;&#32;&#32;&#32;{
00192 &#32;&#32;&#32;&#32;&#32;&#32;&#32;&#32;&#32;&#32;&#32;&#32;&#32;&#32;&#32;&#32;&#32;&#32;&#32;&#32;&#32;&#32;&#32;&#32;&#32;&#32;&#32;&#32;&#32;&#32;<emphasis role="keywordflow">return</emphasis>&#32;<emphasis role="keyword">false</emphasis>;
00193 &#32;&#32;&#32;&#32;&#32;&#32;&#32;&#32;&#32;&#32;&#32;&#32;&#32;&#32;&#32;&#32;&#32;&#32;&#32;&#32;&#32;&#32;&#32;&#32;}
00194 &#32;&#32;&#32;&#32;&#32;&#32;&#32;&#32;&#32;&#32;&#32;&#32;&#32;&#32;&#32;&#32;&#32;&#32;}
00195 &#32;&#32;&#32;&#32;&#32;&#32;&#32;&#32;&#32;&#32;&#32;&#32;&#32;&#32;&#32;&#32;&#32;&#32;<emphasis role="keywordflow">else</emphasis>
00196 &#32;&#32;&#32;&#32;&#32;&#32;&#32;&#32;&#32;&#32;&#32;&#32;&#32;&#32;&#32;&#32;&#32;&#32;{
00197 &#32;&#32;&#32;&#32;&#32;&#32;&#32;&#32;&#32;&#32;&#32;&#32;&#32;&#32;&#32;&#32;&#32;&#32;&#32;&#32;&#32;&#32;&#32;&#32;<emphasis role="keywordflow">return</emphasis>&#32;<emphasis role="keyword">false</emphasis>;
00198 &#32;&#32;&#32;&#32;&#32;&#32;&#32;&#32;&#32;&#32;&#32;&#32;&#32;&#32;&#32;&#32;&#32;&#32;}
00199 &#32;&#32;&#32;&#32;&#32;&#32;&#32;&#32;&#32;&#32;&#32;&#32;}
00200 &#32;&#32;&#32;&#32;&#32;&#32;&#32;&#32;&#32;&#32;&#32;&#32;<emphasis role="keywordflow">else</emphasis>
00201 &#32;&#32;&#32;&#32;&#32;&#32;&#32;&#32;&#32;&#32;&#32;&#32;{
00202 &#32;&#32;&#32;&#32;&#32;&#32;&#32;&#32;&#32;&#32;&#32;&#32;&#32;&#32;&#32;&#32;&#32;&#32;<emphasis role="keywordflow">return</emphasis>&#32;<emphasis role="keyword">false</emphasis>;
00203 &#32;&#32;&#32;&#32;&#32;&#32;&#32;&#32;&#32;&#32;&#32;&#32;}
00204 &#32;&#32;&#32;&#32;&#32;&#32;}
00205 &#32;&#32;&#32;&#32;&#32;&#32;<emphasis role="keywordflow">else</emphasis>
00206 &#32;&#32;&#32;&#32;&#32;&#32;{
00207 &#32;&#32;&#32;&#32;&#32;&#32;&#32;&#32;&#32;&#32;&#32;&#32;<emphasis role="keywordflow">return</emphasis>&#32;<emphasis role="keyword">true</emphasis>;
00208 &#32;&#32;&#32;&#32;&#32;&#32;}
00209 }
</programlisting><para>
References <link linkend="__date_8h_source_1l00008">day</link>, <link linkend="__date_8h_source_1l00009">month</link>, and <link linkend="__date_8h_source_1l00010">year</link>.</para>
    </section><anchor xml:id="_class_date_1a38368873510ede78cdf2b95d94ed5184"/>    <section>
    <title>set_day()</title>
<indexterm><primary>set_day</primary><secondary>Date</secondary></indexterm>
<indexterm><primary>Date</primary><secondary>set_day</secondary></indexterm>
<para><computeroutput>void Date::set_day (int day)</computeroutput></para><para>
Definition at line <link linkend="__date_8cpp_source_1l00225">225</link> of file <link linkend="__date_8cpp_source">Date.cpp</link>.</para>
<programlisting>00226 {
00227 &#32;&#32;&#32;&#32;&#32;&#32;<emphasis role="keywordflow">if</emphasis>&#32;(this-&gt;<link linkend="_class_date_1a533843e07c6ac8d19fee9b16f5336ba2">month</link>&#32;==&#32;2)
00228 &#32;&#32;&#32;&#32;&#32;&#32;{
00229 &#32;&#32;&#32;&#32;&#32;&#32;&#32;&#32;&#32;&#32;&#32;&#32;<emphasis role="keywordflow">if</emphasis>&#32;(this-&gt;<link linkend="_class_date_1a3eeced2ed56bc95d56782b9e738db8ea">year</link>&#32;%&#32;4&#32;==&#32;0)
00230 &#32;&#32;&#32;&#32;&#32;&#32;&#32;&#32;&#32;&#32;&#32;&#32;{
00231 &#32;&#32;&#32;&#32;&#32;&#32;&#32;&#32;&#32;&#32;&#32;&#32;&#32;&#32;&#32;&#32;&#32;&#32;<emphasis role="keywordflow">if</emphasis>&#32;(<link linkend="_class_date_1a5b192adcabf2b2871e3f0b76c1ec1601">day</link>&#32;&gt;=&#32;1&#32;&amp;&amp;&#32;<link linkend="_class_date_1a5b192adcabf2b2871e3f0b76c1ec1601">day</link>&#32;&lt;=&#32;29)
00232 &#32;&#32;&#32;&#32;&#32;&#32;&#32;&#32;&#32;&#32;&#32;&#32;&#32;&#32;&#32;&#32;&#32;&#32;{
00233 &#32;&#32;&#32;&#32;&#32;&#32;&#32;&#32;&#32;&#32;&#32;&#32;&#32;&#32;&#32;&#32;&#32;&#32;&#32;&#32;&#32;&#32;&#32;&#32;this-&gt;<link linkend="_class_date_1a5b192adcabf2b2871e3f0b76c1ec1601">day</link>&#32;=&#32;<link linkend="_class_date_1a5b192adcabf2b2871e3f0b76c1ec1601">day</link>;
00234 &#32;&#32;&#32;&#32;&#32;&#32;&#32;&#32;&#32;&#32;&#32;&#32;&#32;&#32;&#32;&#32;&#32;&#32;}
00235 &#32;&#32;&#32;&#32;&#32;&#32;&#32;&#32;&#32;&#32;&#32;&#32;}
00236 &#32;&#32;&#32;&#32;&#32;&#32;&#32;&#32;&#32;&#32;&#32;&#32;<emphasis role="keywordflow">else</emphasis>
00237 &#32;&#32;&#32;&#32;&#32;&#32;&#32;&#32;&#32;&#32;&#32;&#32;{
00238 &#32;&#32;&#32;&#32;&#32;&#32;&#32;&#32;&#32;&#32;&#32;&#32;&#32;&#32;&#32;&#32;&#32;&#32;<emphasis role="keywordflow">if</emphasis>&#32;(<link linkend="_class_date_1a5b192adcabf2b2871e3f0b76c1ec1601">day</link>&#32;&gt;=&#32;1&#32;&amp;&amp;&#32;<link linkend="_class_date_1a5b192adcabf2b2871e3f0b76c1ec1601">day</link>&#32;&lt;=&#32;28)
00239 &#32;&#32;&#32;&#32;&#32;&#32;&#32;&#32;&#32;&#32;&#32;&#32;&#32;&#32;&#32;&#32;&#32;&#32;{
00240 &#32;&#32;&#32;&#32;&#32;&#32;&#32;&#32;&#32;&#32;&#32;&#32;&#32;&#32;&#32;&#32;&#32;&#32;&#32;&#32;&#32;&#32;&#32;&#32;this-&gt;<link linkend="_class_date_1a5b192adcabf2b2871e3f0b76c1ec1601">day</link>&#32;=&#32;<link linkend="_class_date_1a5b192adcabf2b2871e3f0b76c1ec1601">day</link>;
00241 &#32;&#32;&#32;&#32;&#32;&#32;&#32;&#32;&#32;&#32;&#32;&#32;&#32;&#32;&#32;&#32;&#32;&#32;}
00242 &#32;&#32;&#32;&#32;&#32;&#32;&#32;&#32;&#32;&#32;&#32;&#32;}
00243 &#32;&#32;&#32;&#32;&#32;&#32;}
00244 &#32;&#32;&#32;&#32;&#32;&#32;<emphasis role="keywordflow">else</emphasis>&#32;<emphasis role="keywordflow">if</emphasis>&#32;(this-&gt;<link linkend="_class_date_1a533843e07c6ac8d19fee9b16f5336ba2">month</link>&#32;==&#32;1&#32;||&#32;this-&gt;<link linkend="_class_date_1a533843e07c6ac8d19fee9b16f5336ba2">month</link>&#32;==&#32;3&#32;
00245 &#32;&#32;&#32;&#32;&#32;&#32;&#32;&#32;&#32;&#32;&#32;&#32;||&#32;this-&gt;<link linkend="_class_date_1a533843e07c6ac8d19fee9b16f5336ba2">month</link>&#32;==&#32;5&#32;||&#32;this-&gt;<link linkend="_class_date_1a533843e07c6ac8d19fee9b16f5336ba2">month</link>&#32;==&#32;7&#32;
00246 &#32;&#32;&#32;&#32;&#32;&#32;&#32;&#32;&#32;&#32;&#32;&#32;||&#32;this-&gt;<link linkend="_class_date_1a533843e07c6ac8d19fee9b16f5336ba2">month</link>&#32;==&#32;8&#32;||&#32;this-&gt;<link linkend="_class_date_1a533843e07c6ac8d19fee9b16f5336ba2">month</link>&#32;==&#32;10&#32;
00247 &#32;&#32;&#32;&#32;&#32;&#32;&#32;&#32;&#32;&#32;&#32;&#32;||&#32;this-&gt;<link linkend="_class_date_1a533843e07c6ac8d19fee9b16f5336ba2">month</link>&#32;==&#32;12)
00248 &#32;&#32;&#32;&#32;&#32;&#32;{
00249 &#32;&#32;&#32;&#32;&#32;&#32;&#32;&#32;&#32;&#32;&#32;&#32;<emphasis role="keywordflow">if</emphasis>&#32;(<link linkend="_class_date_1a5b192adcabf2b2871e3f0b76c1ec1601">day</link>&#32;&gt;=&#32;1&#32;&amp;&amp;&#32;<link linkend="_class_date_1a5b192adcabf2b2871e3f0b76c1ec1601">day</link>&#32;&lt;=&#32;31)
00250 &#32;&#32;&#32;&#32;&#32;&#32;&#32;&#32;&#32;&#32;&#32;&#32;{
00251 &#32;&#32;&#32;&#32;&#32;&#32;&#32;&#32;&#32;&#32;&#32;&#32;&#32;&#32;&#32;&#32;&#32;&#32;this-&gt;<link linkend="_class_date_1a5b192adcabf2b2871e3f0b76c1ec1601">day</link>&#32;=&#32;<link linkend="_class_date_1a5b192adcabf2b2871e3f0b76c1ec1601">day</link>;
00252 &#32;&#32;&#32;&#32;&#32;&#32;&#32;&#32;&#32;&#32;&#32;&#32;}
00253 &#32;&#32;&#32;&#32;&#32;&#32;}
00254 &#32;&#32;&#32;&#32;&#32;&#32;<emphasis role="keywordflow">else</emphasis>
00255 &#32;&#32;&#32;&#32;&#32;&#32;{
00256 &#32;&#32;&#32;&#32;&#32;&#32;&#32;&#32;&#32;&#32;&#32;&#32;<emphasis role="keywordflow">if</emphasis>&#32;(<link linkend="_class_date_1a5b192adcabf2b2871e3f0b76c1ec1601">day</link>&#32;&gt;=&#32;1&#32;&amp;&amp;&#32;<link linkend="_class_date_1a5b192adcabf2b2871e3f0b76c1ec1601">day</link>&#32;&lt;=&#32;30)
00257 &#32;&#32;&#32;&#32;&#32;&#32;&#32;&#32;&#32;&#32;&#32;&#32;{
00258 &#32;&#32;&#32;&#32;&#32;&#32;&#32;&#32;&#32;&#32;&#32;&#32;&#32;&#32;&#32;&#32;&#32;&#32;this-&gt;<link linkend="_class_date_1a5b192adcabf2b2871e3f0b76c1ec1601">day</link>&#32;=&#32;<link linkend="_class_date_1a5b192adcabf2b2871e3f0b76c1ec1601">day</link>;
00259 &#32;&#32;&#32;&#32;&#32;&#32;&#32;&#32;&#32;&#32;&#32;&#32;}
00260 &#32;&#32;&#32;&#32;&#32;&#32;}
00261 }
</programlisting><para>
References <link linkend="__date_8h_source_1l00008">day</link>, <link linkend="__date_8h_source_1l00009">month</link>, and <link linkend="__date_8h_source_1l00010">year</link>.</para>
    </section><anchor xml:id="_class_date_1af646936426b1ae00cf60eeb36003a397"/>    <section>
    <title>set_month()</title>
<indexterm><primary>set_month</primary><secondary>Date</secondary></indexterm>
<indexterm><primary>Date</primary><secondary>set_month</secondary></indexterm>
<para><computeroutput>void Date::set_month (int month)</computeroutput></para><para>
Definition at line <link linkend="__date_8cpp_source_1l00262">262</link> of file <link linkend="__date_8cpp_source">Date.cpp</link>.</para>
<programlisting>00263 {
00264 &#32;&#32;&#32;&#32;&#32;&#32;<emphasis role="keywordflow">if</emphasis>&#32;(<link linkend="_class_date_1a533843e07c6ac8d19fee9b16f5336ba2">month</link>&#32;&gt;=&#32;1&#32;&amp;&amp;&#32;<link linkend="_class_date_1a533843e07c6ac8d19fee9b16f5336ba2">month</link>&#32;&lt;=&#32;12)
00265 &#32;&#32;&#32;&#32;&#32;&#32;{
00266 &#32;&#32;&#32;&#32;&#32;&#32;&#32;&#32;&#32;&#32;&#32;&#32;this-&gt;<link linkend="_class_date_1a533843e07c6ac8d19fee9b16f5336ba2">month</link>&#32;=&#32;<link linkend="_class_date_1a533843e07c6ac8d19fee9b16f5336ba2">month</link>;
00267 &#32;&#32;&#32;&#32;&#32;&#32;}
00268 }
</programlisting><para>
References <link linkend="__date_8h_source_1l00009">month</link>.</para>
    </section><anchor xml:id="_class_date_1afd39dbc0dfb19465585b6dcc20ffb206"/>    <section>
    <title>set_year()</title>
<indexterm><primary>set_year</primary><secondary>Date</secondary></indexterm>
<indexterm><primary>Date</primary><secondary>set_year</secondary></indexterm>
<para><computeroutput>void Date::set_year (int year)</computeroutput></para><para>
Definition at line <link linkend="__date_8cpp_source_1l00269">269</link> of file <link linkend="__date_8cpp_source">Date.cpp</link>.</para>
<programlisting>00270 {
00271 &#32;&#32;&#32;&#32;&#32;&#32;this-&gt;<link linkend="_class_date_1a3eeced2ed56bc95d56782b9e738db8ea">year</link>&#32;=&#32;<link linkend="_class_date_1a3eeced2ed56bc95d56782b9e738db8ea">year</link>;
00272 }
</programlisting><para>
References <link linkend="__date_8h_source_1l00010">year</link>.</para>
</section>
</section>
<section>
<title>Member Data Documentation</title>
<anchor xml:id="_class_date_1a5b192adcabf2b2871e3f0b76c1ec1601"/>    <section>
    <title>day</title>
<indexterm><primary>day</primary><secondary>Date</secondary></indexterm>
<indexterm><primary>Date</primary><secondary>day</secondary></indexterm>
<para><computeroutput>int Date::day<computeroutput>[private]</computeroutput></computeroutput></para><para>
Definition at line <link linkend="__date_8h_source_1l00008">8</link> of file <link linkend="__date_8h_source">Date.h</link>.</para>
    </section><anchor xml:id="_class_date_1a533843e07c6ac8d19fee9b16f5336ba2"/>    <section>
    <title>month</title>
<indexterm><primary>month</primary><secondary>Date</secondary></indexterm>
<indexterm><primary>Date</primary><secondary>month</secondary></indexterm>
<para><computeroutput>int Date::month<computeroutput>[private]</computeroutput></computeroutput></para><para>
Definition at line <link linkend="__date_8h_source_1l00009">9</link> of file <link linkend="__date_8h_source">Date.h</link>.</para>
    </section><anchor xml:id="_class_date_1a3eeced2ed56bc95d56782b9e738db8ea"/>    <section>
    <title>year</title>
<indexterm><primary>year</primary><secondary>Date</secondary></indexterm>
<indexterm><primary>Date</primary><secondary>year</secondary></indexterm>
<para><computeroutput>int Date::year<computeroutput>[private]</computeroutput></computeroutput></para><para>
Definition at line <link linkend="__date_8h_source_1l00010">10</link> of file <link linkend="__date_8h_source">Date.h</link>.</para>
</section>
<para>
The documentation for this class was generated from the following files:</para>
<link linkend="__date_8h">Date.h</link><link linkend="__date_8cpp">Date.cpp</link></section>
</section>
