<?xml version='1.0' encoding='UTF-8' standalone='no'?>
<section xmlns="http://docbook.org/ns/docbook" version="5.0" xmlns:xlink="http://www.w3.org/1999/xlink" xml:id="_dir_9fcd7739deede9e736f8d13fad406209">
<title>Viktor Directory Reference</title>
<indexterm><primary>Viktor Directory Reference</primary></indexterm>
<simplesect>
    <title>Directories    </title>
        <itemizedlist>
            <listitem><para>directory <link linkend="_dir_37dbe52584bc5185b1ea6e18a0e74963">source</link></para>
</listitem>
        </itemizedlist>
</simplesect>
</section>
