<?xml version='1.0' encoding='UTF-8' standalone='no'?>
<section xmlns="http://docbook.org/ns/docbook" version="5.0" xmlns:xlink="http://www.w3.org/1999/xlink" xml:id="_dir_37dbe52584bc5185b1ea6e18a0e74963">
<title>source Directory Reference</title>
<indexterm><primary>source Directory Reference</primary></indexterm>
<simplesect>
    <title>Directories    </title>
        <itemizedlist>
            <listitem><para>directory <link linkend="_dir_4565ddf8638606d9332c52f43546f779">repos</link></para>
</listitem>
        </itemizedlist>
</simplesect>
</section>
