<?xml version='1.0' encoding='UTF-8' standalone='no'?>
<section xmlns="http://docbook.org/ns/docbook" version="5.0" xmlns:xlink="http://www.w3.org/1999/xlink" xml:id="_dir_8ceffd4ee35c3518d4e8bdc7e638efe8">
<title>Users Directory Reference</title>
<indexterm><primary>Users Directory Reference</primary></indexterm>
<simplesect>
    <title>Directories    </title>
        <itemizedlist>
            <listitem><para>directory <link linkend="_dir_9fcd7739deede9e736f8d13fad406209">Viktor</link></para>
</listitem>
        </itemizedlist>
</simplesect>
</section>
