<?xml version='1.0' encoding='UTF-8' standalone='no'?>
<section xmlns="http://docbook.org/ns/docbook" version="5.0" xmlns:xlink="http://www.w3.org/1999/xlink" xml:id="_dir_a51fe43a66d2322215f4148df855da39">
<title>project_1_Hotel Directory Reference</title>
<indexterm><primary>project_1_Hotel Directory Reference</primary></indexterm>
<simplesect>
    <title>Directories    </title>
        <itemizedlist>
            <listitem><para>directory <link linkend="_dir_05f46890a29f28baba86d7ab6b168f1a">project_1_Hotel</link></para>
</listitem>
        </itemizedlist>
</simplesect>
</section>
