<?xml version='1.0' encoding='UTF-8' standalone='no'?>
<section xmlns="http://docbook.org/ns/docbook" version="5.0" xmlns:xlink="http://www.w3.org/1999/xlink" xml:id="_dir_4565ddf8638606d9332c52f43546f779">
<title>repos Directory Reference</title>
<indexterm><primary>repos Directory Reference</primary></indexterm>
<simplesect>
    <title>Directories    </title>
        <itemizedlist>
            <listitem><para>directory <link linkend="_dir_a51fe43a66d2322215f4148df855da39">project_1_Hotel</link></para>
</listitem>
        </itemizedlist>
</simplesect>
</section>
