<?xml version='1.0' encoding='UTF-8' standalone='no'?>
<section xmlns="http://docbook.org/ns/docbook" version="5.0" xmlns:xlink="http://www.w3.org/1999/xlink" xml:id="_dir_05f46890a29f28baba86d7ab6b168f1a">
<title>project_1_Hotel Directory Reference</title>
<indexterm><primary>project_1_Hotel Directory Reference</primary></indexterm>
<simplesect>
    <title>Files    </title>
        <itemizedlist>
            <listitem><para>file <link linkend="__date_8cpp">Date.cpp</link></para>
</listitem>
            <listitem><para>file <link linkend="__date_8h">Date.h</link></para>
</listitem>
            <listitem><para>file <link linkend="__hotel_8cpp">Hotel.cpp</link></para>
</listitem>
            <listitem><para>file <link linkend="__hotel_8h">Hotel.h</link></para>
</listitem>
            <listitem><para>file <link linkend="_project__1___hotel_8cpp">project_1_Hotel.cpp</link></para>
</listitem>
            <listitem><para>file <link linkend="__room_8cpp">Room.cpp</link></para>
</listitem>
            <listitem><para>file <link linkend="__room_8h">Room.h</link></para>
</listitem>
            <listitem><para>file <link linkend="_stdafx_8cpp">stdafx.cpp</link></para>
</listitem>
            <listitem><para>file <link linkend="_stdafx_8h">stdafx.h</link></para>
</listitem>
            <listitem><para>file <link linkend="_targetver_8h">targetver.h</link></para>
</listitem>
        </itemizedlist>
</simplesect>
</section>
