<?xml version='1.0' encoding='UTF-8' standalone='no'?>
<book xmlns="http://docbook.org/ns/docbook" version="5.0" xmlns:xlink="http://www.w3.org/1999/xlink" xml:id="_index">
    <info>
    <title>Hotel project</title>
    </info>
<chapter>
    <title>Class Documentation</title>
    <xi:include href="class_date.xml" xmlns:xi="http://www.w3.org/2001/XInclude"/>
    <xi:include href="class_hotel.xml" xmlns:xi="http://www.w3.org/2001/XInclude"/>
    <xi:include href="class_room.xml" xmlns:xi="http://www.w3.org/2001/XInclude"/>
</chapter>
<chapter>
    <title>File Documentation</title>
    <xi:include href="_date_8cpp.xml" xmlns:xi="http://www.w3.org/2001/XInclude"/>
    <xi:include href="_date_8cpp_source.xml" xmlns:xi="http://www.w3.org/2001/XInclude"/>
    <xi:include href="_date_8h.xml" xmlns:xi="http://www.w3.org/2001/XInclude"/>
    <xi:include href="_date_8h_source.xml" xmlns:xi="http://www.w3.org/2001/XInclude"/>
    <xi:include href="here_8txt.xml" xmlns:xi="http://www.w3.org/2001/XInclude"/>
    <xi:include href="_hotel_8cpp.xml" xmlns:xi="http://www.w3.org/2001/XInclude"/>
    <xi:include href="_hotel_8cpp_source.xml" xmlns:xi="http://www.w3.org/2001/XInclude"/>
    <xi:include href="_hotel_8h.xml" xmlns:xi="http://www.w3.org/2001/XInclude"/>
    <xi:include href="_hotel_8h_source.xml" xmlns:xi="http://www.w3.org/2001/XInclude"/>
    <xi:include href="input__hotel_8txt.xml" xmlns:xi="http://www.w3.org/2001/XInclude"/>
    <xi:include href="project__1___hotel_8cpp.xml" xmlns:xi="http://www.w3.org/2001/XInclude"/>
    <xi:include href="project__1___hotel_8cpp_source.xml" xmlns:xi="http://www.w3.org/2001/XInclude"/>
    <xi:include href="_room_8cpp.xml" xmlns:xi="http://www.w3.org/2001/XInclude"/>
    <xi:include href="_room_8cpp_source.xml" xmlns:xi="http://www.w3.org/2001/XInclude"/>
    <xi:include href="_room_8h.xml" xmlns:xi="http://www.w3.org/2001/XInclude"/>
    <xi:include href="_room_8h_source.xml" xmlns:xi="http://www.w3.org/2001/XInclude"/>
    <xi:include href="savemehere_8txt.xml" xmlns:xi="http://www.w3.org/2001/XInclude"/>
    <xi:include href="stdafx_8cpp.xml" xmlns:xi="http://www.w3.org/2001/XInclude"/>
    <xi:include href="stdafx_8cpp_source.xml" xmlns:xi="http://www.w3.org/2001/XInclude"/>
    <xi:include href="stdafx_8h.xml" xmlns:xi="http://www.w3.org/2001/XInclude"/>
    <xi:include href="stdafx_8h_source.xml" xmlns:xi="http://www.w3.org/2001/XInclude"/>
    <xi:include href="targetver_8h.xml" xmlns:xi="http://www.w3.org/2001/XInclude"/>
    <xi:include href="targetver_8h_source.xml" xmlns:xi="http://www.w3.org/2001/XInclude"/>
</chapter>
<index/>
</book>
