<?xml version='1.0' encoding='UTF-8' standalone='no'?>
<section xmlns="http://docbook.org/ns/docbook" version="5.0" xmlns:xlink="http://www.w3.org/1999/xlink" xml:id="_project__1___hotel_8cpp">
<title>project_1_Hotel.cpp File Reference</title>
<indexterm><primary>project_1_Hotel.cpp</primary></indexterm>
<programlisting>#include &lt;iostream&gt;
#include &lt;string&gt;
#include &quot;Date.h&quot;
#include &quot;Room.h&quot;
#include &quot;Hotel.h&quot;
#include &lt;fstream&gt;
#include &lt;ctime&gt;
</programlisting><simplesect>
    <title>Functions    </title>
        <itemizedlist>
            <listitem><para>﻿ int <link linkend="_project__1___hotel_8cpp_1a7500059836dc1bccc7e9afc3b7fc9019">main</link> ()</para>
</listitem>
        </itemizedlist>
</simplesect>
<section>
<title>Function Documentation</title>
<anchor xml:id="_project__1___hotel_8cpp_1a7500059836dc1bccc7e9afc3b7fc9019"/>    <section>
    <title>main()</title>
<indexterm><primary>main</primary><secondary>project_1_Hotel.cpp</secondary></indexterm>
<indexterm><primary>project_1_Hotel.cpp</primary><secondary>main</secondary></indexterm>
<para><computeroutput>﻿ int main ( )</computeroutput></para>
<para>main hotel</para>

<para>Test</para>

<para>command</para>

<para>path on open command</para>

<para>checks if there is an open file</para>

<para>the whole do block splits and executes commands</para>
<para>
Definition at line <link linkend="_project__1___hotel_8cpp_source_1l00010">10</link> of file <link linkend="_project__1___hotel_8cpp_source">project_1_Hotel.cpp</link>.</para>
<programlisting>00020 {
00021 
</programlisting><para>
References <link linkend="__hotel_8cpp_source_1l00009">Hotel::add_room()</link>, <link linkend="__hotel_8cpp_source_1l00031">Hotel::availability()</link>, <link linkend="__hotel_8cpp_source_1l00014">Hotel::checkin()</link>, <link linkend="__hotel_8cpp_source_1l00047">Hotel::checkout()</link>, <link linkend="__hotel_8cpp_source_1l00091">Hotel::find()</link>, <link linkend="__hotel_8cpp_source_1l00158">Hotel::print()</link>, <link linkend="__hotel_8cpp_source_1l00061">Hotel::report()</link>, <link linkend="__hotel_8cpp_source_1l00145">Hotel::unavailable()</link>, and <link linkend="__hotel_8cpp_source_1l00111">Hotel::VIP_find()</link>.</para>
</section>
</section>
</section>
