<?xml version='1.0' encoding='UTF-8' standalone='no'?>
<section xmlns="http://docbook.org/ns/docbook" version="5.0" xmlns:xlink="http://www.w3.org/1999/xlink" xml:id="_stdafx_8h_source">
<title>stdafx.h</title>
<indexterm><primary>stdafx.h</primary></indexterm>
<programlisting>00001 ﻿<emphasis role="comment">//&#32;stdafx.h&#32;:&#32;include&#32;file&#32;for&#32;standard&#32;system&#32;include&#32;files,</emphasis>
00002 <emphasis role="comment">//&#32;or&#32;project&#32;specific&#32;include&#32;files&#32;that&#32;are&#32;used&#32;frequently,&#32;but</emphasis>
00003 <emphasis role="comment">//&#32;are&#32;changed&#32;infrequently</emphasis>
00004 <emphasis role="comment">//</emphasis>
00005 
00006 <emphasis role="preprocessor">#pragma&#32;once</emphasis>
00007 
00008 <emphasis role="preprocessor">#include&#32;&quot;<link linkend="_targetver_8h">targetver.h</link>&quot;</emphasis>
00009 
00010 <emphasis role="preprocessor">#include&#32;&lt;stdio.h&gt;</emphasis>
00011 <emphasis role="preprocessor">#include&#32;&lt;tchar.h&gt;</emphasis>
00012 
00013 
00014 
00015 <emphasis role="comment">//&#32;TODO:&#32;reference&#32;additional&#32;headers&#32;your&#32;program&#32;requires&#32;here</emphasis>
</programlisting></section>
