<?xml version='1.0' encoding='UTF-8' standalone='no'?>
<section xmlns="http://docbook.org/ns/docbook" version="5.0" xmlns:xlink="http://www.w3.org/1999/xlink" xml:id="_stdafx_8cpp_source">
<title>stdafx.cpp</title>
<indexterm><primary>stdafx.cpp</primary></indexterm>
<programlisting>00001 ﻿<emphasis role="comment">//&#32;stdafx.cpp&#32;:&#32;source&#32;file&#32;that&#32;includes&#32;just&#32;the&#32;standard&#32;includes</emphasis>
00002 <emphasis role="comment">//&#32;project_1_Hotel.pch&#32;will&#32;be&#32;the&#32;pre-compiled&#32;header</emphasis>
00003 <emphasis role="comment">//&#32;stdafx.obj&#32;will&#32;contain&#32;the&#32;pre-compiled&#32;type&#32;information</emphasis>
00004 
00005 <emphasis role="preprocessor">#include&#32;&quot;<link linkend="_stdafx_8h">stdafx.h</link>&quot;</emphasis>
00006 
00007 <emphasis role="comment">//&#32;TODO:&#32;reference&#32;any&#32;additional&#32;headers&#32;you&#32;need&#32;in&#32;STDAFX.H</emphasis>
00008 <emphasis role="comment">//&#32;and&#32;not&#32;in&#32;this&#32;file</emphasis>
</programlisting></section>
