<?xml version='1.0' encoding='UTF-8' standalone='no'?>
<section xmlns="http://docbook.org/ns/docbook" version="5.0" xmlns:xlink="http://www.w3.org/1999/xlink" xml:id="_targetver_8h_source">
<title>targetver.h</title>
<indexterm><primary>targetver.h</primary></indexterm>
<programlisting>00001 ﻿#pragma&#32;once
00002 
00003 <emphasis role="comment">//&#32;Including&#32;SDKDDKVer.h&#32;defines&#32;the&#32;highest&#32;available&#32;Windows&#32;platform.</emphasis>
00004 
00005 <emphasis role="comment">//&#32;If&#32;you&#32;wish&#32;to&#32;build&#32;your&#32;application&#32;for&#32;a&#32;previous&#32;Windows&#32;platform,&#32;include&#32;WinSDKVer.h&#32;and</emphasis>
00006 <emphasis role="comment">//&#32;set&#32;the&#32;_WIN32_WINNT&#32;macro&#32;to&#32;the&#32;platform&#32;you&#32;wish&#32;to&#32;support&#32;before&#32;including&#32;SDKDDKVer.h.</emphasis>
00007 
00008 <emphasis role="preprocessor">#include&#32;&lt;SDKDDKVer.h&gt;</emphasis>
</programlisting></section>
