<?xml version='1.0' encoding='UTF-8' standalone='no'?>
<doxygen xmlns:xsi="http://www.w3.org/2001/XMLSchema-instance" xsi:noNamespaceSchemaLocation="compound.xsd" version="1.8.18">
  <compounddef id="d8/d41/a00038" kind="file" language="C++">
    <compoundname>targetver.h</compoundname>
    <briefdescription>
    </briefdescription>
    <detaileddescription>
    </detaileddescription>
    <programlisting>
<codeline lineno="1"><highlight class="normal">﻿#pragma<sp/>once</highlight></codeline>
<codeline lineno="2"><highlight class="normal"></highlight></codeline>
<codeline lineno="3"><highlight class="normal"></highlight><highlight class="comment">//<sp/>Including<sp/>SDKDDKVer.h<sp/>defines<sp/>the<sp/>highest<sp/>available<sp/>Windows<sp/>platform.</highlight><highlight class="normal"></highlight></codeline>
<codeline lineno="4"><highlight class="normal"></highlight></codeline>
<codeline lineno="5"><highlight class="normal"></highlight><highlight class="comment">//<sp/>If<sp/>you<sp/>wish<sp/>to<sp/>build<sp/>your<sp/>application<sp/>for<sp/>a<sp/>previous<sp/>Windows<sp/>platform,<sp/>include<sp/>WinSDKVer.h<sp/>and</highlight><highlight class="normal"></highlight></codeline>
<codeline lineno="6"><highlight class="normal"></highlight><highlight class="comment">//<sp/>set<sp/>the<sp/>_WIN32_WINNT<sp/>macro<sp/>to<sp/>the<sp/>platform<sp/>you<sp/>wish<sp/>to<sp/>support<sp/>before<sp/>including<sp/>SDKDDKVer.h.</highlight><highlight class="normal"></highlight></codeline>
<codeline lineno="7"><highlight class="normal"></highlight></codeline>
<codeline lineno="8"><highlight class="normal"></highlight><highlight class="preprocessor">#include<sp/>&lt;SDKDDKVer.h&gt;</highlight><highlight class="normal"></highlight></codeline>
    </programlisting>
    <location file="C:/Users/Viktor/source/repos/project_1_Hotel/project_1_Hotel/targetver.h"/>
  </compounddef>
</doxygen>
