<?xml version='1.0' encoding='UTF-8' standalone='no'?>
<doxygen xmlns:xsi="http://www.w3.org/2001/XMLSchema-instance" xsi:noNamespaceSchemaLocation="compound.xsd" version="1.8.18">
  <compounddef id="dd/d32/a00041" kind="namespace" language="Unknown">
    <compoundname>std</compoundname>
    <innerclass refid="d6/d97/a00045" prot="public">std::allocator</innerclass>
    <innerclass refid="dd/dc1/a00721" prot="public">std::array</innerclass>
    <innerclass refid="d4/d31/a00069" prot="public">std::atomic</innerclass>
    <innerclass refid="d1/d6e/a00073" prot="public">std::atomic_ref</innerclass>
    <innerclass refid="d2/dee/a00049" prot="public">std::auto_ptr</innerclass>
    <innerclass refid="d7/d0a/a00801" prot="public">std::bad_alloc</innerclass>
    <innerclass refid="d7/dff/a00805" prot="public">std::bad_cast</innerclass>
    <innerclass refid="dd/d5f/a00825" prot="public">std::bad_exception</innerclass>
    <innerclass refid="dd/d7e/a00809" prot="public">std::bad_typeid</innerclass>
    <innerclass refid="d0/d48/a00165" prot="public">std::basic_fstream</innerclass>
    <innerclass refid="d1/db7/a00157" prot="public">std::basic_ifstream</innerclass>
    <innerclass refid="d5/d4e/a00141" prot="public">std::basic_ios</innerclass>
    <innerclass refid="da/d01/a00153" prot="public">std::basic_iostream</innerclass>
    <innerclass refid="da/ddb/a00145" prot="public">std::basic_istream</innerclass>
    <innerclass refid="de/d53/a00169" prot="public">std::basic_istringstream</innerclass>
    <innerclass refid="d6/d7d/a00161" prot="public">std::basic_ofstream</innerclass>
    <innerclass refid="da/d1e/a00149" prot="public">std::basic_ostream</innerclass>
    <innerclass refid="d7/d3f/a00173" prot="public">std::basic_ostringstream</innerclass>
    <innerclass refid="d0/d3e/a00253" prot="public">std::basic_string</innerclass>
    <innerclass refid="dc/de3/a00373" prot="public">std::basic_string_view</innerclass>
    <innerclass refid="dd/d4c/a00177" prot="public">std::basic_stringstream</innerclass>
    <innerclass refid="d4/d1e/a00497" prot="public">std::bitset</innerclass>
    <innerclass refid="d9/da5/a00493" prot="public">std::complex</innerclass>
    <innerclass refid="d8/db6/a00501" prot="public">std::deque</innerclass>
    <innerclass refid="d1/dea/a00829" prot="public">std::domain_error</innerclass>
    <innerclass refid="d1/d84/a00097" prot="public">std::error_category</innerclass>
    <innerclass refid="d4/d7d/a00093" prot="public">std::error_code</innerclass>
    <innerclass refid="d3/d32/a00105" prot="public">std::error_condition</innerclass>
    <innerclass refid="da/db8/a00797" prot="public">std::exception</innerclass>
    <innerclass refid="dd/d72/a00541" prot="public">std::forward_list</innerclass>
    <innerclass refid="dd/d52/a00221" prot="public">std::fstream</innerclass>
    <innerclass refid="d5/d13/a00205" prot="public">std::ifstream</innerclass>
    <innerclass refid="dc/d6e/a00833" prot="public">std::invalid_argument</innerclass>
    <innerclass refid="d8/d64/a00181" prot="public">std::ios</innerclass>
    <innerclass refid="db/dab/a00089" prot="public">std::ios_base</innerclass>
    <innerclass refid="da/deb/a00189" prot="public">std::istream</innerclass>
    <innerclass refid="dd/d2d/a00229" prot="public">std::istringstream</innerclass>
    <innerclass refid="d3/d00/a00113" prot="public">std::jthread</innerclass>
    <innerclass refid="d1/de6/a00837" prot="public">std::length_error</innerclass>
    <innerclass refid="d7/def/a00521" prot="public">std::list</innerclass>
    <innerclass refid="d1/d09/a00077" prot="public">std::lock_guard</innerclass>
    <innerclass refid="de/d9d/a00813" prot="public">std::logic_error</innerclass>
    <innerclass refid="d2/d50/a00561" prot="public">std::map</innerclass>
    <innerclass refid="d6/db2/a00601" prot="public">std::multimap</innerclass>
    <innerclass refid="d8/dba/a00681" prot="public">std::multiset</innerclass>
    <innerclass refid="d9/d4b/a00117" prot="public">std::mutex</innerclass>
    <innerclass refid="d1/de1/a00213" prot="public">std::ofstream</innerclass>
    <innerclass refid="de/db1/a00197" prot="public">std::ostream</innerclass>
    <innerclass refid="d4/d08/a00237" prot="public">std::ostringstream</innerclass>
    <innerclass refid="d5/dac/a00841" prot="public">std::out_of_range</innerclass>
    <innerclass refid="de/d37/a00849" prot="public">std::overflow_error</innerclass>
    <innerclass refid="d3/d00/a00785" prot="public">std::priority_queue</innerclass>
    <innerclass refid="d6/d86/a00781" prot="public">std::queue</innerclass>
    <innerclass refid="d7/dcf/a00845" prot="public">std::range_error</innerclass>
    <innerclass refid="dc/dfe/a00125" prot="public">std::recursive_mutex</innerclass>
    <innerclass refid="d9/d47/a00129" prot="public">std::recursive_timed_mutex</innerclass>
    <innerclass refid="d6/d8b/a00821" prot="public">std::runtime_error</innerclass>
    <innerclass refid="db/d3a/a00641" prot="public">std::set</innerclass>
    <innerclass refid="df/d13/a00085" prot="public">std::shared_lock</innerclass>
    <innerclass refid="d0/de8/a00133" prot="public">std::shared_mutex</innerclass>
    <innerclass refid="d4/de8/a00061" prot="public">std::shared_ptr</innerclass>
    <innerclass refid="d2/df5/a00137" prot="public">std::shared_timed_mutex</innerclass>
    <innerclass refid="dc/dee/a00053" prot="public">std::smart_ptr</innerclass>
    <innerclass refid="d3/d4f/a00761" prot="public">std::span</innerclass>
    <innerclass refid="d8/d7d/a00789" prot="public">std::stack</innerclass>
    <innerclass refid="d0/d19/a00273" prot="public">std::string</innerclass>
    <innerclass refid="da/dbf/a00393" prot="public">std::string_view</innerclass>
    <innerclass refid="d6/d22/a00245" prot="public">std::stringstream</innerclass>
    <innerclass refid="d4/d3a/a00101" prot="public">std::system_error</innerclass>
    <innerclass refid="dd/d42/a00109" prot="public">std::thread</innerclass>
    <innerclass refid="d8/dfa/a00121" prot="public">std::timed_mutex</innerclass>
    <innerclass refid="d2/d0a/a00333" prot="public">std::u16string</innerclass>
    <innerclass refid="da/dc3/a00453" prot="public">std::u16string_view</innerclass>
    <innerclass refid="db/ddc/a00353" prot="public">std::u32string</innerclass>
    <innerclass refid="dc/d8e/a00473" prot="public">std::u32string_view</innerclass>
    <innerclass refid="dd/db3/a00313" prot="public">std::u8string</innerclass>
    <innerclass refid="dd/d07/a00433" prot="public">std::u8string_view</innerclass>
    <innerclass refid="db/deb/a00853" prot="public">std::underflow_error</innerclass>
    <innerclass refid="d8/d53/a00081" prot="public">std::unique_lock</innerclass>
    <innerclass refid="d1/d22/a00057" prot="public">std::unique_ptr</innerclass>
    <innerclass refid="d8/dc8/a00581" prot="public">std::unordered_map</innerclass>
    <innerclass refid="dc/db1/a00621" prot="public">std::unordered_multimap</innerclass>
    <innerclass refid="dd/d57/a00701" prot="public">std::unordered_multiset</innerclass>
    <innerclass refid="d0/d50/a00661" prot="public">std::unordered_set</innerclass>
    <innerclass refid="d4/dd7/a00793" prot="public">std::valarray</innerclass>
    <innerclass refid="da/da3/a00741" prot="public">std::vector</innerclass>
    <innerclass refid="de/de1/a00065" prot="public">std::weak_ptr</innerclass>
    <innerclass refid="dc/d98/a00225" prot="public">std::wfstream</innerclass>
    <innerclass refid="d3/de5/a00209" prot="public">std::wifstream</innerclass>
    <innerclass refid="de/df3/a00185" prot="public">std::wios</innerclass>
    <innerclass refid="dd/df4/a00193" prot="public">std::wistream</innerclass>
    <innerclass refid="d6/de1/a00233" prot="public">std::wistringstream</innerclass>
    <innerclass refid="df/d24/a00217" prot="public">std::wofstream</innerclass>
    <innerclass refid="dd/de3/a00201" prot="public">std::wostream</innerclass>
    <innerclass refid="d6/db6/a00241" prot="public">std::wostringstream</innerclass>
    <innerclass refid="d6/d82/a00293" prot="public">std::wstring</innerclass>
    <innerclass refid="da/d9c/a00413" prot="public">std::wstring_view</innerclass>
    <innerclass refid="de/dbc/a00249" prot="public">std::wstringstream</innerclass>
    <briefdescription>
<para>STL namespace. </para>
    </briefdescription>
    <detaileddescription>
    </detaileddescription>
    <location file="[STL]" line="1" column="1"/>
  </compounddef>
</doxygen>
