<?xml version='1.0' encoding='UTF-8' standalone='no'?>
<doxygen xmlns:xsi="http://www.w3.org/2001/XMLSchema-instance" xsi:noNamespaceSchemaLocation="compound.xsd" version="1.8.18">
  <compounddef id="d0/d82/a00857" kind="class" language="C++" prot="public">
    <compoundname>Date</compoundname>
    <includes refid="dd/dad/a00005" local="yes">Date.h</includes>
      <sectiondef kind="private-attrib">
      <memberdef kind="variable" id="d0/d82/a00857_1a4c11afc03fc3ee49bab660def6558f2a" prot="private" static="no" mutable="no">
        <type>int</type>
        <definition>int day</definition>
        <argsstring></argsstring>
        <name>day</name>
        <briefdescription>
        </briefdescription>
        <detaileddescription>
        </detaileddescription>
        <inbodydescription>
        </inbodydescription>
        <location file="C:/Users/Viktor/source/repos/project_1_Hotel/project_1_Hotel/Date.h" line="8" column="5" bodyfile="C:/Users/Viktor/source/repos/project_1_Hotel/project_1_Hotel/Date.h" bodystart="8" bodyend="-1"/>
        <referencedby refid="d0/d82/a00857_1aff49fc2cda4491ff4457ca481bb8edf9" compoundref="d7/d46/a00002" startline="5" endline="10">Date</referencedby>
        <referencedby refid="d0/d82/a00857_1aec716c1565ef011d22b15d276337cc7c" compoundref="d7/d46/a00002" startline="212" endline="215">get_day</referencedby>
        <referencedby refid="d0/d82/a00857_1aacbb6e807b1d954cb30fab58d0c2310d" compoundref="d7/d46/a00002" startline="51" endline="83">operator&lt;</referencedby>
        <referencedby refid="d0/d82/a00857_1a6a71ae41efc53b2cc1753bb20d9f3536" compoundref="d7/d46/a00002" startline="116" endline="162">operator&lt;=</referencedby>
        <referencedby refid="d0/d82/a00857_1af83d539a2212459b1fda537bbe94b0c2" compoundref="d7/d46/a00002" startline="17" endline="26">operator=</referencedby>
        <referencedby refid="d0/d82/a00857_1a8bc87c1fa5486bfa6829c3b0a4dbd30d" compoundref="d7/d46/a00002" startline="27" endline="46">operator==</referencedby>
        <referencedby refid="d0/d82/a00857_1ae9fed8a038cf8540490f39121ee71058" compoundref="d7/d46/a00002" startline="84" endline="115">operator&gt;</referencedby>
        <referencedby refid="d0/d82/a00857_1ab03f9972f95f3322dcf9f1585193cf35" compoundref="d7/d46/a00002" startline="163" endline="209">operator&gt;=</referencedby>
        <referencedby refid="d0/d82/a00857_1a955ed7d3195e6ecea609d96b0c264116" compoundref="d7/d46/a00002" startline="225" endline="261">set_day</referencedby>
      </memberdef>
      <memberdef kind="variable" id="d0/d82/a00857_1aedb06abe5aff12fa3e7e0e71a374edfb" prot="private" static="no" mutable="no">
        <type>int</type>
        <definition>int month</definition>
        <argsstring></argsstring>
        <name>month</name>
        <briefdescription>
        </briefdescription>
        <detaileddescription>
        </detaileddescription>
        <inbodydescription>
        </inbodydescription>
        <location file="C:/Users/Viktor/source/repos/project_1_Hotel/project_1_Hotel/Date.h" line="9" column="5" bodyfile="C:/Users/Viktor/source/repos/project_1_Hotel/project_1_Hotel/Date.h" bodystart="9" bodyend="-1"/>
        <referencedby refid="d0/d82/a00857_1aff49fc2cda4491ff4457ca481bb8edf9" compoundref="d7/d46/a00002" startline="5" endline="10">Date</referencedby>
        <referencedby refid="d0/d82/a00857_1a38348c8ae13daf6b8159d6c8bfa8af53" compoundref="d7/d46/a00002" startline="216" endline="219">get_month</referencedby>
        <referencedby refid="d0/d82/a00857_1aacbb6e807b1d954cb30fab58d0c2310d" compoundref="d7/d46/a00002" startline="51" endline="83">operator&lt;</referencedby>
        <referencedby refid="d0/d82/a00857_1a6a71ae41efc53b2cc1753bb20d9f3536" compoundref="d7/d46/a00002" startline="116" endline="162">operator&lt;=</referencedby>
        <referencedby refid="d0/d82/a00857_1af83d539a2212459b1fda537bbe94b0c2" compoundref="d7/d46/a00002" startline="17" endline="26">operator=</referencedby>
        <referencedby refid="d0/d82/a00857_1a8bc87c1fa5486bfa6829c3b0a4dbd30d" compoundref="d7/d46/a00002" startline="27" endline="46">operator==</referencedby>
        <referencedby refid="d0/d82/a00857_1ae9fed8a038cf8540490f39121ee71058" compoundref="d7/d46/a00002" startline="84" endline="115">operator&gt;</referencedby>
        <referencedby refid="d0/d82/a00857_1ab03f9972f95f3322dcf9f1585193cf35" compoundref="d7/d46/a00002" startline="163" endline="209">operator&gt;=</referencedby>
        <referencedby refid="d0/d82/a00857_1a955ed7d3195e6ecea609d96b0c264116" compoundref="d7/d46/a00002" startline="225" endline="261">set_day</referencedby>
        <referencedby refid="d0/d82/a00857_1abffcf5279bc1587da8d05f1bf10b3c3b" compoundref="d7/d46/a00002" startline="262" endline="268">set_month</referencedby>
      </memberdef>
      <memberdef kind="variable" id="d0/d82/a00857_1abeac221e38b7b9ce7df8722c842bf671" prot="private" static="no" mutable="no">
        <type>int</type>
        <definition>int year</definition>
        <argsstring></argsstring>
        <name>year</name>
        <briefdescription>
        </briefdescription>
        <detaileddescription>
        </detaileddescription>
        <inbodydescription>
        </inbodydescription>
        <location file="C:/Users/Viktor/source/repos/project_1_Hotel/project_1_Hotel/Date.h" line="10" column="5" bodyfile="C:/Users/Viktor/source/repos/project_1_Hotel/project_1_Hotel/Date.h" bodystart="10" bodyend="-1"/>
        <referencedby refid="d0/d82/a00857_1aff49fc2cda4491ff4457ca481bb8edf9" compoundref="d7/d46/a00002" startline="5" endline="10">Date</referencedby>
        <referencedby refid="d0/d82/a00857_1a455ecd1b695f6f576784f017eb4ebea5" compoundref="d7/d46/a00002" startline="220" endline="223">get_year</referencedby>
        <referencedby refid="d0/d82/a00857_1aacbb6e807b1d954cb30fab58d0c2310d" compoundref="d7/d46/a00002" startline="51" endline="83">operator&lt;</referencedby>
        <referencedby refid="d0/d82/a00857_1a6a71ae41efc53b2cc1753bb20d9f3536" compoundref="d7/d46/a00002" startline="116" endline="162">operator&lt;=</referencedby>
        <referencedby refid="d0/d82/a00857_1af83d539a2212459b1fda537bbe94b0c2" compoundref="d7/d46/a00002" startline="17" endline="26">operator=</referencedby>
        <referencedby refid="d0/d82/a00857_1a8bc87c1fa5486bfa6829c3b0a4dbd30d" compoundref="d7/d46/a00002" startline="27" endline="46">operator==</referencedby>
        <referencedby refid="d0/d82/a00857_1ae9fed8a038cf8540490f39121ee71058" compoundref="d7/d46/a00002" startline="84" endline="115">operator&gt;</referencedby>
        <referencedby refid="d0/d82/a00857_1ab03f9972f95f3322dcf9f1585193cf35" compoundref="d7/d46/a00002" startline="163" endline="209">operator&gt;=</referencedby>
        <referencedby refid="d0/d82/a00857_1a955ed7d3195e6ecea609d96b0c264116" compoundref="d7/d46/a00002" startline="225" endline="261">set_day</referencedby>
        <referencedby refid="d0/d82/a00857_1a15951aa356a9773bf65d6f665af4c2af" compoundref="d7/d46/a00002" startline="269" endline="272">set_year</referencedby>
      </memberdef>
      </sectiondef>
      <sectiondef kind="public-func">
      <memberdef kind="function" id="d0/d82/a00857_1aff49fc2cda4491ff4457ca481bb8edf9" prot="public" static="no" const="no" explicit="no" inline="no" virt="non-virtual">
        <type></type>
        <definition>Date</definition>
        <argsstring>()</argsstring>
        <name>Date</name>
        <briefdescription>
        </briefdescription>
        <detaileddescription>
        </detaileddescription>
        <inbodydescription>
        </inbodydescription>
        <location file="C:/Users/Viktor/source/repos/project_1_Hotel/project_1_Hotel/Date.h" line="12" column="1" bodyfile="C:/Users/Viktor/source/repos/project_1_Hotel/project_1_Hotel/Date.cpp" bodystart="5" bodyend="10"/>
        <references refid="d0/d82/a00857_1a4c11afc03fc3ee49bab660def6558f2a" compoundref="dd/dad/a00005" startline="8">day</references>
        <references refid="d0/d82/a00857_1aedb06abe5aff12fa3e7e0e71a374edfb" compoundref="dd/dad/a00005" startline="9">month</references>
        <references refid="d0/d82/a00857_1abeac221e38b7b9ce7df8722c842bf671" compoundref="dd/dad/a00005" startline="10">year</references>
      </memberdef>
      <memberdef kind="function" id="d0/d82/a00857_1ace7335139499d01ab035c577e2270943" prot="public" static="no" const="no" explicit="no" inline="no" virt="non-virtual">
        <type></type>
        <definition>Date</definition>
        <argsstring>(int day, int month, int year)</argsstring>
        <name>Date</name>
        <param>
          <type>int</type>
          <declname>day</declname>
        </param>
        <param>
          <type>int</type>
          <declname>month</declname>
        </param>
        <param>
          <type>int</type>
          <declname>year</declname>
        </param>
        <briefdescription>
        </briefdescription>
        <detaileddescription>
        </detaileddescription>
        <inbodydescription>
        </inbodydescription>
        <location file="C:/Users/Viktor/source/repos/project_1_Hotel/project_1_Hotel/Date.h" line="13" column="1" bodyfile="C:/Users/Viktor/source/repos/project_1_Hotel/project_1_Hotel/Date.cpp" bodystart="11" bodyend="16"/>
        <references refid="d0/d82/a00857_1a955ed7d3195e6ecea609d96b0c264116" compoundref="d7/d46/a00002" startline="225" endline="261">set_day</references>
        <references refid="d0/d82/a00857_1abffcf5279bc1587da8d05f1bf10b3c3b" compoundref="d7/d46/a00002" startline="262" endline="268">set_month</references>
        <references refid="d0/d82/a00857_1a15951aa356a9773bf65d6f665af4c2af" compoundref="d7/d46/a00002" startline="269" endline="272">set_year</references>
        <referencedby refid="db/db2/a00020_1a6ec02e3e4da946664d0d01369c82b150" compoundref="db/db2/a00020" startline="10" endline="427">main</referencedby>
      </memberdef>
      <memberdef kind="function" id="d0/d82/a00857_1aec716c1565ef011d22b15d276337cc7c" prot="public" static="no" const="yes" explicit="no" inline="no" virt="non-virtual">
        <type>int</type>
        <definition>int get_day</definition>
        <argsstring>() const </argsstring>
        <name>get_day</name>
        <briefdescription>
        </briefdescription>
        <detaileddescription>
        </detaileddescription>
        <inbodydescription>
        </inbodydescription>
        <location file="C:/Users/Viktor/source/repos/project_1_Hotel/project_1_Hotel/Date.h" line="23" column="5" bodyfile="C:/Users/Viktor/source/repos/project_1_Hotel/project_1_Hotel/Date.cpp" bodystart="212" bodyend="215"/>
        <references refid="d0/d82/a00857_1a4c11afc03fc3ee49bab660def6558f2a" compoundref="dd/dad/a00005" startline="8">day</references>
        <referencedby refid="dd/dd5/a00861_1a84a3046ac54fc4db044fc1d23b496813" compoundref="d2/de7/a00014" startline="67" endline="87">Hotel::daysBetweenTwoDates</referencedby>
      </memberdef>
      <memberdef kind="function" id="d0/d82/a00857_1a38348c8ae13daf6b8159d6c8bfa8af53" prot="public" static="no" const="yes" explicit="no" inline="no" virt="non-virtual">
        <type>int</type>
        <definition>int get_month</definition>
        <argsstring>() const </argsstring>
        <name>get_month</name>
        <briefdescription>
        </briefdescription>
        <detaileddescription>
        </detaileddescription>
        <inbodydescription>
        </inbodydescription>
        <location file="C:/Users/Viktor/source/repos/project_1_Hotel/project_1_Hotel/Date.h" line="24" column="5" bodyfile="C:/Users/Viktor/source/repos/project_1_Hotel/project_1_Hotel/Date.cpp" bodystart="216" bodyend="219"/>
        <references refid="d0/d82/a00857_1aedb06abe5aff12fa3e7e0e71a374edfb" compoundref="dd/dad/a00005" startline="9">month</references>
        <referencedby refid="dd/dd5/a00861_1a9975597c519911e07014a35c85c49306" compoundref="d2/de7/a00014" startline="55" endline="65">Hotel::countLeapYears</referencedby>
        <referencedby refid="dd/dd5/a00861_1a84a3046ac54fc4db044fc1d23b496813" compoundref="d2/de7/a00014" startline="67" endline="87">Hotel::daysBetweenTwoDates</referencedby>
      </memberdef>
      <memberdef kind="function" id="d0/d82/a00857_1a455ecd1b695f6f576784f017eb4ebea5" prot="public" static="no" const="yes" explicit="no" inline="no" virt="non-virtual">
        <type>int</type>
        <definition>int get_year</definition>
        <argsstring>() const </argsstring>
        <name>get_year</name>
        <briefdescription>
        </briefdescription>
        <detaileddescription>
        </detaileddescription>
        <inbodydescription>
        </inbodydescription>
        <location file="C:/Users/Viktor/source/repos/project_1_Hotel/project_1_Hotel/Date.h" line="25" column="5" bodyfile="C:/Users/Viktor/source/repos/project_1_Hotel/project_1_Hotel/Date.cpp" bodystart="220" bodyend="223"/>
        <references refid="d0/d82/a00857_1abeac221e38b7b9ce7df8722c842bf671" compoundref="dd/dad/a00005" startline="10">year</references>
        <referencedby refid="dd/dd5/a00861_1a9975597c519911e07014a35c85c49306" compoundref="d2/de7/a00014" startline="55" endline="65">Hotel::countLeapYears</referencedby>
        <referencedby refid="dd/dd5/a00861_1a84a3046ac54fc4db044fc1d23b496813" compoundref="d2/de7/a00014" startline="67" endline="87">Hotel::daysBetweenTwoDates</referencedby>
      </memberdef>
      <memberdef kind="function" id="d0/d82/a00857_1a50b8814b3bf4fed1bc4cfdb645fd8af4" prot="public" static="no" const="no" explicit="no" inline="no" virt="non-virtual">
        <type>bool</type>
        <definition>bool operator!=</definition>
        <argsstring>(const Date&amp; other)</argsstring>
        <name>operator!=</name>
        <param>
          <type>const <ref refid="d0/d82/a00857" kindref="compound">Date</ref>&amp;</type>
          <declname>other</declname>
        </param>
        <briefdescription>
        </briefdescription>
        <detaileddescription>
        </detaileddescription>
        <inbodydescription>
        </inbodydescription>
        <location file="C:/Users/Viktor/source/repos/project_1_Hotel/project_1_Hotel/Date.h" line="17" column="6" bodyfile="C:/Users/Viktor/source/repos/project_1_Hotel/project_1_Hotel/Date.cpp" bodystart="47" bodyend="50"/>
        <references refid="d0/d82/a00857_1a8bc87c1fa5486bfa6829c3b0a4dbd30d" compoundref="d7/d46/a00002" startline="27" endline="46">operator==</references>
      </memberdef>
      <memberdef kind="function" id="d0/d82/a00857_1aacbb6e807b1d954cb30fab58d0c2310d" prot="public" static="no" const="no" explicit="no" inline="no" virt="non-virtual">
        <type>bool</type>
        <definition>bool operator&lt;</definition>
        <argsstring>(const Date&amp; other)</argsstring>
        <name>operator&lt;</name>
        <param>
          <type>const <ref refid="d0/d82/a00857" kindref="compound">Date</ref>&amp;</type>
          <declname>other</declname>
        </param>
        <briefdescription>
        </briefdescription>
        <detaileddescription>
        </detaileddescription>
        <inbodydescription>
        </inbodydescription>
        <location file="C:/Users/Viktor/source/repos/project_1_Hotel/project_1_Hotel/Date.h" line="18" column="1" bodyfile="C:/Users/Viktor/source/repos/project_1_Hotel/project_1_Hotel/Date.cpp" bodystart="51" bodyend="83"/>
        <references refid="d0/d82/a00857_1a4c11afc03fc3ee49bab660def6558f2a" compoundref="dd/dad/a00005" startline="8">day</references>
        <references refid="d0/d82/a00857_1aedb06abe5aff12fa3e7e0e71a374edfb" compoundref="dd/dad/a00005" startline="9">month</references>
        <references refid="d0/d82/a00857_1abeac221e38b7b9ce7df8722c842bf671" compoundref="dd/dad/a00005" startline="10">year</references>
        <referencedby refid="dd/dd5/a00861_1a16f6bbc3369852ca579193434a8262e8" compoundref="d2/de7/a00014" startline="34" endline="53">Hotel::isFree</referencedby>
      </memberdef>
      <memberdef kind="function" id="d0/d82/a00857_1a6a71ae41efc53b2cc1753bb20d9f3536" prot="public" static="no" const="no" explicit="no" inline="no" virt="non-virtual">
        <type>bool</type>
        <definition>bool operator&lt;=</definition>
        <argsstring>(const Date&amp; other)</argsstring>
        <name>operator&lt;=</name>
        <param>
          <type>const <ref refid="d0/d82/a00857" kindref="compound">Date</ref>&amp;</type>
          <declname>other</declname>
        </param>
        <briefdescription>
        </briefdescription>
        <detaileddescription>
        </detaileddescription>
        <inbodydescription>
        </inbodydescription>
        <location file="C:/Users/Viktor/source/repos/project_1_Hotel/project_1_Hotel/Date.h" line="20" column="1" bodyfile="C:/Users/Viktor/source/repos/project_1_Hotel/project_1_Hotel/Date.cpp" bodystart="116" bodyend="162"/>
        <references refid="d0/d82/a00857_1a4c11afc03fc3ee49bab660def6558f2a" compoundref="dd/dad/a00005" startline="8">day</references>
        <references refid="d0/d82/a00857_1aedb06abe5aff12fa3e7e0e71a374edfb" compoundref="dd/dad/a00005" startline="9">month</references>
        <references refid="d0/d82/a00857_1abeac221e38b7b9ce7df8722c842bf671" compoundref="dd/dad/a00005" startline="10">year</references>
        <referencedby refid="dd/dd5/a00861_1a16f6bbc3369852ca579193434a8262e8" compoundref="d2/de7/a00014" startline="34" endline="53">Hotel::isFree</referencedby>
      </memberdef>
      <memberdef kind="function" id="d0/d82/a00857_1af83d539a2212459b1fda537bbe94b0c2" prot="public" static="no" const="no" explicit="no" inline="no" virt="non-virtual">
        <type><ref refid="d0/d82/a00857" kindref="compound">Date</ref>&amp;</type>
        <definition>Date&amp; operator=</definition>
        <argsstring>(const Date&amp; other)</argsstring>
        <name>operator=</name>
        <param>
          <type>const <ref refid="d0/d82/a00857" kindref="compound">Date</ref>&amp;</type>
          <declname>other</declname>
        </param>
        <briefdescription>
        </briefdescription>
        <detaileddescription>
        </detaileddescription>
        <inbodydescription>
        </inbodydescription>
        <location file="C:/Users/Viktor/source/repos/project_1_Hotel/project_1_Hotel/Date.h" line="15" column="6" bodyfile="C:/Users/Viktor/source/repos/project_1_Hotel/project_1_Hotel/Date.cpp" bodystart="17" bodyend="26"/>
        <references refid="d0/d82/a00857_1a4c11afc03fc3ee49bab660def6558f2a" compoundref="dd/dad/a00005" startline="8">day</references>
        <references refid="d0/d82/a00857_1aedb06abe5aff12fa3e7e0e71a374edfb" compoundref="dd/dad/a00005" startline="9">month</references>
        <references refid="d0/d82/a00857_1abeac221e38b7b9ce7df8722c842bf671" compoundref="dd/dad/a00005" startline="10">year</references>
        <referencedby refid="dd/d7b/a00865_1a00fa7f1e5be5de7ba13ff6f65e8eec72" compoundref="d3/d52/a00023" startline="13" endline="21">Room::Room</referencedby>
        <referencedby refid="dd/d7b/a00865_1af4f1dccf65425107762521af6460b057" compoundref="d3/d52/a00023" startline="60" endline="63">Room::set_endDate</referencedby>
        <referencedby refid="dd/d7b/a00865_1ae5c290f91cc89e7c25fb5f22f7a3f310" compoundref="d3/d52/a00023" startline="56" endline="59">Room::set_startDate</referencedby>
      </memberdef>
      <memberdef kind="function" id="d0/d82/a00857_1a8bc87c1fa5486bfa6829c3b0a4dbd30d" prot="public" static="no" const="no" explicit="no" inline="no" virt="non-virtual">
        <type>bool</type>
        <definition>bool operator==</definition>
        <argsstring>(const Date&amp; other)</argsstring>
        <name>operator==</name>
        <param>
          <type>const <ref refid="d0/d82/a00857" kindref="compound">Date</ref>&amp;</type>
          <declname>other</declname>
        </param>
        <briefdescription>
        </briefdescription>
        <detaileddescription>
        </detaileddescription>
        <inbodydescription>
        </inbodydescription>
        <location file="C:/Users/Viktor/source/repos/project_1_Hotel/project_1_Hotel/Date.h" line="16" column="6" bodyfile="C:/Users/Viktor/source/repos/project_1_Hotel/project_1_Hotel/Date.cpp" bodystart="27" bodyend="46"/>
        <references refid="d0/d82/a00857_1a4c11afc03fc3ee49bab660def6558f2a" compoundref="dd/dad/a00005" startline="8">day</references>
        <references refid="d0/d82/a00857_1aedb06abe5aff12fa3e7e0e71a374edfb" compoundref="dd/dad/a00005" startline="9">month</references>
        <references refid="d0/d82/a00857_1abeac221e38b7b9ce7df8722c842bf671" compoundref="dd/dad/a00005" startline="10">year</references>
        <referencedby refid="d0/d82/a00857_1a50b8814b3bf4fed1bc4cfdb645fd8af4" compoundref="d7/d46/a00002" startline="47" endline="50">operator!=</referencedby>
      </memberdef>
      <memberdef kind="function" id="d0/d82/a00857_1ae9fed8a038cf8540490f39121ee71058" prot="public" static="no" const="no" explicit="no" inline="no" virt="non-virtual">
        <type>bool</type>
        <definition>bool operator&gt;</definition>
        <argsstring>(const Date&amp; other)</argsstring>
        <name>operator&gt;</name>
        <param>
          <type>const <ref refid="d0/d82/a00857" kindref="compound">Date</ref>&amp;</type>
          <declname>other</declname>
        </param>
        <briefdescription>
        </briefdescription>
        <detaileddescription>
        </detaileddescription>
        <inbodydescription>
        </inbodydescription>
        <location file="C:/Users/Viktor/source/repos/project_1_Hotel/project_1_Hotel/Date.h" line="19" column="6" bodyfile="C:/Users/Viktor/source/repos/project_1_Hotel/project_1_Hotel/Date.cpp" bodystart="84" bodyend="115"/>
        <references refid="d0/d82/a00857_1a4c11afc03fc3ee49bab660def6558f2a" compoundref="dd/dad/a00005" startline="8">day</references>
        <references refid="d0/d82/a00857_1aedb06abe5aff12fa3e7e0e71a374edfb" compoundref="dd/dad/a00005" startline="9">month</references>
        <references refid="d0/d82/a00857_1abeac221e38b7b9ce7df8722c842bf671" compoundref="dd/dad/a00005" startline="10">year</references>
        <referencedby refid="dd/dd5/a00861_1a16f6bbc3369852ca579193434a8262e8" compoundref="d2/de7/a00014" startline="34" endline="53">Hotel::isFree</referencedby>
      </memberdef>
      <memberdef kind="function" id="d0/d82/a00857_1ab03f9972f95f3322dcf9f1585193cf35" prot="public" static="no" const="no" explicit="no" inline="no" virt="non-virtual">
        <type>bool</type>
        <definition>bool operator&gt;=</definition>
        <argsstring>(const Date&amp; other)</argsstring>
        <name>operator&gt;=</name>
        <param>
          <type>const <ref refid="d0/d82/a00857" kindref="compound">Date</ref>&amp;</type>
          <declname>other</declname>
        </param>
        <briefdescription>
        </briefdescription>
        <detaileddescription>
        </detaileddescription>
        <inbodydescription>
        </inbodydescription>
        <location file="C:/Users/Viktor/source/repos/project_1_Hotel/project_1_Hotel/Date.h" line="21" column="6" bodyfile="C:/Users/Viktor/source/repos/project_1_Hotel/project_1_Hotel/Date.cpp" bodystart="163" bodyend="209"/>
        <references refid="d0/d82/a00857_1a4c11afc03fc3ee49bab660def6558f2a" compoundref="dd/dad/a00005" startline="8">day</references>
        <references refid="d0/d82/a00857_1aedb06abe5aff12fa3e7e0e71a374edfb" compoundref="dd/dad/a00005" startline="9">month</references>
        <references refid="d0/d82/a00857_1abeac221e38b7b9ce7df8722c842bf671" compoundref="dd/dad/a00005" startline="10">year</references>
        <referencedby refid="dd/dd5/a00861_1a16f6bbc3369852ca579193434a8262e8" compoundref="d2/de7/a00014" startline="34" endline="53">Hotel::isFree</referencedby>
      </memberdef>
      <memberdef kind="function" id="d0/d82/a00857_1a955ed7d3195e6ecea609d96b0c264116" prot="public" static="no" const="no" explicit="no" inline="no" virt="non-virtual">
        <type>void</type>
        <definition>void set_day</definition>
        <argsstring>(int day)</argsstring>
        <name>set_day</name>
        <param>
          <type>int</type>
          <declname>day</declname>
        </param>
        <briefdescription>
        </briefdescription>
        <detaileddescription>
        </detaileddescription>
        <inbodydescription>
        </inbodydescription>
        <location file="C:/Users/Viktor/source/repos/project_1_Hotel/project_1_Hotel/Date.h" line="26" column="6" bodyfile="C:/Users/Viktor/source/repos/project_1_Hotel/project_1_Hotel/Date.cpp" bodystart="225" bodyend="261"/>
        <references refid="d0/d82/a00857_1a4c11afc03fc3ee49bab660def6558f2a" compoundref="dd/dad/a00005" startline="8">day</references>
        <references refid="d0/d82/a00857_1aedb06abe5aff12fa3e7e0e71a374edfb" compoundref="dd/dad/a00005" startline="9">month</references>
        <references refid="d0/d82/a00857_1abeac221e38b7b9ce7df8722c842bf671" compoundref="dd/dad/a00005" startline="10">year</references>
        <referencedby refid="d0/d82/a00857_1ace7335139499d01ab035c577e2270943" compoundref="d7/d46/a00002" startline="11" endline="16">Date</referencedby>
      </memberdef>
      <memberdef kind="function" id="d0/d82/a00857_1abffcf5279bc1587da8d05f1bf10b3c3b" prot="public" static="no" const="no" explicit="no" inline="no" virt="non-virtual">
        <type>void</type>
        <definition>void set_month</definition>
        <argsstring>(int month)</argsstring>
        <name>set_month</name>
        <param>
          <type>int</type>
          <declname>month</declname>
        </param>
        <briefdescription>
        </briefdescription>
        <detaileddescription>
        </detaileddescription>
        <inbodydescription>
        </inbodydescription>
        <location file="C:/Users/Viktor/source/repos/project_1_Hotel/project_1_Hotel/Date.h" line="27" column="6" bodyfile="C:/Users/Viktor/source/repos/project_1_Hotel/project_1_Hotel/Date.cpp" bodystart="262" bodyend="268"/>
        <references refid="d0/d82/a00857_1aedb06abe5aff12fa3e7e0e71a374edfb" compoundref="dd/dad/a00005" startline="9">month</references>
        <referencedby refid="d0/d82/a00857_1ace7335139499d01ab035c577e2270943" compoundref="d7/d46/a00002" startline="11" endline="16">Date</referencedby>
      </memberdef>
      <memberdef kind="function" id="d0/d82/a00857_1a15951aa356a9773bf65d6f665af4c2af" prot="public" static="no" const="no" explicit="no" inline="no" virt="non-virtual">
        <type>void</type>
        <definition>void set_year</definition>
        <argsstring>(int year)</argsstring>
        <name>set_year</name>
        <param>
          <type>int</type>
          <declname>year</declname>
        </param>
        <briefdescription>
        </briefdescription>
        <detaileddescription>
        </detaileddescription>
        <inbodydescription>
        </inbodydescription>
        <location file="C:/Users/Viktor/source/repos/project_1_Hotel/project_1_Hotel/Date.h" line="28" column="6" bodyfile="C:/Users/Viktor/source/repos/project_1_Hotel/project_1_Hotel/Date.cpp" bodystart="269" bodyend="272"/>
        <references refid="d0/d82/a00857_1abeac221e38b7b9ce7df8722c842bf671" compoundref="dd/dad/a00005" startline="10">year</references>
        <referencedby refid="d0/d82/a00857_1ace7335139499d01ab035c577e2270943" compoundref="d7/d46/a00002" startline="11" endline="16">Date</referencedby>
      </memberdef>
      </sectiondef>
    <briefdescription>
<para>Class that defines <ref refid="d0/d82/a00857" kindref="compound">Date</ref>. </para>
    </briefdescription>
    <detaileddescription>
    </detaileddescription>
    <location file="C:/Users/Viktor/source/repos/project_1_Hotel/project_1_Hotel/Date.h" line="5" column="1" bodyfile="C:/Users/Viktor/source/repos/project_1_Hotel/project_1_Hotel/Date.h" bodystart="6" bodyend="29"/>
    <listofallmembers>
      <member refid="d0/d82/a00857_1aff49fc2cda4491ff4457ca481bb8edf9" prot="public" virt="non-virtual"><scope>Date</scope><name>Date</name></member>
      <member refid="d0/d82/a00857_1ace7335139499d01ab035c577e2270943" prot="public" virt="non-virtual"><scope>Date</scope><name>Date</name></member>
      <member refid="d0/d82/a00857_1a4c11afc03fc3ee49bab660def6558f2a" prot="private" virt="non-virtual"><scope>Date</scope><name>day</name></member>
      <member refid="d0/d82/a00857_1aec716c1565ef011d22b15d276337cc7c" prot="public" virt="non-virtual"><scope>Date</scope><name>get_day</name></member>
      <member refid="d0/d82/a00857_1a38348c8ae13daf6b8159d6c8bfa8af53" prot="public" virt="non-virtual"><scope>Date</scope><name>get_month</name></member>
      <member refid="d0/d82/a00857_1a455ecd1b695f6f576784f017eb4ebea5" prot="public" virt="non-virtual"><scope>Date</scope><name>get_year</name></member>
      <member refid="d0/d82/a00857_1aedb06abe5aff12fa3e7e0e71a374edfb" prot="private" virt="non-virtual"><scope>Date</scope><name>month</name></member>
      <member refid="d0/d82/a00857_1a50b8814b3bf4fed1bc4cfdb645fd8af4" prot="public" virt="non-virtual"><scope>Date</scope><name>operator!=</name></member>
      <member refid="d0/d82/a00857_1aacbb6e807b1d954cb30fab58d0c2310d" prot="public" virt="non-virtual"><scope>Date</scope><name>operator&lt;</name></member>
      <member refid="d0/d82/a00857_1a6a71ae41efc53b2cc1753bb20d9f3536" prot="public" virt="non-virtual"><scope>Date</scope><name>operator&lt;=</name></member>
      <member refid="d0/d82/a00857_1af83d539a2212459b1fda537bbe94b0c2" prot="public" virt="non-virtual"><scope>Date</scope><name>operator=</name></member>
      <member refid="d0/d82/a00857_1a8bc87c1fa5486bfa6829c3b0a4dbd30d" prot="public" virt="non-virtual"><scope>Date</scope><name>operator==</name></member>
      <member refid="d0/d82/a00857_1ae9fed8a038cf8540490f39121ee71058" prot="public" virt="non-virtual"><scope>Date</scope><name>operator&gt;</name></member>
      <member refid="d0/d82/a00857_1ab03f9972f95f3322dcf9f1585193cf35" prot="public" virt="non-virtual"><scope>Date</scope><name>operator&gt;=</name></member>
      <member refid="d0/d82/a00857_1a955ed7d3195e6ecea609d96b0c264116" prot="public" virt="non-virtual"><scope>Date</scope><name>set_day</name></member>
      <member refid="d0/d82/a00857_1abffcf5279bc1587da8d05f1bf10b3c3b" prot="public" virt="non-virtual"><scope>Date</scope><name>set_month</name></member>
      <member refid="d0/d82/a00857_1a15951aa356a9773bf65d6f665af4c2af" prot="public" virt="non-virtual"><scope>Date</scope><name>set_year</name></member>
      <member refid="d0/d82/a00857_1abeac221e38b7b9ce7df8722c842bf671" prot="private" virt="non-virtual"><scope>Date</scope><name>year</name></member>
    </listofallmembers>
  </compounddef>
</doxygen>
