<?xml version='1.0' encoding='UTF-8' standalone='no'?>
<doxygen xmlns:xsi="http://www.w3.org/2001/XMLSchema-instance" xsi:noNamespaceSchemaLocation="compound.xsd" version="1.8.18">
  <compounddef id="d2/de7/a00014" kind="file" language="C++">
    <compoundname>Hotel.h</compoundname>
    <innerclass refid="dd/dd5/a00861" prot="public">Hotel</innerclass>
    <briefdescription>
    </briefdescription>
    <detaileddescription>
    </detaileddescription>
    <programlisting>
<codeline lineno="1"><highlight class="preprocessor">#pragma<sp/>once</highlight><highlight class="normal"></highlight></codeline>
<codeline lineno="2"><highlight class="normal"></highlight><highlight class="preprocessor">#include<sp/>&quot;<ref refid="d6/d5b/a00026" kindref="compound">Room.h</ref>&quot;</highlight><highlight class="normal"></highlight></codeline>
<codeline lineno="3"><highlight class="normal"></highlight><highlight class="preprocessor">#include&lt;iostream&gt;</highlight><highlight class="normal"></highlight></codeline>
<codeline lineno="4"><highlight class="normal"></highlight><highlight class="preprocessor">#include&lt;vector&gt;</highlight><highlight class="normal"></highlight></codeline>
<codeline lineno="5"><highlight class="normal"></highlight></codeline>
<codeline lineno="9" refid="dd/dd5/a00861" refkind="compound"><highlight class="keyword">class<sp/></highlight><highlight class="normal"><ref refid="dd/dd5/a00861" kindref="compound">Hotel</ref></highlight></codeline>
<codeline lineno="10"><highlight class="normal">{</highlight></codeline>
<codeline lineno="11"><highlight class="normal"></highlight><highlight class="keyword">private</highlight><highlight class="normal">:</highlight></codeline>
<codeline lineno="12" refid="dd/dd5/a00861_1a9082f9b539870f5992c32d1484562a62" refkind="member"><highlight class="normal"><sp/><sp/><sp/><sp/><sp/><sp/>std::vector&lt;Room&gt;<sp/><ref refid="dd/dd5/a00861_1a9082f9b539870f5992c32d1484562a62" kindref="member">rooms</ref>;</highlight></codeline>
<codeline lineno="13"><highlight class="normal"></highlight></codeline>
<codeline lineno="15" refid="dd/dd5/a00861_1a170cf185f926dcea69eb90688cdffac3" refkind="member"><highlight class="normal"><sp/><sp/><sp/><sp/><sp/><sp/></highlight><highlight class="keywordtype">void</highlight><highlight class="normal"><sp/><ref refid="dd/dd5/a00861_1a170cf185f926dcea69eb90688cdffac3" kindref="member">sortRoomsByBedCount</ref>(std::vector&lt;Room&gt;<sp/><ref refid="dd/dd5/a00861_1a9082f9b539870f5992c32d1484562a62" kindref="member">rooms</ref>)</highlight></codeline>
<codeline lineno="16"><highlight class="normal"><sp/><sp/><sp/><sp/><sp/><sp/>{</highlight></codeline>
<codeline lineno="17"><highlight class="normal"><sp/><sp/><sp/><sp/><sp/><sp/><sp/><sp/><sp/><sp/><sp/><sp/></highlight><highlight class="keywordtype">size_t</highlight><highlight class="normal"><sp/>i,<sp/>j;</highlight></codeline>
<codeline lineno="18"><highlight class="normal"><sp/><sp/><sp/><sp/><sp/><sp/><sp/><sp/><sp/><sp/><sp/><sp/></highlight><highlight class="keywordflow">for</highlight><highlight class="normal"><sp/>(i<sp/>=<sp/>0;<sp/>i<sp/>&lt;<sp/>this-&gt;rooms.size()<sp/>-<sp/>1;<sp/>i++)</highlight></codeline>
<codeline lineno="19"><highlight class="normal"><sp/><sp/><sp/><sp/><sp/><sp/><sp/><sp/><sp/><sp/><sp/><sp/>{</highlight></codeline>
<codeline lineno="20"><highlight class="normal"><sp/><sp/><sp/><sp/><sp/><sp/><sp/><sp/><sp/><sp/><sp/><sp/><sp/><sp/><sp/><sp/><sp/><sp/></highlight><highlight class="keywordflow">for</highlight><highlight class="normal"><sp/>(j<sp/>=<sp/>0;<sp/>j<sp/>&lt;<sp/>this-&gt;rooms.size()<sp/>-<sp/>i<sp/>-<sp/>1;<sp/>j++)</highlight></codeline>
<codeline lineno="21"><highlight class="normal"><sp/><sp/><sp/><sp/><sp/><sp/><sp/><sp/><sp/><sp/><sp/><sp/><sp/><sp/><sp/><sp/><sp/><sp/>{</highlight></codeline>
<codeline lineno="22"><highlight class="normal"><sp/><sp/><sp/><sp/><sp/><sp/><sp/><sp/><sp/><sp/><sp/><sp/><sp/><sp/><sp/><sp/><sp/><sp/><sp/><sp/><sp/><sp/><sp/><sp/></highlight><highlight class="keywordflow">if</highlight><highlight class="normal"><sp/>(<ref refid="dd/dd5/a00861_1a9082f9b539870f5992c32d1484562a62" kindref="member">rooms</ref>[j].get_bedCount()<sp/>&gt;<sp/><ref refid="dd/dd5/a00861_1a9082f9b539870f5992c32d1484562a62" kindref="member">rooms</ref>[j<sp/>+<sp/>1].get_bedCount())</highlight></codeline>
<codeline lineno="23"><highlight class="normal"><sp/><sp/><sp/><sp/><sp/><sp/><sp/><sp/><sp/><sp/><sp/><sp/><sp/><sp/><sp/><sp/><sp/><sp/><sp/><sp/><sp/><sp/><sp/><sp/>{</highlight></codeline>
<codeline lineno="24"><highlight class="normal"><sp/><sp/><sp/><sp/><sp/><sp/><sp/><sp/><sp/><sp/><sp/><sp/><sp/><sp/><sp/><sp/><sp/><sp/><sp/><sp/><sp/><sp/><sp/><sp/><sp/><sp/><sp/><sp/><sp/><sp/><ref refid="dd/d7b/a00865" kindref="compound">Room</ref><sp/>temp<sp/>=<sp/><ref refid="dd/dd5/a00861_1a9082f9b539870f5992c32d1484562a62" kindref="member">rooms</ref>[j];</highlight></codeline>
<codeline lineno="25"><highlight class="normal"><sp/><sp/><sp/><sp/><sp/><sp/><sp/><sp/><sp/><sp/><sp/><sp/><sp/><sp/><sp/><sp/><sp/><sp/><sp/><sp/><sp/><sp/><sp/><sp/><sp/><sp/><sp/><sp/><sp/><sp/><ref refid="dd/dd5/a00861_1a9082f9b539870f5992c32d1484562a62" kindref="member">rooms</ref>[j]<sp/>=<sp/><ref refid="dd/dd5/a00861_1a9082f9b539870f5992c32d1484562a62" kindref="member">rooms</ref>[j<sp/>+<sp/>1];</highlight></codeline>
<codeline lineno="26"><highlight class="normal"><sp/><sp/><sp/><sp/><sp/><sp/><sp/><sp/><sp/><sp/><sp/><sp/><sp/><sp/><sp/><sp/><sp/><sp/><sp/><sp/><sp/><sp/><sp/><sp/><sp/><sp/><sp/><sp/><sp/><sp/><ref refid="dd/dd5/a00861_1a9082f9b539870f5992c32d1484562a62" kindref="member">rooms</ref>[j<sp/>+<sp/>1]<sp/>=<sp/>temp;</highlight></codeline>
<codeline lineno="27"><highlight class="normal"><sp/><sp/><sp/><sp/><sp/><sp/><sp/><sp/><sp/><sp/><sp/><sp/><sp/><sp/><sp/><sp/><sp/><sp/><sp/><sp/><sp/><sp/><sp/><sp/>}</highlight></codeline>
<codeline lineno="28"><highlight class="normal"><sp/><sp/><sp/><sp/><sp/><sp/><sp/><sp/><sp/><sp/><sp/><sp/><sp/><sp/><sp/><sp/><sp/><sp/>}<sp/><sp/><sp/><sp/><sp/><sp/><sp/><sp/><sp/><sp/><sp/><sp/><sp/><sp/><sp/><sp/><sp/></highlight></codeline>
<codeline lineno="29"><highlight class="normal"><sp/><sp/><sp/><sp/><sp/><sp/><sp/><sp/><sp/><sp/><sp/><sp/>}</highlight></codeline>
<codeline lineno="30"><highlight class="normal"></highlight></codeline>
<codeline lineno="31"><highlight class="normal"><sp/><sp/><sp/><sp/><sp/><sp/><sp/><sp/><sp/><sp/><sp/><sp/>this-&gt;rooms<sp/>=<sp/><ref refid="dd/dd5/a00861_1a9082f9b539870f5992c32d1484562a62" kindref="member">rooms</ref>;</highlight></codeline>
<codeline lineno="32"><highlight class="normal"><sp/><sp/><sp/><sp/><sp/><sp/>}</highlight></codeline>
<codeline lineno="34" refid="dd/dd5/a00861_1a16f6bbc3369852ca579193434a8262e8" refkind="member"><highlight class="normal"><sp/><sp/><sp/><sp/><sp/><sp/></highlight><highlight class="keywordtype">bool</highlight><highlight class="normal"><sp/><ref refid="dd/dd5/a00861_1a16f6bbc3369852ca579193434a8262e8" kindref="member">isFree</ref>(</highlight><highlight class="keywordtype">int</highlight><highlight class="normal"><sp/>index,<sp/></highlight><highlight class="keyword">const</highlight><highlight class="normal"><sp/><ref refid="d0/d82/a00857" kindref="compound">Date</ref><sp/>startingDate,<sp/></highlight><highlight class="keyword">const</highlight><highlight class="normal"><sp/><ref refid="d0/d82/a00857" kindref="compound">Date</ref><sp/>endDate)</highlight></codeline>
<codeline lineno="35"><highlight class="normal"><sp/><sp/><sp/><sp/><sp/><sp/>{</highlight></codeline>
<codeline lineno="36"><highlight class="normal"><sp/><sp/><sp/><sp/><sp/><sp/><sp/><sp/><sp/><sp/><sp/><sp/><ref refid="d0/d82/a00857" kindref="compound">Date</ref><sp/>roomStartingDate<sp/>=<sp/>this-&gt;rooms[index].get_startDate();</highlight></codeline>
<codeline lineno="37"><highlight class="normal"><sp/><sp/><sp/><sp/><sp/><sp/><sp/><sp/><sp/><sp/><sp/><sp/><ref refid="d0/d82/a00857" kindref="compound">Date</ref><sp/>roomEndDate<sp/>=<sp/>this-&gt;rooms[index].get_endDate();</highlight></codeline>
<codeline lineno="38"><highlight class="normal"></highlight></codeline>
<codeline lineno="39"><highlight class="normal"><sp/><sp/><sp/><sp/><sp/><sp/><sp/><sp/><sp/><sp/><sp/><sp/></highlight><highlight class="keywordflow">if</highlight><highlight class="normal"><sp/>(roomStartingDate<sp/>&lt;=<sp/>startingDate<sp/>&amp;&amp;<sp/>roomEndDate<sp/>&gt;=<sp/>endDate)</highlight></codeline>
<codeline lineno="40"><highlight class="normal"><sp/><sp/><sp/><sp/><sp/><sp/><sp/><sp/><sp/><sp/><sp/><sp/>{</highlight></codeline>
<codeline lineno="41"><highlight class="normal"><sp/><sp/><sp/><sp/><sp/><sp/><sp/><sp/><sp/><sp/><sp/><sp/><sp/><sp/><sp/><sp/><sp/><sp/></highlight><highlight class="keywordflow">return</highlight><highlight class="normal"><sp/></highlight><highlight class="keyword">false</highlight><highlight class="normal">;</highlight></codeline>
<codeline lineno="42"><highlight class="normal"><sp/><sp/><sp/><sp/><sp/><sp/><sp/><sp/><sp/><sp/><sp/><sp/>}</highlight></codeline>
<codeline lineno="43"><highlight class="normal"><sp/><sp/><sp/><sp/><sp/><sp/><sp/><sp/><sp/><sp/><sp/><sp/></highlight><highlight class="keywordflow">else</highlight><highlight class="normal"><sp/></highlight><highlight class="keywordflow">if</highlight><highlight class="normal"><sp/>(roomStartingDate<sp/>&lt;=<sp/>startingDate<sp/>&amp;&amp;<sp/>roomEndDate<sp/>&gt;=<sp/>startingDate<sp/>&amp;&amp;<sp/>roomEndDate<sp/>&lt;<sp/>endDate)</highlight></codeline>
<codeline lineno="44"><highlight class="normal"><sp/><sp/><sp/><sp/><sp/><sp/><sp/><sp/><sp/><sp/><sp/><sp/>{</highlight></codeline>
<codeline lineno="45"><highlight class="normal"><sp/><sp/><sp/><sp/><sp/><sp/><sp/><sp/><sp/><sp/><sp/><sp/><sp/><sp/><sp/><sp/><sp/><sp/></highlight><highlight class="keywordflow">return</highlight><highlight class="normal"><sp/></highlight><highlight class="keyword">false</highlight><highlight class="normal">;</highlight></codeline>
<codeline lineno="46"><highlight class="normal"><sp/><sp/><sp/><sp/><sp/><sp/><sp/><sp/><sp/><sp/><sp/><sp/>}</highlight></codeline>
<codeline lineno="47"><highlight class="normal"><sp/><sp/><sp/><sp/><sp/><sp/><sp/><sp/><sp/><sp/><sp/><sp/></highlight><highlight class="keywordflow">else</highlight><highlight class="normal"><sp/></highlight><highlight class="keywordflow">if</highlight><highlight class="normal"><sp/>(roomStartingDate<sp/>&gt;<sp/>startingDate<sp/>&amp;&amp;<sp/>roomStartingDate<sp/>&lt;=<sp/>endDate<sp/>&amp;&amp;<sp/>roomEndDate<sp/>&gt;=<sp/>endDate)</highlight></codeline>
<codeline lineno="48"><highlight class="normal"><sp/><sp/><sp/><sp/><sp/><sp/><sp/><sp/><sp/><sp/><sp/><sp/>{</highlight></codeline>
<codeline lineno="49"><highlight class="normal"><sp/><sp/><sp/><sp/><sp/><sp/><sp/><sp/><sp/><sp/><sp/><sp/><sp/><sp/><sp/><sp/><sp/><sp/></highlight><highlight class="keywordflow">return</highlight><highlight class="normal"><sp/></highlight><highlight class="keyword">false</highlight><highlight class="normal">;</highlight></codeline>
<codeline lineno="50"><highlight class="normal"><sp/><sp/><sp/><sp/><sp/><sp/><sp/><sp/><sp/><sp/><sp/><sp/>}</highlight></codeline>
<codeline lineno="51"><highlight class="normal"><sp/><sp/><sp/><sp/><sp/><sp/><sp/><sp/><sp/><sp/><sp/><sp/></highlight><highlight class="keywordflow">return</highlight><highlight class="normal"><sp/></highlight><highlight class="keyword">true</highlight><highlight class="normal">;</highlight></codeline>
<codeline lineno="52"><highlight class="normal"></highlight></codeline>
<codeline lineno="53"><highlight class="normal"><sp/><sp/><sp/><sp/><sp/><sp/>}</highlight></codeline>
<codeline lineno="55" refid="dd/dd5/a00861_1a9975597c519911e07014a35c85c49306" refkind="member"><highlight class="normal"><sp/><sp/><sp/><sp/><sp/><sp/></highlight><highlight class="keywordtype">int</highlight><highlight class="normal"><sp/><ref refid="dd/dd5/a00861_1a9975597c519911e07014a35c85c49306" kindref="member">countLeapYears</ref>(<ref refid="d0/d82/a00857" kindref="compound">Date</ref><sp/>d)</highlight></codeline>
<codeline lineno="56"><highlight class="normal"><sp/><sp/><sp/><sp/><sp/><sp/>{</highlight></codeline>
<codeline lineno="57"><highlight class="normal"><sp/><sp/><sp/><sp/><sp/><sp/><sp/><sp/><sp/><sp/><sp/><sp/></highlight><highlight class="keywordtype">int</highlight><highlight class="normal"><sp/>years<sp/>=<sp/>d.<ref refid="d0/d82/a00857_1a455ecd1b695f6f576784f017eb4ebea5" kindref="member">get_year</ref>();</highlight></codeline>
<codeline lineno="58"><highlight class="normal"></highlight></codeline>
<codeline lineno="59"><highlight class="normal"><sp/><sp/><sp/><sp/><sp/><sp/><sp/><sp/><sp/><sp/><sp/><sp/></highlight><highlight class="keywordflow">if</highlight><highlight class="normal"><sp/>(d.<ref refid="d0/d82/a00857_1a38348c8ae13daf6b8159d6c8bfa8af53" kindref="member">get_month</ref>()<sp/>&lt;=<sp/>2)</highlight></codeline>
<codeline lineno="60"><highlight class="normal"><sp/><sp/><sp/><sp/><sp/><sp/><sp/><sp/><sp/><sp/><sp/><sp/>{</highlight></codeline>
<codeline lineno="61"><highlight class="normal"><sp/><sp/><sp/><sp/><sp/><sp/><sp/><sp/><sp/><sp/><sp/><sp/><sp/><sp/><sp/><sp/><sp/><sp/>years--;</highlight></codeline>
<codeline lineno="62"><highlight class="normal"><sp/><sp/><sp/><sp/><sp/><sp/><sp/><sp/><sp/><sp/><sp/><sp/>}</highlight></codeline>
<codeline lineno="63"><highlight class="normal"></highlight></codeline>
<codeline lineno="64"><highlight class="normal"><sp/><sp/><sp/><sp/><sp/><sp/><sp/><sp/><sp/><sp/><sp/><sp/></highlight><highlight class="keywordflow">return</highlight><highlight class="normal"><sp/>years<sp/>/<sp/>4<sp/>-<sp/>years<sp/>/<sp/>100<sp/>+<sp/>years<sp/>/<sp/>400;</highlight></codeline>
<codeline lineno="65"><highlight class="normal"><sp/><sp/><sp/><sp/><sp/><sp/>}</highlight></codeline>
<codeline lineno="67" refid="dd/dd5/a00861_1a84a3046ac54fc4db044fc1d23b496813" refkind="member"><highlight class="normal"><sp/><sp/><sp/><sp/><sp/><sp/></highlight><highlight class="keywordtype">int</highlight><highlight class="normal"><sp/><ref refid="dd/dd5/a00861_1a84a3046ac54fc4db044fc1d23b496813" kindref="member">daysBetweenTwoDates</ref>(<ref refid="d0/d82/a00857" kindref="compound">Date</ref><sp/>firstDate,<sp/><ref refid="d0/d82/a00857" kindref="compound">Date</ref><sp/>secondDate)</highlight></codeline>
<codeline lineno="68"><highlight class="normal"><sp/><sp/><sp/><sp/><sp/><sp/>{</highlight></codeline>
<codeline lineno="69"><highlight class="normal"><sp/><sp/><sp/><sp/><sp/><sp/><sp/><sp/><sp/><sp/><sp/><sp/></highlight><highlight class="keyword">const</highlight><highlight class="normal"><sp/></highlight><highlight class="keywordtype">int</highlight><highlight class="normal"><sp/>monthDays[12]<sp/>=<sp/>{<sp/>31,<sp/>28,<sp/>31,<sp/>30,<sp/>31,<sp/>30,</highlight></codeline>
<codeline lineno="70"><highlight class="normal"><sp/><sp/><sp/><sp/><sp/><sp/><sp/><sp/><sp/><sp/><sp/><sp/><sp/><sp/><sp/><sp/><sp/><sp/><sp/><sp/><sp/><sp/><sp/><sp/><sp/><sp/><sp/><sp/><sp/><sp/><sp/><sp/><sp/><sp/><sp/><sp/><sp/><sp/><sp/><sp/><sp/><sp/><sp/><sp/><sp/><sp/><sp/><sp/><sp/><sp/><sp/><sp/><sp/><sp/>31,<sp/>31,<sp/>30,<sp/>31,<sp/>30,<sp/>31<sp/>};</highlight></codeline>
<codeline lineno="71"><highlight class="normal"></highlight></codeline>
<codeline lineno="72"><highlight class="normal"><sp/><sp/><sp/><sp/><sp/><sp/><sp/><sp/><sp/><sp/><sp/><sp/></highlight><highlight class="keywordtype">long</highlight><highlight class="normal"><sp/></highlight><highlight class="keywordtype">int</highlight><highlight class="normal"><sp/>n1<sp/>=<sp/>firstDate.<ref refid="d0/d82/a00857_1a455ecd1b695f6f576784f017eb4ebea5" kindref="member">get_year</ref>()<sp/>*<sp/>365<sp/>+<sp/>firstDate.<ref refid="d0/d82/a00857_1aec716c1565ef011d22b15d276337cc7c" kindref="member">get_day</ref>();</highlight></codeline>
<codeline lineno="73"><highlight class="normal"><sp/><sp/><sp/><sp/><sp/><sp/><sp/><sp/><sp/><sp/><sp/><sp/></highlight><highlight class="keywordflow">for</highlight><highlight class="normal"><sp/>(</highlight><highlight class="keywordtype">int</highlight><highlight class="normal"><sp/>i<sp/>=<sp/>0;<sp/>i<sp/>&lt;<sp/>firstDate.<ref refid="d0/d82/a00857_1a38348c8ae13daf6b8159d6c8bfa8af53" kindref="member">get_month</ref>()<sp/>-<sp/>1;<sp/>i++)</highlight></codeline>
<codeline lineno="74"><highlight class="normal"><sp/><sp/><sp/><sp/><sp/><sp/><sp/><sp/><sp/><sp/><sp/><sp/>{</highlight></codeline>
<codeline lineno="75"><highlight class="normal"><sp/><sp/><sp/><sp/><sp/><sp/><sp/><sp/><sp/><sp/><sp/><sp/><sp/><sp/><sp/><sp/><sp/><sp/>n1<sp/>+=<sp/>monthDays[i];</highlight></codeline>
<codeline lineno="76"><highlight class="normal"><sp/><sp/><sp/><sp/><sp/><sp/><sp/><sp/><sp/><sp/><sp/><sp/>}</highlight></codeline>
<codeline lineno="77"><highlight class="normal"><sp/><sp/><sp/><sp/><sp/><sp/><sp/><sp/><sp/><sp/><sp/><sp/>n1<sp/>+=<sp/><ref refid="dd/dd5/a00861_1a9975597c519911e07014a35c85c49306" kindref="member">countLeapYears</ref>(firstDate);</highlight></codeline>
<codeline lineno="78"><highlight class="normal"></highlight></codeline>
<codeline lineno="79"><highlight class="normal"><sp/><sp/><sp/><sp/><sp/><sp/><sp/><sp/><sp/><sp/><sp/><sp/></highlight><highlight class="keywordtype">long</highlight><highlight class="normal"><sp/></highlight><highlight class="keywordtype">int</highlight><highlight class="normal"><sp/>n2<sp/>=<sp/>secondDate.<ref refid="d0/d82/a00857_1a455ecd1b695f6f576784f017eb4ebea5" kindref="member">get_year</ref>()<sp/>*<sp/>365<sp/>+<sp/>secondDate.<ref refid="d0/d82/a00857_1aec716c1565ef011d22b15d276337cc7c" kindref="member">get_day</ref>();</highlight></codeline>
<codeline lineno="80"><highlight class="normal"><sp/><sp/><sp/><sp/><sp/><sp/><sp/><sp/><sp/><sp/><sp/><sp/></highlight><highlight class="keywordflow">for</highlight><highlight class="normal"><sp/>(</highlight><highlight class="keywordtype">int</highlight><highlight class="normal"><sp/>i<sp/>=<sp/>0;<sp/>i<sp/>&lt;<sp/>secondDate.<ref refid="d0/d82/a00857_1a38348c8ae13daf6b8159d6c8bfa8af53" kindref="member">get_month</ref>()<sp/>-<sp/>1;<sp/>i++)</highlight></codeline>
<codeline lineno="81"><highlight class="normal"><sp/><sp/><sp/><sp/><sp/><sp/><sp/><sp/><sp/><sp/><sp/><sp/>{</highlight></codeline>
<codeline lineno="82"><highlight class="normal"><sp/><sp/><sp/><sp/><sp/><sp/><sp/><sp/><sp/><sp/><sp/><sp/><sp/><sp/><sp/><sp/><sp/><sp/>n2<sp/>+=<sp/>monthDays[i];</highlight></codeline>
<codeline lineno="83"><highlight class="normal"><sp/><sp/><sp/><sp/><sp/><sp/><sp/><sp/><sp/><sp/><sp/><sp/>}</highlight></codeline>
<codeline lineno="84"><highlight class="normal"><sp/><sp/><sp/><sp/><sp/><sp/><sp/><sp/><sp/><sp/><sp/><sp/>n2<sp/>+=<sp/><ref refid="dd/dd5/a00861_1a9975597c519911e07014a35c85c49306" kindref="member">countLeapYears</ref>(secondDate);</highlight></codeline>
<codeline lineno="85"><highlight class="normal"></highlight></codeline>
<codeline lineno="86"><highlight class="normal"><sp/><sp/><sp/><sp/><sp/><sp/><sp/><sp/><sp/><sp/><sp/><sp/></highlight><highlight class="keywordflow">return</highlight><highlight class="normal"><sp/>(n2<sp/>-<sp/>n1);</highlight></codeline>
<codeline lineno="87"><highlight class="normal"><sp/><sp/><sp/><sp/><sp/><sp/>}</highlight></codeline>
<codeline lineno="88"><highlight class="normal"></highlight><highlight class="keyword">public</highlight><highlight class="normal">:</highlight></codeline>
<codeline lineno="89"><highlight class="normal"><sp/><sp/><sp/><sp/><sp/><sp/><ref refid="dd/dd5/a00861_1a21c9a33a3bd2749b16bacc868896c01d" kindref="member">Hotel</ref>();</highlight></codeline>
<codeline lineno="90"><highlight class="normal"><sp/><sp/><sp/><sp/><sp/><sp/></highlight></codeline>
<codeline lineno="91" refid="dd/dd5/a00861_1ac75dd352bfbef207b8bd78aa8ed32362" refkind="member"><highlight class="normal"><sp/><sp/><sp/><sp/><sp/><sp/></highlight><highlight class="keywordtype">void</highlight><highlight class="normal"><sp/><ref refid="dd/dd5/a00861_1ac75dd352bfbef207b8bd78aa8ed32362" kindref="member">add_room</ref>(</highlight><highlight class="keyword">const</highlight><highlight class="normal"><sp/><ref refid="dd/d7b/a00865" kindref="compound">Room</ref><sp/>&amp;room);</highlight></codeline>
<codeline lineno="92"><highlight class="normal"><sp/><sp/><sp/><sp/><sp/><sp/></highlight><highlight class="keywordtype">void</highlight><highlight class="normal"><sp/><ref refid="dd/dd5/a00861_1aeac828a701105e76cd437d38dfdff240" kindref="member">checkin</ref>(</highlight><highlight class="keywordtype">int</highlight><highlight class="normal"><sp/>room,<sp/></highlight><highlight class="keyword">const</highlight><highlight class="normal"><sp/><ref refid="d0/d82/a00857" kindref="compound">Date</ref><sp/>startingDate,<sp/></highlight><highlight class="keyword">const</highlight><highlight class="normal"><sp/><ref refid="d0/d82/a00857" kindref="compound">Date</ref><sp/>endDate,<sp/>std::string<sp/>guests);</highlight></codeline>
<codeline lineno="93"><highlight class="normal"><sp/><sp/><sp/><sp/><sp/><sp/></highlight><highlight class="keywordtype">void</highlight><highlight class="normal"><sp/><ref refid="dd/dd5/a00861_1aef9516b9959d1ca118924609d14690d8" kindref="member">availability</ref>(</highlight><highlight class="keyword">const</highlight><highlight class="normal"><sp/><ref refid="d0/d82/a00857" kindref="compound">Date</ref><sp/>date);</highlight></codeline>
<codeline lineno="94"><highlight class="normal"><sp/><sp/><sp/><sp/><sp/><sp/></highlight><highlight class="keywordtype">void</highlight><highlight class="normal"><sp/><ref refid="dd/dd5/a00861_1a75101e30c7330012a0fc8d979efc673a" kindref="member">checkout</ref>(</highlight><highlight class="keywordtype">int</highlight><highlight class="normal"><sp/><ref refid="dd/dd5/a00861_1a9082f9b539870f5992c32d1484562a62" kindref="member">rooms</ref>);</highlight></codeline>
<codeline lineno="95"><highlight class="normal"><sp/><sp/><sp/><sp/><sp/><sp/></highlight><highlight class="keywordtype">void</highlight><highlight class="normal"><sp/><ref refid="dd/dd5/a00861_1a669000024ceb6e7849af5a21038f70fc" kindref="member">report</ref>(</highlight><highlight class="keyword">const</highlight><highlight class="normal"><sp/><ref refid="d0/d82/a00857" kindref="compound">Date</ref><sp/>startingDate,<sp/></highlight><highlight class="keyword">const</highlight><highlight class="normal"><sp/><ref refid="d0/d82/a00857" kindref="compound">Date</ref><sp/>endDate);</highlight></codeline>
<codeline lineno="96"><highlight class="normal"><sp/><sp/><sp/><sp/><sp/><sp/></highlight><highlight class="keywordtype">void</highlight><highlight class="normal"><sp/><ref refid="dd/dd5/a00861_1a0a49b7969e10575de37e8aba7c4dd937" kindref="member">find</ref>(</highlight><highlight class="keywordtype">int</highlight><highlight class="normal"><sp/>beds,<sp/></highlight><highlight class="keyword">const</highlight><highlight class="normal"><sp/><ref refid="d0/d82/a00857" kindref="compound">Date</ref><sp/>startingDate,<sp/></highlight><highlight class="keyword">const</highlight><highlight class="normal"><sp/><ref refid="d0/d82/a00857" kindref="compound">Date</ref><sp/>endDate);</highlight></codeline>
<codeline lineno="97"><highlight class="normal"><sp/><sp/><sp/><sp/><sp/><sp/></highlight><highlight class="keywordtype">void</highlight><highlight class="normal"><sp/><ref refid="dd/dd5/a00861_1a20086835a2ab355edd9d113f216d5726" kindref="member">VIP_find</ref>(</highlight><highlight class="keywordtype">int</highlight><highlight class="normal"><sp/>beds,<sp/></highlight><highlight class="keyword">const</highlight><highlight class="normal"><sp/><ref refid="d0/d82/a00857" kindref="compound">Date</ref><sp/>startingDate,<sp/></highlight><highlight class="keyword">const</highlight><highlight class="normal"><sp/><ref refid="d0/d82/a00857" kindref="compound">Date</ref><sp/>endDate);</highlight></codeline>
<codeline lineno="98"><highlight class="normal"><sp/><sp/><sp/><sp/><sp/><sp/></highlight><highlight class="keywordtype">void</highlight><highlight class="normal"><sp/><ref refid="dd/dd5/a00861_1a8dc1fb5216d4613f733534d3966ef3c1" kindref="member">unavailable</ref>(</highlight><highlight class="keywordtype">int</highlight><highlight class="normal"><sp/>room,<sp/></highlight><highlight class="keyword">const</highlight><highlight class="normal"><sp/><ref refid="d0/d82/a00857" kindref="compound">Date</ref><sp/>startingDate,<sp/></highlight><highlight class="keyword">const</highlight><highlight class="normal"><sp/><ref refid="d0/d82/a00857" kindref="compound">Date</ref><sp/>endDate,<sp/>std::string<sp/>note);</highlight></codeline>
<codeline lineno="99"><highlight class="normal"><sp/><sp/><sp/><sp/><sp/><sp/></highlight><highlight class="keywordtype">void</highlight><highlight class="normal"><sp/><ref refid="dd/dd5/a00861_1ae5cb5af1b77615794d50572367881333" kindref="member">print</ref>(std::ofstream<sp/>&amp;file);</highlight></codeline>
<codeline lineno="100"><highlight class="normal"></highlight></codeline>
<codeline lineno="101"><highlight class="normal">};</highlight></codeline>
<codeline lineno="102"><highlight class="normal"></highlight></codeline>
    </programlisting>
    <location file="C:/Users/Viktor/source/repos/project_1_Hotel/project_1_Hotel/Hotel.h"/>
  </compounddef>
</doxygen>
