<?xml version='1.0' encoding='UTF-8' standalone='no'?>
<doxygen xmlns:xsi="http://www.w3.org/2001/XMLSchema-instance" xsi:noNamespaceSchemaLocation="compound.xsd" version="1.8.18">
  <compounddef id="dd/d7b/a00865" kind="class" language="C++" prot="public">
    <compoundname>Room</compoundname>
    <includes refid="d6/d5b/a00026" local="yes">Room.h</includes>
      <sectiondef kind="private-attrib">
      <memberdef kind="variable" id="dd/d7b/a00865_1a123d068f409ad6407bffffd5b9665be0" prot="private" static="no" mutable="no">
        <type>int</type>
        <definition>int bedCount</definition>
        <argsstring></argsstring>
        <name>bedCount</name>
        <briefdescription>
        </briefdescription>
        <detaileddescription>
        </detaileddescription>
        <inbodydescription>
        </inbodydescription>
        <location file="C:/Users/Viktor/source/repos/project_1_Hotel/project_1_Hotel/Room.h" line="12" column="5" bodyfile="C:/Users/Viktor/source/repos/project_1_Hotel/project_1_Hotel/Room.h" bodystart="12" bodyend="-1"/>
        <referencedby refid="dd/d7b/a00865_1a7aaca4d4611744b793e4d80671ce88d1" compoundref="d3/d52/a00023" startline="27" endline="30">get_bedCount</referencedby>
        <referencedby refid="dd/d7b/a00865_1af41bd6b6febffb41834e9774b8909cf7" compoundref="d3/d52/a00023" startline="4" endline="12">Room</referencedby>
        <referencedby refid="dd/d7b/a00865_1a25d189b85dea6688a9068decfb869857" compoundref="d3/d52/a00023" startline="48" endline="51">set_bedCount</referencedby>
      </memberdef>
      <memberdef kind="variable" id="dd/d7b/a00865_1ac342ae2125b437a76ece3ac962e0d9a3" prot="private" static="no" mutable="no">
        <type><ref refid="d0/d82/a00857" kindref="compound">Date</ref></type>
        <definition>Date endDate</definition>
        <argsstring></argsstring>
        <name>endDate</name>
        <briefdescription>
        </briefdescription>
        <detaileddescription>
        </detaileddescription>
        <inbodydescription>
        </inbodydescription>
        <location file="C:/Users/Viktor/source/repos/project_1_Hotel/project_1_Hotel/Room.h" line="15" column="6" bodyfile="C:/Users/Viktor/source/repos/project_1_Hotel/project_1_Hotel/Room.h" bodystart="15" bodyend="-1"/>
        <referencedby refid="dd/d7b/a00865_1a3af9c504c7230e072643d1d4255ca173" compoundref="d3/d52/a00023" startline="39" endline="42">get_endDate</referencedby>
        <referencedby refid="dd/d7b/a00865_1a00fa7f1e5be5de7ba13ff6f65e8eec72" compoundref="d3/d52/a00023" startline="13" endline="21">Room</referencedby>
        <referencedby refid="dd/d7b/a00865_1af4f1dccf65425107762521af6460b057" compoundref="d3/d52/a00023" startline="60" endline="63">set_endDate</referencedby>
      </memberdef>
      <memberdef kind="variable" id="dd/d7b/a00865_1a56e0806099e4d725aa1a206f336361e2" prot="private" static="no" mutable="no">
        <type>std::string</type>
        <definition>std::string guests</definition>
        <argsstring></argsstring>
        <name>guests</name>
        <briefdescription>
        </briefdescription>
        <detaileddescription>
        </detaileddescription>
        <inbodydescription>
        </inbodydescription>
        <location file="C:/Users/Viktor/source/repos/project_1_Hotel/project_1_Hotel/Room.h" line="13" column="13" bodyfile="C:/Users/Viktor/source/repos/project_1_Hotel/project_1_Hotel/Room.h" bodystart="13" bodyend="-1"/>
      </memberdef>
      <memberdef kind="variable" id="dd/d7b/a00865_1a7106e2abc437ad981830d14176d15f09" prot="private" static="no" mutable="no">
        <type>int</type>
        <definition>int number</definition>
        <argsstring></argsstring>
        <name>number</name>
        <briefdescription>
        </briefdescription>
        <detaileddescription>
        </detaileddescription>
        <inbodydescription>
        </inbodydescription>
        <location file="C:/Users/Viktor/source/repos/project_1_Hotel/project_1_Hotel/Room.h" line="11" column="5" bodyfile="C:/Users/Viktor/source/repos/project_1_Hotel/project_1_Hotel/Room.h" bodystart="11" bodyend="-1"/>
        <referencedby refid="dd/d7b/a00865_1aa3f92ded5aa57f99649c53f1a15e15dc" compoundref="d3/d52/a00023" startline="23" endline="26">get_number</referencedby>
        <referencedby refid="dd/d7b/a00865_1af41bd6b6febffb41834e9774b8909cf7" compoundref="d3/d52/a00023" startline="4" endline="12">Room</referencedby>
        <referencedby refid="dd/d7b/a00865_1a334b2ad8c37175ba2dce847635917eab" compoundref="d3/d52/a00023" startline="44" endline="47">set_number</referencedby>
      </memberdef>
      <memberdef kind="variable" id="dd/d7b/a00865_1ab16240514dfa222811ef2fb14a72d4a8" prot="private" static="no" mutable="no">
        <type><ref refid="d0/d82/a00857" kindref="compound">Date</ref></type>
        <definition>Date startDate</definition>
        <argsstring></argsstring>
        <name>startDate</name>
        <briefdescription>
        </briefdescription>
        <detaileddescription>
        </detaileddescription>
        <inbodydescription>
        </inbodydescription>
        <location file="C:/Users/Viktor/source/repos/project_1_Hotel/project_1_Hotel/Room.h" line="14" column="6" bodyfile="C:/Users/Viktor/source/repos/project_1_Hotel/project_1_Hotel/Room.h" bodystart="14" bodyend="-1"/>
        <referencedby refid="dd/d7b/a00865_1a4e132b5463e45ca6d6cbd3414a822ff3" compoundref="d3/d52/a00023" startline="35" endline="38">get_startDate</referencedby>
        <referencedby refid="dd/d7b/a00865_1a00fa7f1e5be5de7ba13ff6f65e8eec72" compoundref="d3/d52/a00023" startline="13" endline="21">Room</referencedby>
        <referencedby refid="dd/d7b/a00865_1ae5c290f91cc89e7c25fb5f22f7a3f310" compoundref="d3/d52/a00023" startline="56" endline="59">set_startDate</referencedby>
      </memberdef>
      </sectiondef>
      <sectiondef kind="public-func">
      <memberdef kind="function" id="dd/d7b/a00865_1af41bd6b6febffb41834e9774b8909cf7" prot="public" static="no" const="no" explicit="no" inline="no" virt="non-virtual">
        <type></type>
        <definition>Room</definition>
        <argsstring>()</argsstring>
        <name>Room</name>
        <briefdescription>
        </briefdescription>
        <detaileddescription>
        </detaileddescription>
        <inbodydescription>
        </inbodydescription>
        <location file="C:/Users/Viktor/source/repos/project_1_Hotel/project_1_Hotel/Room.h" line="17" column="1" bodyfile="C:/Users/Viktor/source/repos/project_1_Hotel/project_1_Hotel/Room.cpp" bodystart="4" bodyend="12"/>
        <references refid="dd/d7b/a00865_1a123d068f409ad6407bffffd5b9665be0" compoundref="d6/d5b/a00026" startline="12">bedCount</references>
        <references refid="dd/d7b/a00865_1a7106e2abc437ad981830d14176d15f09" compoundref="d6/d5b/a00026" startline="11">number</references>
        <references refid="dd/d7b/a00865_1af4f1dccf65425107762521af6460b057" compoundref="d3/d52/a00023" startline="60" endline="63">set_endDate</references>
        <references refid="dd/d7b/a00865_1ae5c290f91cc89e7c25fb5f22f7a3f310" compoundref="d3/d52/a00023" startline="56" endline="59">set_startDate</references>
      </memberdef>
      <memberdef kind="function" id="dd/d7b/a00865_1a00fa7f1e5be5de7ba13ff6f65e8eec72" prot="public" static="no" const="no" explicit="no" inline="no" virt="non-virtual">
        <type></type>
        <definition>Room</definition>
        <argsstring>(int number,int bedCount, std::string guests, const Date startDate, const Date endDate)</argsstring>
        <name>Room</name>
        <param>
          <type>int</type>
          <declname>number</declname>
        </param>
        <param>
          <type>int</type>
          <declname>bedCount</declname>
        </param>
        <param>
          <type>std::string</type>
          <declname>guests</declname>
        </param>
        <param>
          <type>const <ref refid="d0/d82/a00857" kindref="compound">Date</ref></type>
          <declname>startDate</declname>
        </param>
        <param>
          <type>const <ref refid="d0/d82/a00857" kindref="compound">Date</ref></type>
          <declname>endDate</declname>
        </param>
        <briefdescription>
        </briefdescription>
        <detaileddescription>
        </detaileddescription>
        <inbodydescription>
        </inbodydescription>
        <location file="C:/Users/Viktor/source/repos/project_1_Hotel/project_1_Hotel/Room.h" line="18" column="1" bodyfile="C:/Users/Viktor/source/repos/project_1_Hotel/project_1_Hotel/Room.cpp" bodystart="13" bodyend="21"/>
        <references refid="dd/d7b/a00865_1a123d068f409ad6407bffffd5b9665be0" compoundref="d6/d5b/a00026" startline="12">bedCount</references>
        <references refid="dd/d7b/a00865_1ac342ae2125b437a76ece3ac962e0d9a3" compoundref="d6/d5b/a00026" startline="15">endDate</references>
        <references refid="dd/d7b/a00865_1a7106e2abc437ad981830d14176d15f09" compoundref="d6/d5b/a00026" startline="11">number</references>
        <references refid="d0/d82/a00857_1af83d539a2212459b1fda537bbe94b0c2" compoundref="d7/d46/a00002" startline="17" endline="26">Date::operator=</references>
        <references refid="dd/d7b/a00865_1ab16240514dfa222811ef2fb14a72d4a8" compoundref="d6/d5b/a00026" startline="14">startDate</references>
      </memberdef>
      <memberdef kind="function" id="dd/d7b/a00865_1a7aaca4d4611744b793e4d80671ce88d1" prot="public" static="no" const="yes" explicit="no" inline="no" virt="non-virtual">
        <type>int</type>
        <definition>int get_bedCount</definition>
        <argsstring>() const </argsstring>
        <name>get_bedCount</name>
        <briefdescription>
        </briefdescription>
        <detaileddescription>
        </detaileddescription>
        <inbodydescription>
        </inbodydescription>
        <location file="C:/Users/Viktor/source/repos/project_1_Hotel/project_1_Hotel/Room.h" line="21" column="5" bodyfile="C:/Users/Viktor/source/repos/project_1_Hotel/project_1_Hotel/Room.cpp" bodystart="27" bodyend="30"/>
        <references refid="dd/d7b/a00865_1a123d068f409ad6407bffffd5b9665be0" compoundref="d6/d5b/a00026" startline="12">bedCount</references>
        <referencedby refid="dd/dd5/a00861_1a170cf185f926dcea69eb90688cdffac3" compoundref="d2/de7/a00014" startline="15" endline="32">Hotel::sortRoomsByBedCount</referencedby>
      </memberdef>
      <memberdef kind="function" id="dd/d7b/a00865_1a3af9c504c7230e072643d1d4255ca173" prot="public" static="no" const="yes" explicit="no" inline="no" virt="non-virtual">
        <type><ref refid="d0/d82/a00857" kindref="compound">Date</ref></type>
        <definition>Date get_endDate</definition>
        <argsstring>() const </argsstring>
        <name>get_endDate</name>
        <briefdescription>
        </briefdescription>
        <detaileddescription>
        </detaileddescription>
        <inbodydescription>
        </inbodydescription>
        <location file="C:/Users/Viktor/source/repos/project_1_Hotel/project_1_Hotel/Room.h" line="24" column="6" bodyfile="C:/Users/Viktor/source/repos/project_1_Hotel/project_1_Hotel/Room.cpp" bodystart="39" bodyend="42"/>
        <references refid="dd/d7b/a00865_1ac342ae2125b437a76ece3ac962e0d9a3" compoundref="d6/d5b/a00026" startline="15">endDate</references>
        <referencedby refid="dd/dd5/a00861_1a16f6bbc3369852ca579193434a8262e8" compoundref="d2/de7/a00014" startline="34" endline="53">Hotel::isFree</referencedby>
      </memberdef>
      <memberdef kind="function" id="dd/d7b/a00865_1a10febb6f94da1b541f9a0df68414d8bf" prot="public" static="no" const="yes" explicit="no" inline="no" virt="non-virtual">
        <type>const std::string</type>
        <definition>const std::string get_guests</definition>
        <argsstring>() const </argsstring>
        <name>get_guests</name>
        <briefdescription>
        </briefdescription>
        <detaileddescription>
        </detaileddescription>
        <inbodydescription>
        </inbodydescription>
        <location file="C:/Users/Viktor/source/repos/project_1_Hotel/project_1_Hotel/Room.h" line="22" column="19" bodyfile="C:/Users/Viktor/source/repos/project_1_Hotel/project_1_Hotel/Room.cpp" bodystart="31" bodyend="34"/>
      </memberdef>
      <memberdef kind="function" id="dd/d7b/a00865_1aa3f92ded5aa57f99649c53f1a15e15dc" prot="public" static="no" const="yes" explicit="no" inline="no" virt="non-virtual">
        <type>int</type>
        <definition>int get_number</definition>
        <argsstring>() const </argsstring>
        <name>get_number</name>
        <briefdescription>
        </briefdescription>
        <detaileddescription>
        </detaileddescription>
        <inbodydescription>
        </inbodydescription>
        <location file="C:/Users/Viktor/source/repos/project_1_Hotel/project_1_Hotel/Room.h" line="20" column="5" bodyfile="C:/Users/Viktor/source/repos/project_1_Hotel/project_1_Hotel/Room.cpp" bodystart="23" bodyend="26"/>
        <references refid="dd/d7b/a00865_1a7106e2abc437ad981830d14176d15f09" compoundref="d6/d5b/a00026" startline="11">number</references>
      </memberdef>
      <memberdef kind="function" id="dd/d7b/a00865_1a4e132b5463e45ca6d6cbd3414a822ff3" prot="public" static="no" const="yes" explicit="no" inline="no" virt="non-virtual">
        <type><ref refid="d0/d82/a00857" kindref="compound">Date</ref></type>
        <definition>Date get_startDate</definition>
        <argsstring>() const </argsstring>
        <name>get_startDate</name>
        <briefdescription>
        </briefdescription>
        <detaileddescription>
        </detaileddescription>
        <inbodydescription>
        </inbodydescription>
        <location file="C:/Users/Viktor/source/repos/project_1_Hotel/project_1_Hotel/Room.h" line="23" column="6" bodyfile="C:/Users/Viktor/source/repos/project_1_Hotel/project_1_Hotel/Room.cpp" bodystart="35" bodyend="38"/>
        <references refid="dd/d7b/a00865_1ab16240514dfa222811ef2fb14a72d4a8" compoundref="d6/d5b/a00026" startline="14">startDate</references>
        <referencedby refid="dd/dd5/a00861_1a16f6bbc3369852ca579193434a8262e8" compoundref="d2/de7/a00014" startline="34" endline="53">Hotel::isFree</referencedby>
      </memberdef>
      <memberdef kind="function" id="dd/d7b/a00865_1a25d189b85dea6688a9068decfb869857" prot="public" static="no" const="no" explicit="no" inline="no" virt="non-virtual">
        <type>void</type>
        <definition>void set_bedCount</definition>
        <argsstring>(int bedCount)</argsstring>
        <name>set_bedCount</name>
        <param>
          <type>int</type>
          <declname>bedCount</declname>
        </param>
        <briefdescription>
        </briefdescription>
        <detaileddescription>
        </detaileddescription>
        <inbodydescription>
        </inbodydescription>
        <location file="C:/Users/Viktor/source/repos/project_1_Hotel/project_1_Hotel/Room.h" line="27" column="6" bodyfile="C:/Users/Viktor/source/repos/project_1_Hotel/project_1_Hotel/Room.cpp" bodystart="48" bodyend="51"/>
        <references refid="dd/d7b/a00865_1a123d068f409ad6407bffffd5b9665be0" compoundref="d6/d5b/a00026" startline="12">bedCount</references>
      </memberdef>
      <memberdef kind="function" id="dd/d7b/a00865_1af4f1dccf65425107762521af6460b057" prot="public" static="no" const="no" explicit="no" inline="no" virt="non-virtual">
        <type>void</type>
        <definition>void set_endDate</definition>
        <argsstring>(Date other)</argsstring>
        <name>set_endDate</name>
        <param>
          <type><ref refid="d0/d82/a00857" kindref="compound">Date</ref></type>
          <declname>other</declname>
        </param>
        <briefdescription>
        </briefdescription>
        <detaileddescription>
        </detaileddescription>
        <inbodydescription>
        </inbodydescription>
        <location file="C:/Users/Viktor/source/repos/project_1_Hotel/project_1_Hotel/Room.h" line="30" column="6" bodyfile="C:/Users/Viktor/source/repos/project_1_Hotel/project_1_Hotel/Room.cpp" bodystart="60" bodyend="63"/>
        <references refid="dd/d7b/a00865_1ac342ae2125b437a76ece3ac962e0d9a3" compoundref="d6/d5b/a00026" startline="15">endDate</references>
        <references refid="d0/d82/a00857_1af83d539a2212459b1fda537bbe94b0c2" compoundref="d7/d46/a00002" startline="17" endline="26">Date::operator=</references>
        <referencedby refid="dd/d7b/a00865_1af41bd6b6febffb41834e9774b8909cf7" compoundref="d3/d52/a00023" startline="4" endline="12">Room</referencedby>
      </memberdef>
      <memberdef kind="function" id="dd/d7b/a00865_1aa1db582c10888424dbfa903edd07a141" prot="public" static="no" const="no" explicit="no" inline="no" virt="non-virtual">
        <type>void</type>
        <definition>void set_guest</definition>
        <argsstring>(std::string guests)</argsstring>
        <name>set_guest</name>
        <param>
          <type>std::string</type>
          <declname>guests</declname>
        </param>
        <briefdescription>
        </briefdescription>
        <detaileddescription>
        </detaileddescription>
        <inbodydescription>
        </inbodydescription>
        <location file="C:/Users/Viktor/source/repos/project_1_Hotel/project_1_Hotel/Room.h" line="28" column="6" bodyfile="C:/Users/Viktor/source/repos/project_1_Hotel/project_1_Hotel/Room.cpp" bodystart="52" bodyend="55"/>
      </memberdef>
      <memberdef kind="function" id="dd/d7b/a00865_1a334b2ad8c37175ba2dce847635917eab" prot="public" static="no" const="no" explicit="no" inline="no" virt="non-virtual">
        <type>void</type>
        <definition>void set_number</definition>
        <argsstring>(int number)</argsstring>
        <name>set_number</name>
        <param>
          <type>int</type>
          <declname>number</declname>
        </param>
        <briefdescription>
        </briefdescription>
        <detaileddescription>
        </detaileddescription>
        <inbodydescription>
        </inbodydescription>
        <location file="C:/Users/Viktor/source/repos/project_1_Hotel/project_1_Hotel/Room.h" line="26" column="6" bodyfile="C:/Users/Viktor/source/repos/project_1_Hotel/project_1_Hotel/Room.cpp" bodystart="44" bodyend="47"/>
        <references refid="dd/d7b/a00865_1a7106e2abc437ad981830d14176d15f09" compoundref="d6/d5b/a00026" startline="11">number</references>
      </memberdef>
      <memberdef kind="function" id="dd/d7b/a00865_1ae5c290f91cc89e7c25fb5f22f7a3f310" prot="public" static="no" const="no" explicit="no" inline="no" virt="non-virtual">
        <type>void</type>
        <definition>void set_startDate</definition>
        <argsstring>(Date other)</argsstring>
        <name>set_startDate</name>
        <param>
          <type><ref refid="d0/d82/a00857" kindref="compound">Date</ref></type>
          <declname>other</declname>
        </param>
        <briefdescription>
        </briefdescription>
        <detaileddescription>
        </detaileddescription>
        <inbodydescription>
        </inbodydescription>
        <location file="C:/Users/Viktor/source/repos/project_1_Hotel/project_1_Hotel/Room.h" line="29" column="6" bodyfile="C:/Users/Viktor/source/repos/project_1_Hotel/project_1_Hotel/Room.cpp" bodystart="56" bodyend="59"/>
        <references refid="d0/d82/a00857_1af83d539a2212459b1fda537bbe94b0c2" compoundref="d7/d46/a00002" startline="17" endline="26">Date::operator=</references>
        <references refid="dd/d7b/a00865_1ab16240514dfa222811ef2fb14a72d4a8" compoundref="d6/d5b/a00026" startline="14">startDate</references>
        <referencedby refid="dd/d7b/a00865_1af41bd6b6febffb41834e9774b8909cf7" compoundref="d3/d52/a00023" startline="4" endline="12">Room</referencedby>
      </memberdef>
      </sectiondef>
    <briefdescription>
<para>Class that defines a <ref refid="dd/d7b/a00865" kindref="compound">Room</ref>. </para>
    </briefdescription>
    <detaileddescription>
    </detaileddescription>
    <collaborationgraph>
      <node id="2">
        <label>Date</label>
        <link refid="d0/d82/a00857"/>
      </node>
      <node id="1">
        <label>Room</label>
        <link refid="dd/d7b/a00865"/>
        <childnode refid="2" relation="usage">
          <edgelabel>startDate</edgelabel>
          <edgelabel>endDate</edgelabel>
        </childnode>
      </node>
    </collaborationgraph>
    <location file="C:/Users/Viktor/source/repos/project_1_Hotel/project_1_Hotel/Room.h" line="8" column="1" bodyfile="C:/Users/Viktor/source/repos/project_1_Hotel/project_1_Hotel/Room.h" bodystart="9" bodyend="31"/>
    <listofallmembers>
      <member refid="dd/d7b/a00865_1a123d068f409ad6407bffffd5b9665be0" prot="private" virt="non-virtual"><scope>Room</scope><name>bedCount</name></member>
      <member refid="dd/d7b/a00865_1ac342ae2125b437a76ece3ac962e0d9a3" prot="private" virt="non-virtual"><scope>Room</scope><name>endDate</name></member>
      <member refid="dd/d7b/a00865_1a7aaca4d4611744b793e4d80671ce88d1" prot="public" virt="non-virtual"><scope>Room</scope><name>get_bedCount</name></member>
      <member refid="dd/d7b/a00865_1a3af9c504c7230e072643d1d4255ca173" prot="public" virt="non-virtual"><scope>Room</scope><name>get_endDate</name></member>
      <member refid="dd/d7b/a00865_1a10febb6f94da1b541f9a0df68414d8bf" prot="public" virt="non-virtual"><scope>Room</scope><name>get_guests</name></member>
      <member refid="dd/d7b/a00865_1aa3f92ded5aa57f99649c53f1a15e15dc" prot="public" virt="non-virtual"><scope>Room</scope><name>get_number</name></member>
      <member refid="dd/d7b/a00865_1a4e132b5463e45ca6d6cbd3414a822ff3" prot="public" virt="non-virtual"><scope>Room</scope><name>get_startDate</name></member>
      <member refid="dd/d7b/a00865_1a56e0806099e4d725aa1a206f336361e2" prot="private" virt="non-virtual"><scope>Room</scope><name>guests</name></member>
      <member refid="dd/d7b/a00865_1a7106e2abc437ad981830d14176d15f09" prot="private" virt="non-virtual"><scope>Room</scope><name>number</name></member>
      <member refid="dd/d7b/a00865_1af41bd6b6febffb41834e9774b8909cf7" prot="public" virt="non-virtual"><scope>Room</scope><name>Room</name></member>
      <member refid="dd/d7b/a00865_1a00fa7f1e5be5de7ba13ff6f65e8eec72" prot="public" virt="non-virtual"><scope>Room</scope><name>Room</name></member>
      <member refid="dd/d7b/a00865_1a25d189b85dea6688a9068decfb869857" prot="public" virt="non-virtual"><scope>Room</scope><name>set_bedCount</name></member>
      <member refid="dd/d7b/a00865_1af4f1dccf65425107762521af6460b057" prot="public" virt="non-virtual"><scope>Room</scope><name>set_endDate</name></member>
      <member refid="dd/d7b/a00865_1aa1db582c10888424dbfa903edd07a141" prot="public" virt="non-virtual"><scope>Room</scope><name>set_guest</name></member>
      <member refid="dd/d7b/a00865_1a334b2ad8c37175ba2dce847635917eab" prot="public" virt="non-virtual"><scope>Room</scope><name>set_number</name></member>
      <member refid="dd/d7b/a00865_1ae5c290f91cc89e7c25fb5f22f7a3f310" prot="public" virt="non-virtual"><scope>Room</scope><name>set_startDate</name></member>
      <member refid="dd/d7b/a00865_1ab16240514dfa222811ef2fb14a72d4a8" prot="private" virt="non-virtual"><scope>Room</scope><name>startDate</name></member>
    </listofallmembers>
  </compounddef>
</doxygen>
