<?xml version='1.0' encoding='UTF-8' standalone='no'?>
<doxygen xmlns:xsi="http://www.w3.org/2001/XMLSchema-instance" xsi:noNamespaceSchemaLocation="compound.xsd" version="1.8.18">
  <compounddef id="d6/d5b/a00026" kind="file" language="C++">
    <compoundname>Room.h</compoundname>
    <innerclass refid="dd/d7b/a00865" prot="public">Room</innerclass>
    <briefdescription>
    </briefdescription>
    <detaileddescription>
    </detaileddescription>
    <programlisting>
<codeline lineno="1"><highlight class="preprocessor">#pragma<sp/>once</highlight><highlight class="normal"></highlight></codeline>
<codeline lineno="2"><highlight class="normal"></highlight><highlight class="preprocessor">#include<sp/>&quot;<ref refid="dd/dad/a00005" kindref="compound">Date.h</ref>&quot;</highlight><highlight class="normal"></highlight></codeline>
<codeline lineno="3"><highlight class="normal"></highlight><highlight class="preprocessor">#include&lt;string&gt;</highlight><highlight class="normal"></highlight></codeline>
<codeline lineno="4"><highlight class="normal"></highlight></codeline>
<codeline lineno="8" refid="dd/d7b/a00865" refkind="compound"><highlight class="keyword">class<sp/></highlight><highlight class="normal"><ref refid="dd/d7b/a00865" kindref="compound">Room</ref></highlight></codeline>
<codeline lineno="9"><highlight class="normal">{</highlight></codeline>
<codeline lineno="10"><highlight class="normal"></highlight><highlight class="keyword">private</highlight><highlight class="normal">:</highlight></codeline>
<codeline lineno="11" refid="dd/d7b/a00865_1a7106e2abc437ad981830d14176d15f09" refkind="member"><highlight class="normal"><sp/><sp/><sp/><sp/><sp/><sp/></highlight><highlight class="keywordtype">int</highlight><highlight class="normal"><sp/><ref refid="dd/d7b/a00865_1a7106e2abc437ad981830d14176d15f09" kindref="member">number</ref>;</highlight></codeline>
<codeline lineno="12" refid="dd/d7b/a00865_1a123d068f409ad6407bffffd5b9665be0" refkind="member"><highlight class="normal"><sp/><sp/><sp/><sp/><sp/><sp/></highlight><highlight class="keywordtype">int</highlight><highlight class="normal"><sp/><ref refid="dd/d7b/a00865_1a123d068f409ad6407bffffd5b9665be0" kindref="member">bedCount</ref>;</highlight></codeline>
<codeline lineno="13" refid="dd/d7b/a00865_1a56e0806099e4d725aa1a206f336361e2" refkind="member"><highlight class="normal"><sp/><sp/><sp/><sp/><sp/><sp/>std::string<sp/><ref refid="dd/d7b/a00865_1a56e0806099e4d725aa1a206f336361e2" kindref="member">guests</ref>;</highlight></codeline>
<codeline lineno="14" refid="dd/d7b/a00865_1ab16240514dfa222811ef2fb14a72d4a8" refkind="member"><highlight class="normal"><sp/><sp/><sp/><sp/><sp/><sp/><ref refid="d0/d82/a00857" kindref="compound">Date</ref><sp/><ref refid="dd/d7b/a00865_1ab16240514dfa222811ef2fb14a72d4a8" kindref="member">startDate</ref>;</highlight></codeline>
<codeline lineno="15" refid="dd/d7b/a00865_1ac342ae2125b437a76ece3ac962e0d9a3" refkind="member"><highlight class="normal"><sp/><sp/><sp/><sp/><sp/><sp/><ref refid="d0/d82/a00857" kindref="compound">Date</ref><sp/><ref refid="dd/d7b/a00865_1ac342ae2125b437a76ece3ac962e0d9a3" kindref="member">endDate</ref>;</highlight></codeline>
<codeline lineno="16"><highlight class="normal"></highlight><highlight class="keyword">public</highlight><highlight class="normal">:</highlight></codeline>
<codeline lineno="17"><highlight class="normal"><sp/><sp/><sp/><sp/><sp/><sp/><ref refid="dd/d7b/a00865_1af41bd6b6febffb41834e9774b8909cf7" kindref="member">Room</ref>();</highlight></codeline>
<codeline lineno="18"><highlight class="normal"><sp/><sp/><sp/><sp/><sp/><sp/><ref refid="dd/d7b/a00865_1af41bd6b6febffb41834e9774b8909cf7" kindref="member">Room</ref>(</highlight><highlight class="keywordtype">int</highlight><highlight class="normal"><sp/><ref refid="dd/d7b/a00865_1a7106e2abc437ad981830d14176d15f09" kindref="member">number</ref>,</highlight><highlight class="keywordtype">int</highlight><highlight class="normal"><sp/><ref refid="dd/d7b/a00865_1a123d068f409ad6407bffffd5b9665be0" kindref="member">bedCount</ref>,<sp/>std::string<sp/><ref refid="dd/d7b/a00865_1a56e0806099e4d725aa1a206f336361e2" kindref="member">guests</ref>,<sp/></highlight><highlight class="keyword">const</highlight><highlight class="normal"><sp/><ref refid="d0/d82/a00857" kindref="compound">Date</ref><sp/><ref refid="dd/d7b/a00865_1ab16240514dfa222811ef2fb14a72d4a8" kindref="member">startDate</ref>,<sp/></highlight><highlight class="keyword">const</highlight><highlight class="normal"><sp/><ref refid="d0/d82/a00857" kindref="compound">Date</ref><sp/><ref refid="dd/d7b/a00865_1ac342ae2125b437a76ece3ac962e0d9a3" kindref="member">endDate</ref>);</highlight></codeline>
<codeline lineno="19"><highlight class="normal"></highlight></codeline>
<codeline lineno="20"><highlight class="normal"><sp/><sp/><sp/><sp/><sp/><sp/></highlight><highlight class="keywordtype">int</highlight><highlight class="normal"><sp/><ref refid="dd/d7b/a00865_1aa3f92ded5aa57f99649c53f1a15e15dc" kindref="member">get_number</ref>()<sp/></highlight><highlight class="keyword">const</highlight><highlight class="normal">;</highlight></codeline>
<codeline lineno="21"><highlight class="normal"><sp/><sp/><sp/><sp/><sp/><sp/></highlight><highlight class="keywordtype">int</highlight><highlight class="normal"><sp/><ref refid="dd/d7b/a00865_1a7aaca4d4611744b793e4d80671ce88d1" kindref="member">get_bedCount</ref>()<sp/></highlight><highlight class="keyword">const</highlight><highlight class="normal">;</highlight></codeline>
<codeline lineno="22"><highlight class="normal"><sp/><sp/><sp/><sp/><sp/><sp/></highlight><highlight class="keyword">const</highlight><highlight class="normal"><sp/>std::string<sp/><ref refid="dd/d7b/a00865_1a10febb6f94da1b541f9a0df68414d8bf" kindref="member">get_guests</ref>()<sp/></highlight><highlight class="keyword">const</highlight><highlight class="normal">;</highlight></codeline>
<codeline lineno="23"><highlight class="normal"><sp/><sp/><sp/><sp/><sp/><sp/><ref refid="d0/d82/a00857" kindref="compound">Date</ref><sp/><ref refid="dd/d7b/a00865_1a4e132b5463e45ca6d6cbd3414a822ff3" kindref="member">get_startDate</ref>()<sp/></highlight><highlight class="keyword">const</highlight><highlight class="normal">;</highlight></codeline>
<codeline lineno="24"><highlight class="normal"><sp/><sp/><sp/><sp/><sp/><sp/><ref refid="d0/d82/a00857" kindref="compound">Date</ref><sp/><ref refid="dd/d7b/a00865_1a3af9c504c7230e072643d1d4255ca173" kindref="member">get_endDate</ref>()<sp/></highlight><highlight class="keyword">const</highlight><highlight class="normal">;</highlight></codeline>
<codeline lineno="25"><highlight class="normal"></highlight></codeline>
<codeline lineno="26"><highlight class="normal"><sp/><sp/><sp/><sp/><sp/><sp/></highlight><highlight class="keywordtype">void</highlight><highlight class="normal"><sp/><ref refid="dd/d7b/a00865_1a334b2ad8c37175ba2dce847635917eab" kindref="member">set_number</ref>(</highlight><highlight class="keywordtype">int</highlight><highlight class="normal"><sp/><ref refid="dd/d7b/a00865_1a7106e2abc437ad981830d14176d15f09" kindref="member">number</ref>);</highlight></codeline>
<codeline lineno="27"><highlight class="normal"><sp/><sp/><sp/><sp/><sp/><sp/></highlight><highlight class="keywordtype">void</highlight><highlight class="normal"><sp/><ref refid="dd/d7b/a00865_1a25d189b85dea6688a9068decfb869857" kindref="member">set_bedCount</ref>(</highlight><highlight class="keywordtype">int</highlight><highlight class="normal"><sp/><ref refid="dd/d7b/a00865_1a123d068f409ad6407bffffd5b9665be0" kindref="member">bedCount</ref>);</highlight></codeline>
<codeline lineno="28"><highlight class="normal"><sp/><sp/><sp/><sp/><sp/><sp/></highlight><highlight class="keywordtype">void</highlight><highlight class="normal"><sp/><ref refid="dd/d7b/a00865_1aa1db582c10888424dbfa903edd07a141" kindref="member">set_guest</ref>(std::string<sp/><ref refid="dd/d7b/a00865_1a56e0806099e4d725aa1a206f336361e2" kindref="member">guests</ref>);</highlight></codeline>
<codeline lineno="29"><highlight class="normal"><sp/><sp/><sp/><sp/><sp/><sp/></highlight><highlight class="keywordtype">void</highlight><highlight class="normal"><sp/><ref refid="dd/d7b/a00865_1ae5c290f91cc89e7c25fb5f22f7a3f310" kindref="member">set_startDate</ref>(<ref refid="d0/d82/a00857" kindref="compound">Date</ref><sp/>other);</highlight></codeline>
<codeline lineno="30"><highlight class="normal"><sp/><sp/><sp/><sp/><sp/><sp/></highlight><highlight class="keywordtype">void</highlight><highlight class="normal"><sp/><ref refid="dd/d7b/a00865_1af4f1dccf65425107762521af6460b057" kindref="member">set_endDate</ref>(<ref refid="d0/d82/a00857" kindref="compound">Date</ref><sp/>other);</highlight></codeline>
<codeline lineno="31"><highlight class="normal">};</highlight></codeline>
<codeline lineno="32"><highlight class="normal"></highlight></codeline>
    </programlisting>
    <location file="C:/Users/Viktor/source/repos/project_1_Hotel/project_1_Hotel/Room.h"/>
  </compounddef>
</doxygen>
