<?xml version='1.0' encoding='UTF-8' standalone='no'?>
<section xmlns="http://docbook.org/ns/docbook" version="5.0" xmlns:xlink="http://www.w3.org/1999/xlink" xml:id="_a00005">
<title>C:/Users/Viktor/source/repos/project_1_Hotel/project_1_Hotel/Date.h File Reference</title>
<indexterm><primary>C:/Users/Viktor/source/repos/project_1_Hotel/project_1_Hotel/Date.h</primary></indexterm>
<simplesect>
    <title>Data Structures    </title>
        <itemizedlist>
            <listitem><para>class <link linkend="_a00857">Date</link></para>

<para>Class that defines <link linkend="_a00857">Date</link>. </para>
</listitem>
        </itemizedlist>
</simplesect>
</section>
