<?xml version='1.0' encoding='UTF-8' standalone='no'?>
<doxygen xmlns:xsi="http://www.w3.org/2001/XMLSchema-instance" xsi:noNamespaceSchemaLocation="compound.xsd" version="1.8.18">
  <compounddef id="dd/dad/a00005" kind="file" language="C++">
    <compoundname>Date.h</compoundname>
    <innerclass refid="d0/d82/a00857" prot="public">Date</innerclass>
    <briefdescription>
    </briefdescription>
    <detaileddescription>
    </detaileddescription>
    <programlisting>
<codeline lineno="1"><highlight class="preprocessor">#pragma<sp/>once</highlight><highlight class="normal"></highlight></codeline>
<codeline lineno="2"><highlight class="normal"></highlight></codeline>
<codeline lineno="5" refid="d0/d82/a00857" refkind="compound"><highlight class="keyword">class<sp/></highlight><highlight class="normal"><ref refid="d0/d82/a00857" kindref="compound">Date</ref></highlight></codeline>
<codeline lineno="6"><highlight class="normal">{</highlight></codeline>
<codeline lineno="7"><highlight class="normal"></highlight><highlight class="keyword">private</highlight><highlight class="normal">:</highlight></codeline>
<codeline lineno="8" refid="d0/d82/a00857_1a4c11afc03fc3ee49bab660def6558f2a" refkind="member"><highlight class="normal"><sp/><sp/><sp/><sp/><sp/><sp/></highlight><highlight class="keywordtype">int</highlight><highlight class="normal"><sp/><ref refid="d0/d82/a00857_1a4c11afc03fc3ee49bab660def6558f2a" kindref="member">day</ref>;</highlight></codeline>
<codeline lineno="9" refid="d0/d82/a00857_1aedb06abe5aff12fa3e7e0e71a374edfb" refkind="member"><highlight class="normal"><sp/><sp/><sp/><sp/><sp/><sp/></highlight><highlight class="keywordtype">int</highlight><highlight class="normal"><sp/><ref refid="d0/d82/a00857_1aedb06abe5aff12fa3e7e0e71a374edfb" kindref="member">month</ref>;</highlight></codeline>
<codeline lineno="10" refid="d0/d82/a00857_1abeac221e38b7b9ce7df8722c842bf671" refkind="member"><highlight class="normal"><sp/><sp/><sp/><sp/><sp/><sp/></highlight><highlight class="keywordtype">int</highlight><highlight class="normal"><sp/><ref refid="d0/d82/a00857_1abeac221e38b7b9ce7df8722c842bf671" kindref="member">year</ref>;</highlight></codeline>
<codeline lineno="11"><highlight class="normal"></highlight><highlight class="keyword">public</highlight><highlight class="normal">:</highlight></codeline>
<codeline lineno="12"><highlight class="normal"><sp/><sp/><sp/><sp/><sp/><sp/><ref refid="d0/d82/a00857_1aff49fc2cda4491ff4457ca481bb8edf9" kindref="member">Date</ref>();</highlight></codeline>
<codeline lineno="13"><highlight class="normal"><sp/><sp/><sp/><sp/><sp/><sp/><ref refid="d0/d82/a00857_1aff49fc2cda4491ff4457ca481bb8edf9" kindref="member">Date</ref>(</highlight><highlight class="keywordtype">int</highlight><highlight class="normal"><sp/><ref refid="d0/d82/a00857_1a4c11afc03fc3ee49bab660def6558f2a" kindref="member">day</ref>,<sp/></highlight><highlight class="keywordtype">int</highlight><highlight class="normal"><sp/><ref refid="d0/d82/a00857_1aedb06abe5aff12fa3e7e0e71a374edfb" kindref="member">month</ref>,<sp/></highlight><highlight class="keywordtype">int</highlight><highlight class="normal"><sp/><ref refid="d0/d82/a00857_1abeac221e38b7b9ce7df8722c842bf671" kindref="member">year</ref>);</highlight></codeline>
<codeline lineno="14"><highlight class="normal"></highlight></codeline>
<codeline lineno="15"><highlight class="normal"><sp/><sp/><sp/><sp/><sp/><sp/><ref refid="d0/d82/a00857" kindref="compound">Date</ref>&amp;<sp/><ref refid="d0/d82/a00857_1af83d539a2212459b1fda537bbe94b0c2" kindref="member">operator=</ref>(</highlight><highlight class="keyword">const</highlight><highlight class="normal"><sp/><ref refid="d0/d82/a00857" kindref="compound">Date</ref>&amp;<sp/>other);</highlight></codeline>
<codeline lineno="16"><highlight class="normal"><sp/><sp/><sp/><sp/><sp/><sp/></highlight><highlight class="keywordtype">bool</highlight><highlight class="normal"><sp/><ref refid="d0/d82/a00857_1a8bc87c1fa5486bfa6829c3b0a4dbd30d" kindref="member">operator==</ref>(</highlight><highlight class="keyword">const</highlight><highlight class="normal"><sp/><ref refid="d0/d82/a00857" kindref="compound">Date</ref>&amp;<sp/>other);</highlight></codeline>
<codeline lineno="17"><highlight class="normal"><sp/><sp/><sp/><sp/><sp/><sp/></highlight><highlight class="keywordtype">bool</highlight><highlight class="normal"><sp/><ref refid="d0/d82/a00857_1a50b8814b3bf4fed1bc4cfdb645fd8af4" kindref="member">operator!=</ref>(</highlight><highlight class="keyword">const</highlight><highlight class="normal"><sp/><ref refid="d0/d82/a00857" kindref="compound">Date</ref>&amp;<sp/>other);</highlight></codeline>
<codeline lineno="18"><highlight class="normal"><sp/><sp/><sp/><sp/><sp/><sp/></highlight><highlight class="keywordtype">bool</highlight><highlight class="normal"><sp/><ref refid="d0/d82/a00857_1aacbb6e807b1d954cb30fab58d0c2310d" kindref="member">operator&lt;</ref>(</highlight><highlight class="keyword">const</highlight><highlight class="normal"><sp/><ref refid="d0/d82/a00857" kindref="compound">Date</ref>&amp;<sp/>other);</highlight></codeline>
<codeline lineno="19"><highlight class="normal"><sp/><sp/><sp/><sp/><sp/><sp/></highlight><highlight class="keywordtype">bool</highlight><highlight class="normal"><sp/><ref refid="d0/d82/a00857_1ae9fed8a038cf8540490f39121ee71058" kindref="member">operator&gt;</ref>(</highlight><highlight class="keyword">const</highlight><highlight class="normal"><sp/><ref refid="d0/d82/a00857" kindref="compound">Date</ref>&amp;<sp/>other);</highlight></codeline>
<codeline lineno="20"><highlight class="normal"><sp/><sp/><sp/><sp/><sp/><sp/></highlight><highlight class="keywordtype">bool</highlight><highlight class="normal"><sp/><ref refid="d0/d82/a00857_1a6a71ae41efc53b2cc1753bb20d9f3536" kindref="member">operator&lt;=</ref>(</highlight><highlight class="keyword">const</highlight><highlight class="normal"><sp/><ref refid="d0/d82/a00857" kindref="compound">Date</ref>&amp;<sp/>other);</highlight></codeline>
<codeline lineno="21"><highlight class="normal"><sp/><sp/><sp/><sp/><sp/><sp/></highlight><highlight class="keywordtype">bool</highlight><highlight class="normal"><sp/><ref refid="d0/d82/a00857_1ab03f9972f95f3322dcf9f1585193cf35" kindref="member">operator&gt;=</ref>(</highlight><highlight class="keyword">const</highlight><highlight class="normal"><sp/><ref refid="d0/d82/a00857" kindref="compound">Date</ref>&amp;<sp/>other);</highlight></codeline>
<codeline lineno="22"><highlight class="normal"></highlight></codeline>
<codeline lineno="23"><highlight class="normal"><sp/><sp/><sp/><sp/><sp/><sp/></highlight><highlight class="keywordtype">int</highlight><highlight class="normal"><sp/><ref refid="d0/d82/a00857_1aec716c1565ef011d22b15d276337cc7c" kindref="member">get_day</ref>()<sp/></highlight><highlight class="keyword">const</highlight><highlight class="normal">;</highlight></codeline>
<codeline lineno="24"><highlight class="normal"><sp/><sp/><sp/><sp/><sp/><sp/></highlight><highlight class="keywordtype">int</highlight><highlight class="normal"><sp/><ref refid="d0/d82/a00857_1a38348c8ae13daf6b8159d6c8bfa8af53" kindref="member">get_month</ref>()<sp/></highlight><highlight class="keyword">const</highlight><highlight class="normal">;</highlight></codeline>
<codeline lineno="25"><highlight class="normal"><sp/><sp/><sp/><sp/><sp/><sp/></highlight><highlight class="keywordtype">int</highlight><highlight class="normal"><sp/><ref refid="d0/d82/a00857_1a455ecd1b695f6f576784f017eb4ebea5" kindref="member">get_year</ref>()<sp/></highlight><highlight class="keyword">const</highlight><highlight class="normal">;</highlight></codeline>
<codeline lineno="26"><highlight class="normal"><sp/><sp/><sp/><sp/><sp/><sp/></highlight><highlight class="keywordtype">void</highlight><highlight class="normal"><sp/><ref refid="d0/d82/a00857_1a955ed7d3195e6ecea609d96b0c264116" kindref="member">set_day</ref>(</highlight><highlight class="keywordtype">int</highlight><highlight class="normal"><sp/><ref refid="d0/d82/a00857_1a4c11afc03fc3ee49bab660def6558f2a" kindref="member">day</ref>);</highlight></codeline>
<codeline lineno="27"><highlight class="normal"><sp/><sp/><sp/><sp/><sp/><sp/></highlight><highlight class="keywordtype">void</highlight><highlight class="normal"><sp/><ref refid="d0/d82/a00857_1abffcf5279bc1587da8d05f1bf10b3c3b" kindref="member">set_month</ref>(</highlight><highlight class="keywordtype">int</highlight><highlight class="normal"><sp/><ref refid="d0/d82/a00857_1aedb06abe5aff12fa3e7e0e71a374edfb" kindref="member">month</ref>);</highlight></codeline>
<codeline lineno="28"><highlight class="normal"><sp/><sp/><sp/><sp/><sp/><sp/></highlight><highlight class="keywordtype">void</highlight><highlight class="normal"><sp/><ref refid="d0/d82/a00857_1a15951aa356a9773bf65d6f665af4c2af" kindref="member">set_year</ref>(</highlight><highlight class="keywordtype">int</highlight><highlight class="normal"><sp/><ref refid="d0/d82/a00857_1abeac221e38b7b9ce7df8722c842bf671" kindref="member">year</ref>);</highlight></codeline>
<codeline lineno="29"><highlight class="normal">};</highlight></codeline>
<codeline lineno="30"><highlight class="normal"></highlight></codeline>
<codeline lineno="31"><highlight class="normal"></highlight></codeline>
<codeline lineno="32"><highlight class="normal"></highlight></codeline>
    </programlisting>
    <location file="C:/Users/Viktor/source/repos/project_1_Hotel/project_1_Hotel/Date.h"/>
  </compounddef>
</doxygen>
