<?xml version='1.0' encoding='UTF-8' standalone='no'?>
<doxygen xmlns:xsi="http://www.w3.org/2001/XMLSchema-instance" xsi:noNamespaceSchemaLocation="compound.xsd" version="1.8.18">
  <compounddef id="dd/dd5/a00861" kind="class" language="C++" prot="public">
    <compoundname>Hotel</compoundname>
    <includes refid="d2/de7/a00014" local="yes">Hotel.h</includes>
      <sectiondef kind="private-attrib">
      <memberdef kind="variable" id="dd/dd5/a00861_1a9082f9b539870f5992c32d1484562a62" prot="private" static="no" mutable="no">
        <type>std::vector&lt;<ref refid="dd/d7b/a00865" kindref="compound">Room</ref>&gt;</type>
        <definition>std::vector&lt;Room&gt; rooms</definition>
        <argsstring></argsstring>
        <name>rooms</name>
        <briefdescription>
        </briefdescription>
        <detaileddescription>
        </detaileddescription>
        <inbodydescription>
        </inbodydescription>
        <location file="C:/Users/Viktor/source/repos/project_1_Hotel/project_1_Hotel/Hotel.h" line="12" column="13" bodyfile="C:/Users/Viktor/source/repos/project_1_Hotel/project_1_Hotel/Hotel.h" bodystart="12" bodyend="-1"/>
        <referencedby refid="dd/dd5/a00861_1a16f6bbc3369852ca579193434a8262e8" compoundref="d2/de7/a00014" startline="34" endline="53">isFree</referencedby>
        <referencedby refid="dd/dd5/a00861_1a170cf185f926dcea69eb90688cdffac3" compoundref="d2/de7/a00014" startline="15" endline="32">sortRoomsByBedCount</referencedby>
      </memberdef>
      </sectiondef>
      <sectiondef kind="private-func">
      <memberdef kind="function" id="dd/dd5/a00861_1a9975597c519911e07014a35c85c49306" prot="private" static="no" const="no" explicit="no" inline="yes" virt="non-virtual">
        <type>int</type>
        <definition>int countLeapYears</definition>
        <argsstring>(Date d) </argsstring>
        <name>countLeapYears</name>
        <param>
          <type><ref refid="d0/d82/a00857" kindref="compound">Date</ref></type>
          <declname>d</declname>
        </param>
        <briefdescription>
<para>counts leap years used in daysBetweenTwoDates method </para>
        </briefdescription>
        <detaileddescription>
        </detaileddescription>
        <inbodydescription>
        </inbodydescription>
        <location file="C:/Users/Viktor/source/repos/project_1_Hotel/project_1_Hotel/Hotel.h" line="55" column="5" bodyfile="C:/Users/Viktor/source/repos/project_1_Hotel/project_1_Hotel/Hotel.h" bodystart="55" bodyend="65"/>
        <references refid="d0/d82/a00857_1a38348c8ae13daf6b8159d6c8bfa8af53" compoundref="d7/d46/a00002" startline="216" endline="219">Date::get_month</references>
        <references refid="d0/d82/a00857_1a455ecd1b695f6f576784f017eb4ebea5" compoundref="d7/d46/a00002" startline="220" endline="223">Date::get_year</references>
        <referencedby refid="dd/dd5/a00861_1a84a3046ac54fc4db044fc1d23b496813" compoundref="d2/de7/a00014" startline="67" endline="87">daysBetweenTwoDates</referencedby>
      </memberdef>
      <memberdef kind="function" id="dd/dd5/a00861_1a84a3046ac54fc4db044fc1d23b496813" prot="private" static="no" const="no" explicit="no" inline="yes" virt="non-virtual">
        <type>int</type>
        <definition>int daysBetweenTwoDates</definition>
        <argsstring>(Date firstDate, Date secondDate) </argsstring>
        <name>daysBetweenTwoDates</name>
        <param>
          <type><ref refid="d0/d82/a00857" kindref="compound">Date</ref></type>
          <declname>firstDate</declname>
        </param>
        <param>
          <type><ref refid="d0/d82/a00857" kindref="compound">Date</ref></type>
          <declname>secondDate</declname>
        </param>
        <briefdescription>
<para>counts days between two dates </para>
        </briefdescription>
        <detaileddescription>
        </detaileddescription>
        <inbodydescription>
        </inbodydescription>
        <location file="C:/Users/Viktor/source/repos/project_1_Hotel/project_1_Hotel/Hotel.h" line="67" column="5" bodyfile="C:/Users/Viktor/source/repos/project_1_Hotel/project_1_Hotel/Hotel.h" bodystart="67" bodyend="87"/>
        <references refid="dd/dd5/a00861_1a9975597c519911e07014a35c85c49306" compoundref="d2/de7/a00014" startline="55" endline="65">countLeapYears</references>
        <references refid="d0/d82/a00857_1aec716c1565ef011d22b15d276337cc7c" compoundref="d7/d46/a00002" startline="212" endline="215">Date::get_day</references>
        <references refid="d0/d82/a00857_1a38348c8ae13daf6b8159d6c8bfa8af53" compoundref="d7/d46/a00002" startline="216" endline="219">Date::get_month</references>
        <references refid="d0/d82/a00857_1a455ecd1b695f6f576784f017eb4ebea5" compoundref="d7/d46/a00002" startline="220" endline="223">Date::get_year</references>
      </memberdef>
      <memberdef kind="function" id="dd/dd5/a00861_1a16f6bbc3369852ca579193434a8262e8" prot="private" static="no" const="no" explicit="no" inline="yes" virt="non-virtual">
        <type>bool</type>
        <definition>bool isFree</definition>
        <argsstring>(int index, const Date startingDate, const Date endDate) </argsstring>
        <name>isFree</name>
        <param>
          <type>int</type>
          <declname>index</declname>
        </param>
        <param>
          <type>const <ref refid="d0/d82/a00857" kindref="compound">Date</ref></type>
          <declname>startingDate</declname>
        </param>
        <param>
          <type>const <ref refid="d0/d82/a00857" kindref="compound">Date</ref></type>
          <declname>endDate</declname>
        </param>
        <briefdescription>
<para>isFree check if input dates are compatible with the given room`s dates </para>
        </briefdescription>
        <detaileddescription>
        </detaileddescription>
        <inbodydescription>
        </inbodydescription>
        <location file="C:/Users/Viktor/source/repos/project_1_Hotel/project_1_Hotel/Hotel.h" line="34" column="6" bodyfile="C:/Users/Viktor/source/repos/project_1_Hotel/project_1_Hotel/Hotel.h" bodystart="34" bodyend="53"/>
        <references refid="dd/d7b/a00865_1a3af9c504c7230e072643d1d4255ca173" compoundref="d3/d52/a00023" startline="39" endline="42">Room::get_endDate</references>
        <references refid="dd/d7b/a00865_1a4e132b5463e45ca6d6cbd3414a822ff3" compoundref="d3/d52/a00023" startline="35" endline="38">Room::get_startDate</references>
        <references refid="d0/d82/a00857_1aacbb6e807b1d954cb30fab58d0c2310d" compoundref="d7/d46/a00002" startline="51" endline="83">Date::operator&lt;</references>
        <references refid="d0/d82/a00857_1a6a71ae41efc53b2cc1753bb20d9f3536" compoundref="d7/d46/a00002" startline="116" endline="162">Date::operator&lt;=</references>
        <references refid="d0/d82/a00857_1ae9fed8a038cf8540490f39121ee71058" compoundref="d7/d46/a00002" startline="84" endline="115">Date::operator&gt;</references>
        <references refid="d0/d82/a00857_1ab03f9972f95f3322dcf9f1585193cf35" compoundref="d7/d46/a00002" startline="163" endline="209">Date::operator&gt;=</references>
        <references refid="dd/dd5/a00861_1a9082f9b539870f5992c32d1484562a62" compoundref="d2/de7/a00014" startline="12">rooms</references>
      </memberdef>
      <memberdef kind="function" id="dd/dd5/a00861_1a170cf185f926dcea69eb90688cdffac3" prot="private" static="no" const="no" explicit="no" inline="yes" virt="non-virtual">
        <type>void</type>
        <definition>void sortRoomsByBedCount</definition>
        <argsstring>(std::vector&lt;Room&gt; rooms) </argsstring>
        <name>sortRoomsByBedCount</name>
        <param>
          <type>std::vector&lt;<ref refid="dd/d7b/a00865" kindref="compound">Room</ref>&gt;</type>
          <declname>rooms</declname>
        </param>
        <briefdescription>
<para>sorts the rooms in a hotel by their bed count </para>
        </briefdescription>
        <detaileddescription>
        </detaileddescription>
        <inbodydescription>
        </inbodydescription>
        <location file="C:/Users/Viktor/source/repos/project_1_Hotel/project_1_Hotel/Hotel.h" line="15" column="6" bodyfile="C:/Users/Viktor/source/repos/project_1_Hotel/project_1_Hotel/Hotel.h" bodystart="15" bodyend="32"/>
        <references refid="dd/d7b/a00865_1a7aaca4d4611744b793e4d80671ce88d1" compoundref="d3/d52/a00023" startline="27" endline="30">Room::get_bedCount</references>
        <references refid="dd/dd5/a00861_1a9082f9b539870f5992c32d1484562a62" compoundref="d2/de7/a00014" startline="12">rooms</references>
      </memberdef>
      </sectiondef>
      <sectiondef kind="public-func">
      <memberdef kind="function" id="dd/dd5/a00861_1a21c9a33a3bd2749b16bacc868896c01d" prot="public" static="no" const="no" explicit="no" inline="no" virt="non-virtual">
        <type></type>
        <definition>Hotel</definition>
        <argsstring>()</argsstring>
        <name>Hotel</name>
        <briefdescription>
<para>Default constructor. </para>
        </briefdescription>
        <detaileddescription>
        </detaileddescription>
        <inbodydescription>
        </inbodydescription>
        <location file="C:/Users/Viktor/source/repos/project_1_Hotel/project_1_Hotel/Hotel.h" line="89" column="1" bodyfile="C:/Users/Viktor/source/repos/project_1_Hotel/project_1_Hotel/Hotel.cpp" bodystart="7" bodyend="7"/>
      </memberdef>
      <memberdef kind="function" id="dd/dd5/a00861_1ac75dd352bfbef207b8bd78aa8ed32362" prot="public" static="no" const="no" explicit="no" inline="no" virt="non-virtual">
        <type>void</type>
        <definition>void add_room</definition>
        <argsstring>(const Room &amp;room)</argsstring>
        <name>add_room</name>
        <param>
          <type>const <ref refid="dd/d7b/a00865" kindref="compound">Room</ref> &amp;</type>
          <declname>room</declname>
        </param>
        <briefdescription>
        </briefdescription>
        <detaileddescription>
        </detaileddescription>
        <inbodydescription>
        </inbodydescription>
        <location file="C:/Users/Viktor/source/repos/project_1_Hotel/project_1_Hotel/Hotel.h" line="91" column="6"/>
      </memberdef>
      <memberdef kind="function" id="dd/dd5/a00861_1aef9516b9959d1ca118924609d14690d8" prot="public" static="no" const="no" explicit="no" inline="no" virt="non-virtual">
        <type>void</type>
        <definition>void availability</definition>
        <argsstring>(const Date date)</argsstring>
        <name>availability</name>
        <param>
          <type>const <ref refid="d0/d82/a00857" kindref="compound">Date</ref></type>
          <declname>date</declname>
        </param>
        <briefdescription>
<para>Gives free rooms on a given date. </para>
        </briefdescription>
        <detaileddescription>
        </detaileddescription>
        <inbodydescription>
        </inbodydescription>
        <location file="C:/Users/Viktor/source/repos/project_1_Hotel/project_1_Hotel/Hotel.h" line="93" column="6" bodyfile="C:/Users/Viktor/source/repos/project_1_Hotel/project_1_Hotel/Hotel.cpp" bodystart="31" bodyend="45"/>
        <referencedby refid="db/db2/a00020_1a6ec02e3e4da946664d0d01369c82b150" compoundref="db/db2/a00020" startline="10" endline="427">main</referencedby>
      </memberdef>
      <memberdef kind="function" id="dd/dd5/a00861_1aeac828a701105e76cd437d38dfdff240" prot="public" static="no" const="no" explicit="no" inline="no" virt="non-virtual">
        <type>void</type>
        <definition>void checkin</definition>
        <argsstring>(int room, const Date startingDate, const Date endDate, std::string guests)</argsstring>
        <name>checkin</name>
        <param>
          <type>int</type>
          <declname>room</declname>
        </param>
        <param>
          <type>const <ref refid="d0/d82/a00857" kindref="compound">Date</ref></type>
          <declname>startingDate</declname>
        </param>
        <param>
          <type>const <ref refid="d0/d82/a00857" kindref="compound">Date</ref></type>
          <declname>endDate</declname>
        </param>
        <param>
          <type>std::string</type>
          <declname>guests</declname>
        </param>
        <briefdescription>
<para>Checks in a guest to the hotel if there is an appropriate room. </para>
        </briefdescription>
        <detaileddescription>
        </detaileddescription>
        <inbodydescription>
        </inbodydescription>
        <location file="C:/Users/Viktor/source/repos/project_1_Hotel/project_1_Hotel/Hotel.h" line="92" column="6" bodyfile="C:/Users/Viktor/source/repos/project_1_Hotel/project_1_Hotel/Hotel.cpp" bodystart="14" bodyend="29"/>
      </memberdef>
      <memberdef kind="function" id="dd/dd5/a00861_1a75101e30c7330012a0fc8d979efc673a" prot="public" static="no" const="no" explicit="no" inline="no" virt="non-virtual">
        <type>void</type>
        <definition>void checkout</definition>
        <argsstring>(int rooms)</argsstring>
        <name>checkout</name>
        <param>
          <type>int</type>
          <declname>rooms</declname>
        </param>
        <briefdescription>
<para>Frees up a foom. </para>
        </briefdescription>
        <detaileddescription>
        </detaileddescription>
        <inbodydescription>
        </inbodydescription>
        <location file="C:/Users/Viktor/source/repos/project_1_Hotel/project_1_Hotel/Hotel.h" line="94" column="6" bodyfile="C:/Users/Viktor/source/repos/project_1_Hotel/project_1_Hotel/Hotel.cpp" bodystart="47" bodyend="59"/>
        <referencedby refid="db/db2/a00020_1a6ec02e3e4da946664d0d01369c82b150" compoundref="db/db2/a00020" startline="10" endline="427">main</referencedby>
      </memberdef>
      <memberdef kind="function" id="dd/dd5/a00861_1a0a49b7969e10575de37e8aba7c4dd937" prot="public" static="no" const="no" explicit="no" inline="no" virt="non-virtual">
        <type>void</type>
        <definition>void find</definition>
        <argsstring>(int beds, const Date startingDate, const Date endDate)</argsstring>
        <name>find</name>
        <param>
          <type>int</type>
          <declname>beds</declname>
        </param>
        <param>
          <type>const <ref refid="d0/d82/a00857" kindref="compound">Date</ref></type>
          <declname>startingDate</declname>
        </param>
        <param>
          <type>const <ref refid="d0/d82/a00857" kindref="compound">Date</ref></type>
          <declname>endDate</declname>
        </param>
        <briefdescription>
<para>Returns a compatible room. </para>
        </briefdescription>
        <detaileddescription>
        </detaileddescription>
        <inbodydescription>
        </inbodydescription>
        <location file="C:/Users/Viktor/source/repos/project_1_Hotel/project_1_Hotel/Hotel.h" line="96" column="6" bodyfile="C:/Users/Viktor/source/repos/project_1_Hotel/project_1_Hotel/Hotel.cpp" bodystart="91" bodyend="109"/>
        <referencedby refid="db/db2/a00020_1a6ec02e3e4da946664d0d01369c82b150" compoundref="db/db2/a00020" startline="10" endline="427">main</referencedby>
      </memberdef>
      <memberdef kind="function" id="dd/dd5/a00861_1ae5cb5af1b77615794d50572367881333" prot="public" static="no" const="no" explicit="no" inline="no" virt="non-virtual">
        <type>void</type>
        <definition>void print</definition>
        <argsstring>(std::ofstream &amp;file)</argsstring>
        <name>print</name>
        <param>
          <type>std::ofstream &amp;</type>
          <declname>file</declname>
        </param>
        <briefdescription>
<para>prins information for each room of the hotel </para>
        </briefdescription>
        <detaileddescription>
        </detaileddescription>
        <inbodydescription>
        </inbodydescription>
        <location file="C:/Users/Viktor/source/repos/project_1_Hotel/project_1_Hotel/Hotel.h" line="99" column="6" bodyfile="C:/Users/Viktor/source/repos/project_1_Hotel/project_1_Hotel/Hotel.cpp" bodystart="158" bodyend="171"/>
      </memberdef>
      <memberdef kind="function" id="dd/dd5/a00861_1a669000024ceb6e7849af5a21038f70fc" prot="public" static="no" const="no" explicit="no" inline="no" virt="non-virtual">
        <type>void</type>
        <definition>void report</definition>
        <argsstring>(const Date startingDate, const Date endDate)</argsstring>
        <name>report</name>
        <param>
          <type>const <ref refid="d0/d82/a00857" kindref="compound">Date</ref></type>
          <declname>startingDate</declname>
        </param>
        <param>
          <type>const <ref refid="d0/d82/a00857" kindref="compound">Date</ref></type>
          <declname>endDate</declname>
        </param>
        <briefdescription>
<para>Returns days of use for each room between two dates. </para>
        </briefdescription>
        <detaileddescription>
        </detaileddescription>
        <inbodydescription>
        </inbodydescription>
        <location file="C:/Users/Viktor/source/repos/project_1_Hotel/project_1_Hotel/Hotel.h" line="95" column="6" bodyfile="C:/Users/Viktor/source/repos/project_1_Hotel/project_1_Hotel/Hotel.cpp" bodystart="61" bodyend="89"/>
        <referencedby refid="db/db2/a00020_1a6ec02e3e4da946664d0d01369c82b150" compoundref="db/db2/a00020" startline="10" endline="427">main</referencedby>
      </memberdef>
      <memberdef kind="function" id="dd/dd5/a00861_1a8dc1fb5216d4613f733534d3966ef3c1" prot="public" static="no" const="no" explicit="no" inline="no" virt="non-virtual">
        <type>void</type>
        <definition>void unavailable</definition>
        <argsstring>(int room, const Date startingDate, const Date endDate, std::string note)</argsstring>
        <name>unavailable</name>
        <param>
          <type>int</type>
          <declname>room</declname>
        </param>
        <param>
          <type>const <ref refid="d0/d82/a00857" kindref="compound">Date</ref></type>
          <declname>startingDate</declname>
        </param>
        <param>
          <type>const <ref refid="d0/d82/a00857" kindref="compound">Date</ref></type>
          <declname>endDate</declname>
        </param>
        <param>
          <type>std::string</type>
          <declname>note</declname>
        </param>
        <briefdescription>
<para>Makes a room unavailable. </para>
        </briefdescription>
        <detaileddescription>
        </detaileddescription>
        <inbodydescription>
        </inbodydescription>
        <location file="C:/Users/Viktor/source/repos/project_1_Hotel/project_1_Hotel/Hotel.h" line="98" column="6" bodyfile="C:/Users/Viktor/source/repos/project_1_Hotel/project_1_Hotel/Hotel.cpp" bodystart="145" bodyend="156"/>
      </memberdef>
      <memberdef kind="function" id="dd/dd5/a00861_1a20086835a2ab355edd9d113f216d5726" prot="public" static="no" const="no" explicit="no" inline="no" virt="non-virtual">
        <type>void</type>
        <definition>void VIP_find</definition>
        <argsstring>(int beds, const Date startingDate, const Date endDate)</argsstring>
        <name>VIP_find</name>
        <param>
          <type>int</type>
          <declname>beds</declname>
        </param>
        <param>
          <type>const <ref refid="d0/d82/a00857" kindref="compound">Date</ref></type>
          <declname>startingDate</declname>
        </param>
        <param>
          <type>const <ref refid="d0/d82/a00857" kindref="compound">Date</ref></type>
          <declname>endDate</declname>
        </param>
        <briefdescription>
<para>Removes guests from rooms in case the hotel is full so that the VIP guests can be checked in. </para>
        </briefdescription>
        <detaileddescription>
        </detaileddescription>
        <inbodydescription>
        </inbodydescription>
        <location file="C:/Users/Viktor/source/repos/project_1_Hotel/project_1_Hotel/Hotel.h" line="97" column="6" bodyfile="C:/Users/Viktor/source/repos/project_1_Hotel/project_1_Hotel/Hotel.cpp" bodystart="111" bodyend="143"/>
        <referencedby refid="db/db2/a00020_1a6ec02e3e4da946664d0d01369c82b150" compoundref="db/db2/a00020" startline="10" endline="427">main</referencedby>
      </memberdef>
      </sectiondef>
    <briefdescription>
<para>Class that defines a <ref refid="dd/dd5/a00861" kindref="compound">Hotel</ref>. </para>
    </briefdescription>
    <detaileddescription>
    </detaileddescription>
    <location file="C:/Users/Viktor/source/repos/project_1_Hotel/project_1_Hotel/Hotel.h" line="9" column="1" bodyfile="C:/Users/Viktor/source/repos/project_1_Hotel/project_1_Hotel/Hotel.h" bodystart="10" bodyend="101"/>
    <listofallmembers>
      <member refid="dd/dd5/a00861_1ac75dd352bfbef207b8bd78aa8ed32362" prot="public" virt="non-virtual"><scope>Hotel</scope><name>add_room</name></member>
      <member refid="dd/dd5/a00861_1aef9516b9959d1ca118924609d14690d8" prot="public" virt="non-virtual"><scope>Hotel</scope><name>availability</name></member>
      <member refid="dd/dd5/a00861_1aeac828a701105e76cd437d38dfdff240" prot="public" virt="non-virtual"><scope>Hotel</scope><name>checkin</name></member>
      <member refid="dd/dd5/a00861_1a75101e30c7330012a0fc8d979efc673a" prot="public" virt="non-virtual"><scope>Hotel</scope><name>checkout</name></member>
      <member refid="dd/dd5/a00861_1a9975597c519911e07014a35c85c49306" prot="private" virt="non-virtual"><scope>Hotel</scope><name>countLeapYears</name></member>
      <member refid="dd/dd5/a00861_1a84a3046ac54fc4db044fc1d23b496813" prot="private" virt="non-virtual"><scope>Hotel</scope><name>daysBetweenTwoDates</name></member>
      <member refid="dd/dd5/a00861_1a0a49b7969e10575de37e8aba7c4dd937" prot="public" virt="non-virtual"><scope>Hotel</scope><name>find</name></member>
      <member refid="dd/dd5/a00861_1a21c9a33a3bd2749b16bacc868896c01d" prot="public" virt="non-virtual"><scope>Hotel</scope><name>Hotel</name></member>
      <member refid="dd/dd5/a00861_1a16f6bbc3369852ca579193434a8262e8" prot="private" virt="non-virtual"><scope>Hotel</scope><name>isFree</name></member>
      <member refid="dd/dd5/a00861_1ae5cb5af1b77615794d50572367881333" prot="public" virt="non-virtual"><scope>Hotel</scope><name>print</name></member>
      <member refid="dd/dd5/a00861_1a669000024ceb6e7849af5a21038f70fc" prot="public" virt="non-virtual"><scope>Hotel</scope><name>report</name></member>
      <member refid="dd/dd5/a00861_1a9082f9b539870f5992c32d1484562a62" prot="private" virt="non-virtual"><scope>Hotel</scope><name>rooms</name></member>
      <member refid="dd/dd5/a00861_1a170cf185f926dcea69eb90688cdffac3" prot="private" virt="non-virtual"><scope>Hotel</scope><name>sortRoomsByBedCount</name></member>
      <member refid="dd/dd5/a00861_1a8dc1fb5216d4613f733534d3966ef3c1" prot="public" virt="non-virtual"><scope>Hotel</scope><name>unavailable</name></member>
      <member refid="dd/dd5/a00861_1a20086835a2ab355edd9d113f216d5726" prot="public" virt="non-virtual"><scope>Hotel</scope><name>VIP_find</name></member>
    </listofallmembers>
  </compounddef>
</doxygen>
